panel,case,kind,method,method_name,mesh_role,level,iteration,source,points,faces,cells,edges,png
3-8a,sphere,static,PLIC_PL,PLIC / PL,surface triangle mesh,0,,sphere_mesh.generate_mesh(0),12,20,,,Figure_3-8a_sphere_level_00_PLIC_PL.png
3-8a,sphere,static,Evrard_type_paraboloid,Evrard-type paraboloid,surface triangle mesh,0,,sphere_mesh.generate_mesh(0),12,20,,,Figure_3-8a_sphere_level_00_Evrard_type_paraboloid.png
3-8a,sphere,static,THINC_QQ,THINC/QQ,surface triangle mesh,0,,sphere_mesh.generate_mesh(0),12,20,,,Figure_3-8a_sphere_level_00_THINC_QQ.png
3-8a,sphere,static,Strobl_sphere_overlap,Strobl sphere/hex overlap,fitted-sphere hexahedral overlap grid (central cross-section preview),0,,sphere_mesh.generate_mesh(0); Strobl fitted-sphere hexgrid,125,,,300,Figure_3-8a_sphere_level_00_Strobl_sphere_overlap.png
3-8a,sphere,static,Present_quadric_patch,Present quadric patch,surface triangle mesh,0,,sphere_mesh.generate_mesh(0),12,20,,,Figure_3-8a_sphere_level_00_Present_quadric_patch.png
3-8a,sphere,static,PLIC_PL,PLIC / PL,surface triangle mesh,1,,sphere_mesh.generate_mesh(1),42,80,,,Figure_3-8a_sphere_level_01_PLIC_PL.png
3-8a,sphere,static,Evrard_type_paraboloid,Evrard-type paraboloid,surface triangle mesh,1,,sphere_mesh.generate_mesh(1),42,80,,,Figure_3-8a_sphere_level_01_Evrard_type_paraboloid.png
3-8a,sphere,static,THINC_QQ,THINC/QQ,surface triangle mesh,1,,sphere_mesh.generate_mesh(1),42,80,,,Figure_3-8a_sphere_level_01_THINC_QQ.png
3-8a,sphere,static,Strobl_sphere_overlap,Strobl sphere/hex overlap,fitted-sphere hexahedral overlap grid (central cross-section preview),1,,sphere_mesh.generate_mesh(1); Strobl fitted-sphere hexgrid,125,,,300,Figure_3-8a_sphere_level_01_Strobl_sphere_overlap.png
3-8a,sphere,static,Present_quadric_patch,Present quadric patch,surface triangle mesh,1,,sphere_mesh.generate_mesh(1),42,80,,,Figure_3-8a_sphere_level_01_Present_quadric_patch.png
3-8a,sphere,static,PLIC_PL,PLIC / PL,surface triangle mesh,2,,sphere_mesh.generate_mesh(2),162,320,,,Figure_3-8a_sphere_level_02_PLIC_PL.png
3-8a,sphere,static,Evrard_type_paraboloid,Evrard-type paraboloid,surface triangle mesh,2,,sphere_mesh.generate_mesh(2),162,320,,,Figure_3-8a_sphere_level_02_Evrard_type_paraboloid.png
3-8a,sphere,static,THINC_QQ,THINC/QQ,surface triangle mesh,2,,sphere_mesh.generate_mesh(2),162,320,,,Figure_3-8a_sphere_level_02_THINC_QQ.png
3-8a,sphere,static,Strobl_sphere_overlap,Strobl sphere/hex overlap,fitted-sphere hexahedral overlap grid (central cross-section preview),2,,sphere_mesh.generate_mesh(2); Strobl fitted-sphere hexgrid,125,,,300,Figure_3-8a_sphere_level_02_Strobl_sphere_overlap.png
3-8a,sphere,static,Present_quadric_patch,Present quadric patch,surface triangle mesh,2,,sphere_mesh.generate_mesh(2),162,320,,,Figure_3-8a_sphere_level_02_Present_quadric_patch.png
3-8a,sphere,static,PLIC_PL,PLIC / PL,surface triangle mesh,3,,sphere_mesh.generate_mesh(3),642,1280,,,Figure_3-8a_sphere_level_03_PLIC_PL.png
3-8a,sphere,static,Evrard_type_paraboloid,Evrard-type paraboloid,surface triangle mesh,3,,sphere_mesh.generate_mesh(3),642,1280,,,Figure_3-8a_sphere_level_03_Evrard_type_paraboloid.png
3-8a,sphere,static,THINC_QQ,THINC/QQ,surface triangle mesh,3,,sphere_mesh.generate_mesh(3),642,1280,,,Figure_3-8a_sphere_level_03_THINC_QQ.png
3-8a,sphere,static,Strobl_sphere_overlap,Strobl sphere/hex overlap,fitted-sphere hexahedral overlap grid (central cross-section preview),3,,sphere_mesh.generate_mesh(3); Strobl fitted-sphere hexgrid,125,,,300,Figure_3-8a_sphere_level_03_Strobl_sphere_overlap.png
3-8a,sphere,static,Present_quadric_patch,Present quadric patch,surface triangle mesh,3,,sphere_mesh.generate_mesh(3),642,1280,,,Figure_3-8a_sphere_level_03_Present_quadric_patch.png
3-8b,cylinder,static,PLIC_PL,PLIC / PL,surface triangle mesh,0,,cylinder_mesh.generate_mesh(0),229,374,,,Figure_3-8b_cylinder_level_00_PLIC_PL.png
3-8b,cylinder,static,Evrard_type_paraboloid,Evrard-type paraboloid,surface triangle mesh,0,,cylinder_mesh.generate_mesh(0),229,374,,,Figure_3-8b_cylinder_level_00_Evrard_type_paraboloid.png
3-8b,cylinder,static,THINC_QQ,THINC/QQ,surface triangle mesh,0,,cylinder_mesh.generate_mesh(0),229,374,,,Figure_3-8b_cylinder_level_00_THINC_QQ.png
3-8b,cylinder,static,Strobl_sphere_overlap,Strobl sphere/hex overlap,fitted-sphere hexahedral overlap grid (central cross-section preview),0,,cylinder_mesh.generate_mesh(0); Strobl fitted-sphere hexgrid,125,,,300,Figure_3-8b_cylinder_level_00_Strobl_sphere_overlap.png
3-8b,cylinder,static,Present_quadric_patch,Present quadric patch,surface triangle mesh,0,,cylinder_mesh.generate_mesh(0),229,374,,,Figure_3-8b_cylinder_level_00_Present_quadric_patch.png
3-8b,cylinder,static,PLIC_PL,PLIC / PL,surface triangle mesh,1,,cylinder_mesh.generate_mesh(1),790,1496,,,Figure_3-8b_cylinder_level_01_PLIC_PL.png
3-8b,cylinder,static,Evrard_type_paraboloid,Evrard-type paraboloid,surface triangle mesh,1,,cylinder_mesh.generate_mesh(1),790,1496,,,Figure_3-8b_cylinder_level_01_Evrard_type_paraboloid.png
3-8b,cylinder,static,THINC_QQ,THINC/QQ,surface triangle mesh,1,,cylinder_mesh.generate_mesh(1),790,1496,,,Figure_3-8b_cylinder_level_01_THINC_QQ.png
3-8b,cylinder,static,Strobl_sphere_overlap,Strobl sphere/hex overlap,fitted-sphere hexahedral overlap grid (central cross-section preview),1,,cylinder_mesh.generate_mesh(1); Strobl fitted-sphere hexgrid,125,,,300,Figure_3-8b_cylinder_level_01_Strobl_sphere_overlap.png
3-8b,cylinder,static,Present_quadric_patch,Present quadric patch,surface triangle mesh,1,,cylinder_mesh.generate_mesh(1),790,1496,,,Figure_3-8b_cylinder_level_01_Present_quadric_patch.png
3-8b,cylinder,static,PLIC_PL,PLIC / PL,surface triangle mesh,2,,cylinder_mesh.generate_mesh(2),3034,5984,,,Figure_3-8b_cylinder_level_02_PLIC_PL.png
3-8b,cylinder,static,Evrard_type_paraboloid,Evrard-type paraboloid,surface triangle mesh,2,,cylinder_mesh.generate_mesh(2),3034,5984,,,Figure_3-8b_cylinder_level_02_Evrard_type_paraboloid.png
3-8b,cylinder,static,THINC_QQ,THINC/QQ,surface triangle mesh,2,,cylinder_mesh.generate_mesh(2),3034,5984,,,Figure_3-8b_cylinder_level_02_THINC_QQ.png
3-8b,cylinder,static,Strobl_sphere_overlap,Strobl sphere/hex overlap,fitted-sphere hexahedral overlap grid (central cross-section preview),2,,cylinder_mesh.generate_mesh(2); Strobl fitted-sphere hexgrid,125,,,300,Figure_3-8b_cylinder_level_02_Strobl_sphere_overlap.png
3-8b,cylinder,static,Present_quadric_patch,Present quadric patch,surface triangle mesh,2,,cylinder_mesh.generate_mesh(2),3034,5984,,,Figure_3-8b_cylinder_level_02_Present_quadric_patch.png
3-8b,cylinder,static,PLIC_PL,PLIC / PL,surface triangle mesh,3,,cylinder_mesh.generate_mesh(3),12010,23936,,,Figure_3-8b_cylinder_level_03_PLIC_PL.png
3-8b,cylinder,static,Evrard_type_paraboloid,Evrard-type paraboloid,surface triangle mesh,3,,cylinder_mesh.generate_mesh(3),12010,23936,,,Figure_3-8b_cylinder_level_03_Evrard_type_paraboloid.png
3-8b,cylinder,static,THINC_QQ,THINC/QQ,surface triangle mesh,3,,cylinder_mesh.generate_mesh(3),12010,23936,,,Figure_3-8b_cylinder_level_03_THINC_QQ.png
3-8b,cylinder,static,Strobl_sphere_overlap,Strobl sphere/hex overlap,fitted-sphere hexahedral overlap grid (central cross-section preview),3,,cylinder_mesh.generate_mesh(3); Strobl fitted-sphere hexgrid,125,,,300,Figure_3-8b_cylinder_level_03_Strobl_sphere_overlap.png
3-8b,cylinder,static,Present_quadric_patch,Present quadric patch,surface triangle mesh,3,,cylinder_mesh.generate_mesh(3),12010,23936,,,Figure_3-8b_cylinder_level_03_Present_quadric_patch.png
3-8c,paraboloid,static,PLIC_PL,PLIC / PL,surface triangle mesh,0,,paraboloid_mesh.generate_mesh(0),97,174,,,Figure_3-8c_paraboloid_level_00_PLIC_PL.png
3-8c,paraboloid,static,Evrard_type_paraboloid,Evrard-type paraboloid,Evrard background tetrahedral mesh (3D wireframe cutaway preview),0,,paraboloid_mesh.generate_evrard_background_tets(0),185,600,720,,Figure_3-8c_paraboloid_level_00_Evrard_type_paraboloid.png
3-8c,paraboloid,static,THINC_QQ,THINC/QQ,surface triangle mesh,0,,paraboloid_mesh.generate_mesh(0),97,174,,,Figure_3-8c_paraboloid_level_00_THINC_QQ.png
3-8c,paraboloid,static,Strobl_sphere_overlap,Strobl sphere/hex overlap,fitted-sphere hexahedral overlap grid (central cross-section preview),0,,paraboloid_mesh.generate_mesh(0); Strobl fitted-sphere hexgrid,125,,,300,Figure_3-8c_paraboloid_level_00_Strobl_sphere_overlap.png
3-8c,paraboloid,static,Present_quadric_patch,Present quadric patch,surface triangle mesh,0,,paraboloid_mesh.generate_mesh(0),97,174,,,Figure_3-8c_paraboloid_level_00_Present_quadric_patch.png
3-8c,paraboloid,static,PLIC_PL,PLIC / PL,surface triangle mesh,1,,paraboloid_mesh.generate_mesh(1),358,696,,,Figure_3-8c_paraboloid_level_01_PLIC_PL.png
3-8c,paraboloid,static,Evrard_type_paraboloid,Evrard-type paraboloid,Evrard background tetrahedral mesh (3D wireframe cutaway preview),1,,paraboloid_mesh.generate_evrard_background_tets(1),819,2916,3888,,Figure_3-8c_paraboloid_level_01_Evrard_type_paraboloid.png
3-8c,paraboloid,static,THINC_QQ,THINC/QQ,surface triangle mesh,1,,paraboloid_mesh.generate_mesh(1),358,696,,,Figure_3-8c_paraboloid_level_01_THINC_QQ.png
3-8c,paraboloid,static,Strobl_sphere_overlap,Strobl sphere/hex overlap,fitted-sphere hexahedral overlap grid (central cross-section preview),1,,paraboloid_mesh.generate_mesh(1); Strobl fitted-sphere hexgrid,125,,,300,Figure_3-8c_paraboloid_level_01_Strobl_sphere_overlap.png
3-8c,paraboloid,static,Present_quadric_patch,Present quadric patch,surface triangle mesh,1,,paraboloid_mesh.generate_mesh(1),358,696,,,Figure_3-8c_paraboloid_level_01_Present_quadric_patch.png
3-8c,paraboloid,static,PLIC_PL,PLIC / PL,surface triangle mesh,2,,paraboloid_mesh.generate_mesh(2),1402,2784,,,Figure_3-8c_paraboloid_level_02_PLIC_PL.png
3-8c,paraboloid,static,Evrard_type_paraboloid,Evrard-type paraboloid,Evrard background tetrahedral mesh (3D wireframe cutaway preview),2,,paraboloid_mesh.generate_evrard_background_tets(2),3825,14280,20160,,Figure_3-8c_paraboloid_level_02_Evrard_type_paraboloid.png
3-8c,paraboloid,static,THINC_QQ,THINC/QQ,surface triangle mesh,2,,paraboloid_mesh.generate_mesh(2),1402,2784,,,Figure_3-8c_paraboloid_level_02_THINC_QQ.png
3-8c,paraboloid,static,Strobl_sphere_overlap,Strobl sphere/hex overlap,fitted-sphere hexahedral overlap grid (central cross-section preview),2,,paraboloid_mesh.generate_mesh(2); Strobl fitted-sphere hexgrid,125,,,300,Figure_3-8c_paraboloid_level_02_Strobl_sphere_overlap.png
3-8c,paraboloid,static,Present_quadric_patch,Present quadric patch,surface triangle mesh,2,,paraboloid_mesh.generate_mesh(2),1402,2784,,,Figure_3-8c_paraboloid_level_02_Present_quadric_patch.png
3-8c,paraboloid,static,PLIC_PL,PLIC / PL,surface triangle mesh,3,,paraboloid_mesh.generate_mesh(3),5578,11136,,,Figure_3-8c_paraboloid_level_03_PLIC_PL.png
3-8c,paraboloid,static,Evrard_type_paraboloid,Evrard-type paraboloid,Evrard background tetrahedral mesh (3D wireframe cutaway preview),3,,paraboloid_mesh.generate_evrard_background_tets(3),98833,386904,568512,,Figure_3-8c_paraboloid_level_03_Evrard_type_paraboloid.png
3-8c,paraboloid,static,THINC_QQ,THINC/QQ,surface triangle mesh,3,,paraboloid_mesh.generate_mesh(3),5578,11136,,,Figure_3-8c_paraboloid_level_03_THINC_QQ.png
3-8c,paraboloid,static,Strobl_sphere_overlap,Strobl sphere/hex overlap,fitted-sphere hexahedral overlap grid (central cross-section preview),3,,paraboloid_mesh.generate_mesh(3); Strobl fitted-sphere hexgrid,125,,,300,Figure_3-8c_paraboloid_level_03_Strobl_sphere_overlap.png
3-8c,paraboloid,static,Present_quadric_patch,Present quadric patch,surface triangle mesh,3,,paraboloid_mesh.generate_mesh(3),5578,11136,,,Figure_3-8c_paraboloid_level_03_Present_quadric_patch.png
3-8d,hyperboloid,static,PLIC_PL,PLIC / PL,surface triangle mesh,0,,hyperboloid_mesh.generate_mesh(0),129,238,,,Figure_3-8d_hyperboloid_level_00_PLIC_PL.png
3-8d,hyperboloid,static,Evrard_type_paraboloid,Evrard-type paraboloid,surface triangle mesh,0,,hyperboloid_mesh.generate_mesh(0),129,238,,,Figure_3-8d_hyperboloid_level_00_Evrard_type_paraboloid.png
3-8d,hyperboloid,static,THINC_QQ,THINC/QQ,surface triangle mesh,0,,hyperboloid_mesh.generate_mesh(0),129,238,,,Figure_3-8d_hyperboloid_level_00_THINC_QQ.png
3-8d,hyperboloid,static,Strobl_sphere_overlap,Strobl sphere/hex overlap,fitted-sphere hexahedral overlap grid (central cross-section preview),0,,hyperboloid_mesh.generate_mesh(0); Strobl fitted-sphere hexgrid,125,,,300,Figure_3-8d_hyperboloid_level_00_Strobl_sphere_overlap.png
3-8d,hyperboloid,static,Present_quadric_patch,Present quadric patch,surface triangle mesh,0,,hyperboloid_mesh.generate_mesh(0),129,238,,,Figure_3-8d_hyperboloid_level_00_Present_quadric_patch.png
3-8d,hyperboloid,static,PLIC_PL,PLIC / PL,surface triangle mesh,1,,hyperboloid_mesh.generate_mesh(1),486,952,,,Figure_3-8d_hyperboloid_level_01_PLIC_PL.png
3-8d,hyperboloid,static,Evrard_type_paraboloid,Evrard-type paraboloid,surface triangle mesh,1,,hyperboloid_mesh.generate_mesh(1),486,952,,,Figure_3-8d_hyperboloid_level_01_Evrard_type_paraboloid.png
3-8d,hyperboloid,static,THINC_QQ,THINC/QQ,surface triangle mesh,1,,hyperboloid_mesh.generate_mesh(1),486,952,,,Figure_3-8d_hyperboloid_level_01_THINC_QQ.png
3-8d,hyperboloid,static,Strobl_sphere_overlap,Strobl sphere/hex overlap,fitted-sphere hexahedral overlap grid (central cross-section preview),1,,hyperboloid_mesh.generate_mesh(1); Strobl fitted-sphere hexgrid,125,,,300,Figure_3-8d_hyperboloid_level_01_Strobl_sphere_overlap.png
3-8d,hyperboloid,static,Present_quadric_patch,Present quadric patch,surface triangle mesh,1,,hyperboloid_mesh.generate_mesh(1),486,952,,,Figure_3-8d_hyperboloid_level_01_Present_quadric_patch.png
3-8d,hyperboloid,static,PLIC_PL,PLIC / PL,surface triangle mesh,2,,hyperboloid_mesh.generate_mesh(2),1914,3808,,,Figure_3-8d_hyperboloid_level_02_PLIC_PL.png
3-8d,hyperboloid,static,Evrard_type_paraboloid,Evrard-type paraboloid,surface triangle mesh,2,,hyperboloid_mesh.generate_mesh(2),1914,3808,,,Figure_3-8d_hyperboloid_level_02_Evrard_type_paraboloid.png
3-8d,hyperboloid,static,THINC_QQ,THINC/QQ,surface triangle mesh,2,,hyperboloid_mesh.generate_mesh(2),1914,3808,,,Figure_3-8d_hyperboloid_level_02_THINC_QQ.png
3-8d,hyperboloid,static,Strobl_sphere_overlap,Strobl sphere/hex overlap,fitted-sphere hexahedral overlap grid (central cross-section preview),2,,hyperboloid_mesh.generate_mesh(2); Strobl fitted-sphere hexgrid,125,,,300,Figure_3-8d_hyperboloid_level_02_Strobl_sphere_overlap.png
3-8d,hyperboloid,static,Present_quadric_patch,Present quadric patch,surface triangle mesh,2,,hyperboloid_mesh.generate_mesh(2),1914,3808,,,Figure_3-8d_hyperboloid_level_02_Present_quadric_patch.png
3-8d,hyperboloid,static,PLIC_PL,PLIC / PL,surface triangle mesh,3,,hyperboloid_mesh.generate_mesh(3),7626,15232,,,Figure_3-8d_hyperboloid_level_03_PLIC_PL.png
3-8d,hyperboloid,static,Evrard_type_paraboloid,Evrard-type paraboloid,surface triangle mesh,3,,hyperboloid_mesh.generate_mesh(3),7626,15232,,,Figure_3-8d_hyperboloid_level_03_Evrard_type_paraboloid.png
3-8d,hyperboloid,static,THINC_QQ,THINC/QQ,surface triangle mesh,3,,hyperboloid_mesh.generate_mesh(3),7626,15232,,,Figure_3-8d_hyperboloid_level_03_THINC_QQ.png
3-8d,hyperboloid,static,Strobl_sphere_overlap,Strobl sphere/hex overlap,fitted-sphere hexahedral overlap grid (central cross-section preview),3,,hyperboloid_mesh.generate_mesh(3); Strobl fitted-sphere hexgrid,125,,,300,Figure_3-8d_hyperboloid_level_03_Strobl_sphere_overlap.png
3-8d,hyperboloid,static,Present_quadric_patch,Present quadric patch,surface triangle mesh,3,,hyperboloid_mesh.generate_mesh(3),7626,15232,,,Figure_3-8d_hyperboloid_level_03_Present_quadric_patch.png
3-8e,parabolic_cylinder,static,PLIC_PL,PLIC / PL,surface triangle mesh,1,,parabolic_cylinder_mesh.generate_mesh(1),114,224,,,Figure_3-8e_parabolic_cylinder_level_01_PLIC_PL.png
3-8e,parabolic_cylinder,static,Evrard_type_paraboloid,Evrard-type paraboloid,surface triangle mesh,1,,parabolic_cylinder_mesh.generate_mesh(1),114,224,,,Figure_3-8e_parabolic_cylinder_level_01_Evrard_type_paraboloid.png
3-8e,parabolic_cylinder,static,THINC_QQ,THINC/QQ,surface triangle mesh,1,,parabolic_cylinder_mesh.generate_mesh(1),114,224,,,Figure_3-8e_parabolic_cylinder_level_01_THINC_QQ.png
3-8e,parabolic_cylinder,static,Strobl_sphere_overlap,Strobl sphere/hex overlap,fitted-sphere hexahedral overlap grid (central cross-section preview),1,,parabolic_cylinder_mesh.generate_mesh(1); Strobl fitted-sphere hexgrid,125,,,300,Figure_3-8e_parabolic_cylinder_level_01_Strobl_sphere_overlap.png
3-8e,parabolic_cylinder,static,Present_quadric_patch,Present quadric patch,surface triangle mesh,1,,parabolic_cylinder_mesh.generate_mesh(1),114,224,,,Figure_3-8e_parabolic_cylinder_level_01_Present_quadric_patch.png
3-8e,parabolic_cylinder,static,PLIC_PL,PLIC / PL,surface triangle mesh,2,,parabolic_cylinder_mesh.generate_mesh(2),450,896,,,Figure_3-8e_parabolic_cylinder_level_02_PLIC_PL.png
3-8e,parabolic_cylinder,static,Evrard_type_paraboloid,Evrard-type paraboloid,surface triangle mesh,2,,parabolic_cylinder_mesh.generate_mesh(2),450,896,,,Figure_3-8e_parabolic_cylinder_level_02_Evrard_type_paraboloid.png
3-8e,parabolic_cylinder,static,THINC_QQ,THINC/QQ,surface triangle mesh,2,,parabolic_cylinder_mesh.generate_mesh(2),450,896,,,Figure_3-8e_parabolic_cylinder_level_02_THINC_QQ.png
3-8e,parabolic_cylinder,static,Strobl_sphere_overlap,Strobl sphere/hex overlap,fitted-sphere hexahedral overlap grid (central cross-section preview),2,,parabolic_cylinder_mesh.generate_mesh(2); Strobl fitted-sphere hexgrid,125,,,300,Figure_3-8e_parabolic_cylinder_level_02_Strobl_sphere_overlap.png
3-8e,parabolic_cylinder,static,Present_quadric_patch,Present quadric patch,surface triangle mesh,2,,parabolic_cylinder_mesh.generate_mesh(2),450,896,,,Figure_3-8e_parabolic_cylinder_level_02_Present_quadric_patch.png
3-8e,parabolic_cylinder,static,PLIC_PL,PLIC / PL,surface triangle mesh,3,,parabolic_cylinder_mesh.generate_mesh(3),1794,3584,,,Figure_3-8e_parabolic_cylinder_level_03_PLIC_PL.png
3-8e,parabolic_cylinder,static,Evrard_type_paraboloid,Evrard-type paraboloid,surface triangle mesh,3,,parabolic_cylinder_mesh.generate_mesh(3),1794,3584,,,Figure_3-8e_parabolic_cylinder_level_03_Evrard_type_paraboloid.png
3-8e,parabolic_cylinder,static,THINC_QQ,THINC/QQ,surface triangle mesh,3,,parabolic_cylinder_mesh.generate_mesh(3),1794,3584,,,Figure_3-8e_parabolic_cylinder_level_03_THINC_QQ.png
3-8e,parabolic_cylinder,static,Strobl_sphere_overlap,Strobl sphere/hex overlap,fitted-sphere hexahedral overlap grid (central cross-section preview),3,,parabolic_cylinder_mesh.generate_mesh(3); Strobl fitted-sphere hexgrid,125,,,300,Figure_3-8e_parabolic_cylinder_level_03_Strobl_sphere_overlap.png
3-8e,parabolic_cylinder,static,Present_quadric_patch,Present quadric patch,surface triangle mesh,3,,parabolic_cylinder_mesh.generate_mesh(3),1794,3584,,,Figure_3-8e_parabolic_cylinder_level_03_Present_quadric_patch.png
3-8e,parabolic_cylinder,static,PLIC_PL,PLIC / PL,surface triangle mesh,4,,parabolic_cylinder_mesh.generate_mesh(4),7170,14336,,,Figure_3-8e_parabolic_cylinder_level_04_PLIC_PL.png
3-8e,parabolic_cylinder,static,Evrard_type_paraboloid,Evrard-type paraboloid,surface triangle mesh,4,,parabolic_cylinder_mesh.generate_mesh(4),7170,14336,,,Figure_3-8e_parabolic_cylinder_level_04_Evrard_type_paraboloid.png
3-8e,parabolic_cylinder,static,THINC_QQ,THINC/QQ,surface triangle mesh,4,,parabolic_cylinder_mesh.generate_mesh(4),7170,14336,,,Figure_3-8e_parabolic_cylinder_level_04_THINC_QQ.png
3-8e,parabolic_cylinder,static,Strobl_sphere_overlap,Strobl sphere/hex overlap,fitted-sphere hexahedral overlap grid (central cross-section preview),4,,parabolic_cylinder_mesh.generate_mesh(4); Strobl fitted-sphere hexgrid,125,,,300,Figure_3-8e_parabolic_cylinder_level_04_Strobl_sphere_overlap.png
3-8e,parabolic_cylinder,static,Present_quadric_patch,Present quadric patch,surface triangle mesh,4,,parabolic_cylinder_mesh.generate_mesh(4),7170,14336,,,Figure_3-8e_parabolic_cylinder_level_04_Present_quadric_patch.png
3-8f,hyperbolic_cylinder,static,PLIC_PL,PLIC / PL,surface triangle mesh,0,,hyperbolic_cylinder_mesh.generate_mesh(0),149,294,,,Figure_3-8f_hyperbolic_cylinder_level_00_PLIC_PL.png
3-8f,hyperbolic_cylinder,static,Evrard_type_paraboloid,Evrard-type paraboloid,surface triangle mesh,0,,hyperbolic_cylinder_mesh.generate_mesh(0),149,294,,,Figure_3-8f_hyperbolic_cylinder_level_00_Evrard_type_paraboloid.png
3-8f,hyperbolic_cylinder,static,THINC_QQ,THINC/QQ,surface triangle mesh,0,,hyperbolic_cylinder_mesh.generate_mesh(0),149,294,,,Figure_3-8f_hyperbolic_cylinder_level_00_THINC_QQ.png
3-8f,hyperbolic_cylinder,static,Strobl_sphere_overlap,Strobl sphere/hex overlap,fitted-sphere hexahedral overlap grid (central cross-section preview),0,,hyperbolic_cylinder_mesh.generate_mesh(0); Strobl fitted-sphere hexgrid,125,,,300,Figure_3-8f_hyperbolic_cylinder_level_00_Strobl_sphere_overlap.png
3-8f,hyperbolic_cylinder,static,Present_quadric_patch,Present quadric patch,surface triangle mesh,0,,hyperbolic_cylinder_mesh.generate_mesh(0),149,294,,,Figure_3-8f_hyperbolic_cylinder_level_00_Present_quadric_patch.png
3-8f,hyperbolic_cylinder,static,PLIC_PL,PLIC / PL,surface triangle mesh,1,,hyperbolic_cylinder_mesh.generate_mesh(1),590,1176,,,Figure_3-8f_hyperbolic_cylinder_level_01_PLIC_PL.png
3-8f,hyperbolic_cylinder,static,Evrard_type_paraboloid,Evrard-type paraboloid,surface triangle mesh,1,,hyperbolic_cylinder_mesh.generate_mesh(1),590,1176,,,Figure_3-8f_hyperbolic_cylinder_level_01_Evrard_type_paraboloid.png
3-8f,hyperbolic_cylinder,static,THINC_QQ,THINC/QQ,surface triangle mesh,1,,hyperbolic_cylinder_mesh.generate_mesh(1),590,1176,,,Figure_3-8f_hyperbolic_cylinder_level_01_THINC_QQ.png
3-8f,hyperbolic_cylinder,static,Strobl_sphere_overlap,Strobl sphere/hex overlap,fitted-sphere hexahedral overlap grid (central cross-section preview),1,,hyperbolic_cylinder_mesh.generate_mesh(1); Strobl fitted-sphere hexgrid,125,,,300,Figure_3-8f_hyperbolic_cylinder_level_01_Strobl_sphere_overlap.png
3-8f,hyperbolic_cylinder,static,Present_quadric_patch,Present quadric patch,surface triangle mesh,1,,hyperbolic_cylinder_mesh.generate_mesh(1),590,1176,,,Figure_3-8f_hyperbolic_cylinder_level_01_Present_quadric_patch.png
3-8f,hyperbolic_cylinder,static,PLIC_PL,PLIC / PL,surface triangle mesh,2,,hyperbolic_cylinder_mesh.generate_mesh(2),2354,4704,,,Figure_3-8f_hyperbolic_cylinder_level_02_PLIC_PL.png
3-8f,hyperbolic_cylinder,static,Evrard_type_paraboloid,Evrard-type paraboloid,surface triangle mesh,2,,hyperbolic_cylinder_mesh.generate_mesh(2),2354,4704,,,Figure_3-8f_hyperbolic_cylinder_level_02_Evrard_type_paraboloid.png
3-8f,hyperbolic_cylinder,static,THINC_QQ,THINC/QQ,surface triangle mesh,2,,hyperbolic_cylinder_mesh.generate_mesh(2),2354,4704,,,Figure_3-8f_hyperbolic_cylinder_level_02_THINC_QQ.png
3-8f,hyperbolic_cylinder,static,Strobl_sphere_overlap,Strobl sphere/hex overlap,fitted-sphere hexahedral overlap grid (central cross-section preview),2,,hyperbolic_cylinder_mesh.generate_mesh(2); Strobl fitted-sphere hexgrid,125,,,300,Figure_3-8f_hyperbolic_cylinder_level_02_Strobl_sphere_overlap.png
3-8f,hyperbolic_cylinder,static,Present_quadric_patch,Present quadric patch,surface triangle mesh,2,,hyperbolic_cylinder_mesh.generate_mesh(2),2354,4704,,,Figure_3-8f_hyperbolic_cylinder_level_02_Present_quadric_patch.png
3-8f,hyperbolic_cylinder,static,PLIC_PL,PLIC / PL,surface triangle mesh,3,,hyperbolic_cylinder_mesh.generate_mesh(3),9410,18816,,,Figure_3-8f_hyperbolic_cylinder_level_03_PLIC_PL.png
3-8f,hyperbolic_cylinder,static,Evrard_type_paraboloid,Evrard-type paraboloid,surface triangle mesh,3,,hyperbolic_cylinder_mesh.generate_mesh(3),9410,18816,,,Figure_3-8f_hyperbolic_cylinder_level_03_Evrard_type_paraboloid.png
3-8f,hyperbolic_cylinder,static,THINC_QQ,THINC/QQ,surface triangle mesh,3,,hyperbolic_cylinder_mesh.generate_mesh(3),9410,18816,,,Figure_3-8f_hyperbolic_cylinder_level_03_THINC_QQ.png
3-8f,hyperbolic_cylinder,static,Strobl_sphere_overlap,Strobl sphere/hex overlap,fitted-sphere hexahedral overlap grid (central cross-section preview),3,,hyperbolic_cylinder_mesh.generate_mesh(3); Strobl fitted-sphere hexgrid,125,,,300,Figure_3-8f_hyperbolic_cylinder_level_03_Strobl_sphere_overlap.png
3-8f,hyperbolic_cylinder,static,Present_quadric_patch,Present quadric patch,surface triangle mesh,3,,hyperbolic_cylinder_mesh.generate_mesh(3),9410,18816,,,Figure_3-8f_hyperbolic_cylinder_level_03_Present_quadric_patch.png
3-8g,cube2sphere,dynamic_t0,PLIC_PL,PLIC / PL,surface triangle mesh (3D cube-outline preview),,0,source_data/figure_3_3/cube_present_surface_states/surface_iter_0000.msh,98,192,,,Figure_3-8g_cube2sphere_t0_PLIC_PL.png
3-8g,cube2sphere,dynamic_t0,Evrard_type_paraboloid,Evrard-type paraboloid,surface triangle mesh (3D cube-outline preview),,0,source_data/figure_3_3/cube_present_surface_states/surface_iter_0000.msh,98,192,,,Figure_3-8g_cube2sphere_t0_Evrard_type_paraboloid.png
3-8g,cube2sphere,dynamic_t0,THINC_QQ,THINC/QQ,surface triangle mesh (3D cube-outline preview),,0,source_data/figure_3_3/cube_present_surface_states/surface_iter_0000.msh,98,192,,,Figure_3-8g_cube2sphere_t0_THINC_QQ.png
3-8g,cube2sphere,dynamic_t0,Strobl_sphere_overlap,Strobl sphere/hex overlap,fitted-sphere hexahedral overlap grid (central cross-section preview),,0,source_data/figure_3_3/cube_present_surface_states/surface_iter_0000.msh; Strobl fitted-sphere hexgrid,125,,,300,Figure_3-8g_cube2sphere_t0_Strobl_sphere_overlap.png
3-8g,cube2sphere,dynamic_t0,Present_quadric_patch,Present quadric patch,surface triangle mesh (3D cube-outline preview),,0,source_data/figure_3_3/cube_present_surface_states/surface_iter_0000.msh,98,192,,,Figure_3-8g_cube2sphere_t0_Present_quadric_patch.png
3-8h,droplet_oscillation,dynamic_t0,PLIC_PL,PLIC / PL,surface triangle mesh,,0,source_data/figure_3_7/droplet_present_surface_states/surface_iter_0000.msh,750,1496,,,Figure_3-8h_droplet_oscillation_t0_PLIC_PL.png
3-8h,droplet_oscillation,dynamic_t0,Evrard_type_paraboloid,Evrard-type paraboloid,surface triangle mesh,,0,source_data/figure_3_7/droplet_present_surface_states/surface_iter_0000.msh,750,1496,,,Figure_3-8h_droplet_oscillation_t0_Evrard_type_paraboloid.png
3-8h,droplet_oscillation,dynamic_t0,THINC_QQ,THINC/QQ,surface triangle mesh,,0,source_data/figure_3_7/droplet_present_surface_states/surface_iter_0000.msh,750,1496,,,Figure_3-8h_droplet_oscillation_t0_THINC_QQ.png
3-8h,droplet_oscillation,dynamic_t0,Strobl_sphere_overlap,Strobl sphere/hex overlap,fitted-sphere hexahedral overlap grid (central cross-section preview),,0,source_data/figure_3_7/droplet_present_surface_states/surface_iter_0000.msh; Strobl fitted-sphere hexgrid,125,,,300,Figure_3-8h_droplet_oscillation_t0_Strobl_sphere_overlap.png
3-8h,droplet_oscillation,dynamic_t0,Present_quadric_patch,Present quadric patch,surface triangle mesh,,0,source_data/figure_3_7/droplet_present_surface_states/surface_iter_0000.msh,750,1496,,,Figure_3-8h_droplet_oscillation_t0_Present_quadric_patch.png
