triangle_id,type,max_d,thr
0,plane,0.0,0.0007762729069694347
1,plane,0.0,0.0007762729069694342
2,plane,0.0,0.0006953938447438464
3,plane,0.0,0.0007569884749397109
4,plane,0.0,0.0007109209846713388
5,plane,0.0,0.0007635661622060293
6,plane,0.0,0.0007143481488629955
7,plane,0.0,0.000843879811504086
8,plane,0.0,0.0007838143453032165
9,plane,0.0,0.0008163748358121277
10,plane,0.0,0.000755856430405909
11,plane,0.0,0.0007473118895990771
12,plane,0.0,0.0007119989330586936
13,plane,0.0,0.0008039801793585302
14,plane,0.0,0.0007065369089608069
15,plane,0.0,0.0008577405581435923
16,plane,0.0,0.0007590524628473201
17,plane,0.0,0.0007668397063528792
18,plane,0.0,0.0007890734046049224
19,plane,0.0,0.000747311889599077
20,plane,0.0,0.0007799096677817701
21,plane,0.0,0.000774474401761463
22,plane,0.0,0.0006901130118671211
23,plane,0.0,0.0007721970750426224
24,plane,0.0,0.0006921928569285964
25,plane,0.0,0.0007635661622060272
26,plane,0.0,0.000701690033498805
27,plane,0.0,0.00075698847493971
28,plane,0.0,0.0007750410424941631
29,plane,0.0,0.0006962957648786722
30,plane,0.0,0.0009622097217310968
31,plane,0.0,0.0008438798115040842
32,plane,0.0,0.0008363477674780862
33,plane,0.0,0.0008898314720811866
34,plane,0.0,0.0008898314720811866
35,plane,0.0,0.000846249820738045
36,plane,0.0,0.0009525553909851345
37,plane,0.0,0.0007450669056561823
38,plane,0.0,0.0008163748358121275
39,plane,0.0,0.000994769098711357
40,plane,0.0,0.0008940658009073134
41,plane,0.0,0.000833388321549258
42,plane,0.0,0.000937733949798114
43,plane,0.0,0.000745066905656182
44,plane,0.0,0.0010122014667991266
45,plane,0.0,0.0008515519114255976
46,plane,0.0,0.0009231048411085244
47,plane,0.0,0.0009374312525333821
48,plane,0.0,0.0010170905749365574
49,plane,0.0,0.0008162938878753298
50,plane,0.0,0.0007558564304059079
51,plane,0.0,0.001013355108209686
52,plane,0.0,0.0010441209789763318
53,plane,0.0,0.0010718451984750865
54,plane,0.0,0.0010897880008386598
55,plane,0.0,0.001013057183457772
56,plane,0.0,0.001026223658509249
57,curved,0.44095694738558816,0.0009017103276776876
58,curved,0.4761507736592348,0.0009017103276776872
59,curved,0.48020481314528407,0.0009017103276776878
60,curved,0.5029526176815508,0.0009017103276776873
61,curved,0.5482948543624405,0.0010146123452552495
62,curved,0.5997758428056176,0.0010176723718920185
63,curved,0.5649210362482647,0.0009357565402446489
64,curved,0.543489622887452,0.0009380405642029475
65,curved,0.530288527700316,0.0009462299827258722
66,curved,0.5280861871250578,0.0009506669743642634
67,curved,0.6389902181569636,0.0009480379123491302
68,curved,0.6457142386746164,0.0009692386416020289
69,curved,0.5705707736293147,0.0009964772231142321
70,curved,0.6047598829450394,0.000990980236904112
71,curved,0.58900410643506,0.0009488188144105601
72,curved,0.6098128621361772,0.0009441232819568003
73,curved,0.6060897722636326,0.0009610427754488267
74,curved,0.5898031470798984,0.0009634616112752098
75,curved,0.48653809801190717,0.0008602012506402064
76,curved,0.384950728161796,0.0009006352889492064
77,curved,0.5185146113639066,0.0009478963796411085
78,curved,0.38351066876530054,0.0009248864896193214
79,curved,0.5187076543947345,0.0008961799462255097
80,curved,0.36558295619770564,0.0008915950076387034
81,curved,0.4701806291864853,0.0008490427255869688
82,curved,0.368876960202594,0.0008804113982956041
83,curved,0.47942937410434733,0.0008704645753210346
84,curved,0.39691318470657583,0.0008366135839529631
85,curved,0.46590892757257135,0.0008689176795645854
86,curved,0.3488330597848063,0.0009140963456473054
87,curved,0.44851348073133845,0.0008599254957207291
88,curved,0.3782987777692436,0.000836613583952963
89,curved,0.4944114913691363,0.0008701262300115359
90,curved,0.4226655462768377,0.0008804113982956039
91,curved,0.5261928847556717,0.000889022644820839
92,curved,0.3519042597073283,0.0008649791978917568
93,curved,0.4789300416510783,0.0008777702991039001
94,curved,0.4088981769883665,0.000872327795794373
95,curved,0.4010374544409935,0.0008025570793265032
96,curved,0.384648213504785,0.0008994143945540831
97,curved,0.5285855305882219,0.0008856774575332653
98,curved,0.46786427782480133,0.0008668650983246569
99,curved,0.5655961686911226,0.0009539002426528546
100,curved,0.4641868434635876,0.0009063432577213683
101,curved,0.3976810094565954,0.0008953366901818751
102,curved,0.5281487614433685,0.000939549444679205
103,curved,0.37717098772436447,0.0008937105941490751
104,curved,0.5927342183102485,0.0008815362127770632
105,curved,0.3749367783104819,0.0009190816887604102
106,curved,0.48441510452207687,0.0008630128677650541
107,curved,0.43486848892343233,0.0008841156656747768
108,curved,0.5635789855091804,0.0009219308227854997
109,curved,0.3480607787525672,0.0008910025683591267
110,curved,0.3923640747858909,0.0008545719679123238
111,curved,0.3478461456790311,0.0008901490127399987
112,curved,0.44262525125924007,0.000829700370636438
113,curved,0.3590918628671046,0.0008910025683591266
114,curved,0.40653935606667585,0.0008313218525123526
115,curved,0.461504768210667,0.0008846182048188002
116,curved,0.4171153294703518,0.0008645501922546511
117,curved,0.42676986211219203,0.0008517872117068347
118,curved,0.5553356909286427,0.0009081415847245514
119,curved,0.3820191206114751,0.0008527493835580998
120,curved,0.4546405511214947,0.0008005285159332159
121,curved,0.40127381035792764,0.0008934104211423816
122,curved,0.5851240536625377,0.0008795797213768068
123,curved,0.4641947900517442,0.0009106153730581666
124,curved,0.5700661711200196,0.0009482474364829254
125,curved,0.5136161626729853,0.0008887149378046127
126,curved,0.5427498702583012,0.0008858802667431663
127,curved,0.5133436324976929,0.0008858802667431663
128,curved,0.6426580394738963,0.0010161693080749563
129,curved,0.6939926749431196,0.0010308440513555508
130,curved,0.7074091281273999,0.0009942008748541288
131,curved,0.6024170794058079,0.0009400099709779008
132,curved,0.6622710101129845,0.0010099256527502016
133,curved,0.4685757317186739,0.0009221835784504018
134,curved,0.48824934626294214,0.0009317029302986736
135,curved,0.40612155742967265,0.0008599254957207291
136,curved,0.4473644440894247,0.0008701262300115359
137,curved,0.6317789264461352,0.001005861504931897
138,curved,0.6616300061182503,0.0010117968523655674
139,curved,0.6580463675974351,0.0009823725822573823
140,curved,0.5353787967226343,0.0009609848018672505
141,curved,0.534300083051787,0.0009609848018672505
142,curved,0.5946124406286037,0.0009306789899676248
143,curved,0.5830033036406935,0.0009306789899676248
144,curved,0.5442829377759086,0.0009583901030987029
145,curved,0.5790136978962906,0.001021775075178815
146,curved,0.5942056522356529,0.0009020504174904533
147,curved,0.532454694427816,0.0009609848018672505
148,curved,0.6010892794611868,0.0010174793953585239
149,curved,0.6239585634856909,0.0009609848018672505
150,curved,0.6802601563652015,0.0010079230452939424
151,curved,0.5870122407515637,0.001021769398576865
152,curved,0.5306869963434792,0.0009539002426528546
153,curved,0.5593557641048231,0.0010174793953585239
154,curved,0.557586368360773,0.0010150846796706885
155,curved,0.53761806984995,0.0009478963796411085
156,curved,0.6813657662875541,0.000988267369001259
157,curved,0.5164983655313694,0.000949241490336443
158,curved,0.4899750906626325,0.0009478231712441017
159,curved,0.4527333102896443,0.0008873658038115843
160,curved,0.50262751629136,0.0009221835784503972
161,curved,0.6444637211035541,0.0010099256527502016
162,curved,0.5274772813860349,0.0009310561587404218
163,curved,0.7295770180144981,0.0010031414211159001
164,curved,0.5281231020746857,0.0009662877899940382
165,curved,0.4888912131943298,0.0008986159477821257
166,curved,0.47785281280330183,0.0009063441809418993
167,curved,0.6613366159395621,0.001003980793839924
168,curved,0.5760103887471778,0.0010174793953585239
169,curved,0.5824990340806898,0.00092730289458038
170,curved,0.5608885539862711,0.00092730289458038
171,curved,0.5228421102667664,0.0009583901030987029
172,curved,0.5640320352861173,0.0009583901030987029
173,curved,0.5458085403569904,0.0008747205738663394
174,curved,0.6282350048426747,0.0009327125582771463
175,curved,0.6139781797103139,0.0009439834497875735
176,curved,0.6804717233064421,0.0009464099264560704
177,curved,0.6616300061182503,0.0010117968523655674
178,curved,0.6932728354736412,0.0009959147434988355
179,curved,0.7300997793502503,0.0009607997692414697
180,curved,0.514402305285881,0.0008747205738663394
181,plane,0.0,0.0007762729069694347
182,plane,0.0,0.000776272906969434
183,plane,0.0,0.0006953938447438468
184,plane,0.0,0.0007569884749397109
185,plane,0.0,0.0007036190752387899
186,plane,0.0,0.0007865555669981935
187,plane,0.0,0.0008237944564148124
188,plane,0.0,0.0007959317897233518
189,plane,0.0,0.0007261927507810528
190,plane,0.0,0.0007744744017614633
191,plane,0.0,0.0007019210931536456
192,plane,0.0,0.0007473118895990774
193,plane,0.0,0.000690113011867121
194,plane,0.0,0.0008653831225527561
195,plane,0.0,0.0007643873040839059
196,plane,0.0,0.0007672098906879889
197,plane,0.0,0.0008238109378688574
198,plane,0.0,0.0008039801793585296
199,plane,0.0,0.0007590524628473206
200,plane,0.0,0.000747311889599077
201,plane,0.0,0.0006892941511274932
202,plane,0.0,0.000774474401761463
203,plane,0.0,0.0007119989330586936
204,plane,0.0,0.0007934726506091702
205,plane,0.0,0.0006991313570328072
206,plane,0.0,0.0007635661622060272
207,plane,0.0,0.000725965401234148
208,plane,0.0,0.00075698847493971
209,plane,0.0,0.0007077745346452486
210,plane,0.0,0.0007109209846713378
211,plane,0.0,0.0009610088629007512
212,plane,0.0,0.0008762660270576079
213,plane,0.0,0.000792774207983742
214,plane,0.0,0.0008800567334232668
215,plane,0.0,0.0008800567334232668
216,plane,0.0,0.0008789111350779598
217,plane,0.0,0.0009784138436639731
218,plane,0.0,0.0007450669056561812
219,plane,0.0,0.0008303572427578479
220,plane,0.0,0.0009680374365587781
221,plane,0.0,0.0008654782664335507
222,plane,0.0,0.0008223432507367845
223,plane,0.0,0.0009323387312470643
224,plane,0.0,0.000745066905656181
225,plane,0.0,0.0010058898155482306
226,plane,0.0,0.0008635361195846078
227,plane,0.0,0.0008800567334232668
228,plane,0.0,0.0010232474463705693
229,plane,0.0,0.0009644665564145303
230,plane,0.0,0.0008850533797244628
231,plane,0.0,0.0008303572427578477
232,plane,0.0,0.0010260450739308967
233,plane,0.0,0.001082192849058184
234,plane,0.0,0.0010242740534677787
235,plane,0.0,0.0011080306674431091
236,plane,0.0,0.0010375559627137602
237,plane,0.0,0.001032554482656202
