triangle_id,A_id,B_id,C_id,ring1_topo_ids,ring2_topo_ids,ring1_smooth_ids,ring2_smooth_ids
0,0,52,5,2 6 18 35 37 54 93,3 7 17 43 45 46 49 50 62 63 75 94,6 18 35 37 54,7 17 43 45 46 49 50
1,18,37,0,2 5 17 45 46 52 54 94,3 6 16 33 35 41 43 50 62 63 73 93,5 17 45 46 52 54,6 16 33 35 41 43 50
2,37,52,0,2 5 18 35 45 46 54,3 6 17 33 41 43 49 50 62 63 93 94,5 18 35 45 46 54,6 17 33 41 43 49 50
3,5,35,6,0 2 7 49 50 52 54 75 93,3 8 18 37 39 43 44 45 59 62 63 69 94,0 7 49 50 52 54,8 18 37 39 43 44 45
4,5,52,35,0 2 6 37 49 50 54 93,3 7 18 39 43 44 45 46 62 63 75 94,0 6 37 49 50 54,7 18 39 43 44 45 46
5,6,49,7,5 8 35 39 50 59 75 93,0 2 9 43 44 47 52 54 63 69 70 74 90,5 8 35 39 50,0 9 43 44 47 52 54
6,35,49,6,5 7 39 50 52 54 75 93,0 2 8 37 43 44 45 47 59 63 69,5 7 39 50 52 54,0 8 37 43 44 45 47
7,7,39,8,6 9 44 47 49 50 59 75 90,5 10 34 35 38 42 43 51 54 63 64 69 70 74 93,6 9 44 47 49 50,5 10 34 35 38 42 43 51 54
8,7,49,39,6 8 35 44 47 50 59 75,5 9 34 38 42 43 51 52 54 63 69 70 74 90 93,6 8 35 44 47 50,5 9 34 38 42 43 51 52 54
9,8,47,9,7 10 34 39 44 59 64 90,6 11 38 42 43 49 50 51 69 70 74 75 80 81 97,7 10 34 39 44,6 11 38 42 43 49 50 51
10,39,47,8,7 9 34 44 49 50 59 90,6 10 35 38 42 43 51 54 64 69 70 74 75,7 9 34 44 49 50,6 10 35 38 42 43 51 54
11,9,34,10,8 11 44 47 51 64 90 97,7 12 38 39 42 43 50 57 59 74 80 81,8 11 44 47 51,7 12 38 39 42 43 50
12,9,47,34,8 10 39 44 51 64 90,7 11 38 42 43 49 50 59 74 80 81 97,8 10 39 44 51,7 11 38 42 43 49 50
13,10,51,11,9 12 34 38 44 57 64 97,8 13 39 42 43 47 50 53 74 78 79 80 81 89 90 98,9 12 34 38 44,8 13 39 42 43 47 50 53
14,34,51,10,9 11 38 44 47 64 97,8 12 39 42 43 50 53 57 74 80 81 90,9 11 38 44 47,8 12 39 42 43 50 53
15,11,38,12,10 13 42 44 51 53 57 89 97,9 14 34 36 39 41 43 47 50 64 66 78 79 81 98,10 13 42 44 51 53,9 14 34 36 39 41 43 47 50
16,11,51,38,10 12 34 42 44 53 57 97,9 13 36 39 41 43 47 50 64 78 79 81 89 98,10 12 34 42 44 53,9 13 36 39 41 43 47 50
17,12,53,13,11 14 36 38 42 57 66 89,10 15 40 41 43 44 51 78 79 81 83 87 88 97 98,11 14 36 38 42,10 15 40 41 43 44 51
18,38,53,12,11 13 36 42 44 51 57 89,10 14 34 39 40 41 43 47 50 66 78 79 81 97 98,11 13 36 42 44 51,10 14 34 39 40 41 43 47 50
19,13,36,14,12 15 40 41 42 53 66 87 89,11 16 33 38 43 44 45 48 55 57 83 88 98,12 15 40 41 42 53,11 16 33 38 43 44 45 48
20,13,53,36,12 14 38 40 41 42 66 89,11 15 33 43 44 45 48 51 57 83 87 88 98,12 14 38 40 41 42,11 15 33 43 44 45 48 51
21,14,40,15,13 16 36 41 48 55 66 87,12 17 33 42 43 45 53 73 83 88 89 96 98,13 16 36 41 48,12 17 33 42 43 45 53
22,36,40,14,13 15 41 42 48 53 66 87,12 16 33 38 43 44 45 55 83 88 89 98,13 15 41 42 48 53,12 16 33 38 43 44 45
23,15,48,16,14 17 33 40 41 55 73 87,13 18 36 42 43 45 46 62 66 71 88 94 96,14 17 33 40 41,13 18 36 42 43 45 46
24,40,48,15,14 16 33 36 41 55 87,13 17 42 43 45 46 53 66 73 88 96,14 16 33 36 41,13 17 42 43 45 46 53
25,16,33,17,15 18 41 45 46 48 55 73 94,0 2 14 36 37 40 42 43 54 62 71 87 88 96,15 18 41 45 46 48,0 14 36 37 40 42 43 54
26,16,48,33,15 17 40 41 45 46 55 73,14 18 36 37 42 43 54 62 71 87 88 94 96,15 17 40 41 45 46,14 18 36 37 42 43 54
27,17,46,18,0 2 16 33 37 45 73 94,3 5 15 41 43 48 52 54 55 62 63 71 93 96,0 16 33 37 45,5 15 41 43 48 52 54
28,33,46,17,16 18 37 41 45 48 73 94,0 2 15 36 40 42 43 52 54 55 62 71 96,16 18 37 41 45 48,0 15 36 40 42 43 52 54
29,18,46,37,0 2 17 33 45 52 54 94,3 5 16 35 41 43 48 50 62 63 73 93,0 17 33 45 52 54,5 16 35 41 43 48 50
30,41,45,33,16 17 36 37 40 42 43 46 48 54,0 13 14 15 18 35 38 44 50 52 53 55 73 94,16 17 36 37 40 42 43 46 48 54,0 13 14 15 18 35 38 44 50 52 53
31,33,48,41,15 16 17 36 40 42 43 45 46,13 14 18 37 38 44 50 53 54 55 73 87 94,15 16 17 36 40 42 43 45 46,13 14 18 37 38 44 50 53 54
32,45,46,33,16 17 18 37 41 43 48 54,0 2 15 35 36 40 42 44 50 52 55 73 94,16 17 18 37 41 43 48 54,0 15 35 36 40 42 44 50 52
33,34,47,44,8 9 10 38 39 42 43 50 51,7 11 12 35 36 41 45 49 53 54 59 64 90 97,8 9 10 38 39 42 43 50 51,7 11 12 35 36 41 45 49 53 54
34,44,51,34,9 10 11 38 39 42 43 47 50,7 8 12 35 36 41 45 49 53 54 57 64 90 97,9 10 11 38 39 42 43 47 50,7 8 12 35 36 41 45 49 53 54
35,35,50,49,5 6 7 39 43 44 52 54,0 2 8 34 37 38 41 42 45 47 51 59 75 93,5 6 7 39 43 44 52 54,0 8 34 37 38 41 42 45 47 51
36,35,54,50,5 6 37 39 43 44 45 49 52,0 2 7 8 18 33 34 38 41 42 46 47 51 75 93,5 6 37 39 43 44 45 49 52,0 7 8 18 33 34 38 41 42 46 47 51
37,52,54,35,0 5 6 37 43 45 49 50,2 7 18 33 39 41 42 44 46 75 93,0 5 6 37 43 45 49 50,7 18 33 39 41 42 44 46
38,36,41,40,13 14 15 33 42 43 45 48 53,12 16 17 37 38 44 46 50 54 55 66 87 89,13 14 15 33 42 43 45 48 53,12 16 17 37 38 44 46 50 54
39,36,42,41,13 14 33 38 40 43 44 45 48 53,11 12 15 16 17 34 37 39 46 47 50 51 54 66 87 89,13 14 33 38 40 43 44 45 48 53,11 12 15 16 17 34 37 39 46 47 50 51 54
40,36,53,42,12 13 14 38 40 41 43 44,11 15 33 34 39 45 47 48 50 51 54 57 66 87 89,12 13 14 38 40 41 43 44,11 15 33 34 39 45 47 48 50 51 54
41,37,46,45,0 17 18 33 41 43 52 54,2 5 16 35 36 40 42 44 48 50 73 94,0 17 18 33 41 43 52 54,5 16 35 36 40 42 44 48 50
42,45,54,37,0 18 33 35 41 43 46 50 52,2 5 6 16 17 36 39 40 42 44 48 49 94,0 18 33 35 41 43 46 50 52,5 6 16 17 36 39 40 42 44 48 49
43,37,54,52,0 5 18 35 43 45 46 50,2 6 17 33 39 41 42 44 49 93 94,0 5 18 35 43 45 46 50,6 17 33 39 41 42 44 49
44,38,44,42,11 12 34 36 39 41 43 47 50 51 53,7 8 9 10 13 14 33 35 40 45 48 49 54 57 89 97,11 12 34 36 39 41 43 47 50 51 53,7 8 9 10 13 14 33 35 40 45 48 49 54
45,42,53,38,11 12 13 36 41 43 44 51,10 14 33 34 39 40 45 47 48 50 54 57 66 89 97,11 12 13 36 41 43 44 51,10 14 33 34 39 40 45 47 48 50 54
46,38,51,44,10 11 12 34 39 42 43 47 50 53,7 8 9 13 35 36 41 45 49 54 57 64 89 97,10 11 12 34 39 42 43 47 50 53,7 8 9 13 35 36 41 45 49 54
47,44,47,39,7 8 9 34 38 42 43 49 50 51,6 10 11 12 35 36 41 45 53 54 59 64 75 90,7 8 9 34 38 42 43 49 50 51,6 10 11 12 35 36 41 45 53 54
48,39,50,44,7 8 34 35 38 42 43 47 49 51 54,5 6 9 10 11 12 36 37 41 45 52 53 59 75 90,7 8 34 35 38 42 43 47 49 51 54,5 6 9 10 11 12 36 37 41 45 52 53
49,49,50,39,6 7 8 35 43 44 47 54,5 9 34 37 38 41 42 45 51 52 59 75 90 93,6 7 8 35 43 44 47 54,5 9 34 37 38 41 42 45 51 52
50,41,48,40,14 15 16 33 36 42 43 45,13 17 37 38 44 46 50 53 54 55 66 73 87,14 15 16 33 36 42 43 45,13 17 37 38 44 46 50 53 54
51,42,43,41,33 36 38 40 44 45 48 50 53 54,11 12 13 14 15 16 17 34 35 37 39 46 47 49 51 52,33 36 38 40 44 45 48 50 53 54,11 12 13 14 15 16 17 34 35 37 39 46 47 49 51 52
52,43,45,41,33 36 37 40 42 44 46 48 50 54,0 13 14 15 16 17 18 34 35 38 39 47 49 51 52 53,33 36 37 40 42 44 46 48 50 54,0 13 14 15 16 17 18 34 35 38 39 47 49 51 52 53
53,42,44,43,34 36 38 39 41 45 47 50 51 53 54,7 8 9 10 11 12 13 14 33 35 37 40 46 48 49 52,34 36 38 39 41 45 47 50 51 53 54,7 8 9 10 11 12 13 14 33 35 37 40 46 48 49 52
54,44,50,43,34 35 38 39 41 42 45 47 49 51 54,5 6 7 8 9 10 11 12 33 36 37 40 46 48 52 53,34 35 38 39 41 42 45 47 49 51 54,5 6 7 8 9 10 11 12 33 36 37 40 46 48 52 53
55,43,54,45,33 35 37 41 42 44 46 50 52,0 5 6 16 17 18 34 36 38 39 40 47 48 49 51 53,33 35 37 41 42 44 46 50 52,0 5 6 16 17 18 34 36 38 39 40 47 48 49 51 53
56,50,54,43,35 37 39 41 42 44 45 49 52,0 5 6 7 8 18 33 34 36 38 40 46 47 48 51 53,35 37 39 41 42 44 45 49 52,0 5 6 7 8 18 33 34 36 38 40 46 47 48 51 53
57,0,5,2,3 6 18 35 37 52 62 63 93 94,4 7 17 45 46 49 50 54 67 68 69 71 73 75,3 6 18 62 63 93 94,4 7 17 67 68 69 71 73 75
58,18,0,2,3 5 17 37 46 52 62 63 93 94,4 6 16 33 35 45 54 67 68 69 71 73 75,3 5 17 62 63 93 94,4 6 16 67 68 69 71 73 75
59,4,19,1,3 20 32 67 68 76 86 101 112 116,2 21 31 60 61 62 63 69 71 103 105 113 120,3 20 32 67 68 76 86,2 21 31 60 61 62 63 69 71
60,32,4,1,3 19 31 67 68 76 86 101 103 116,2 20 30 60 61 62 63 69 71 111 112 113 115 120,3 19 31 67 68 76 86,2 20 30 60 61 62 63 69 71
61,3,62,2,0 4 5 18 63 67 68 71 73 93 94,1 6 16 17 19 32 35 37 46 52 55 60 69 72 75 76 86 96,0 4 5 18 63 67 68 71 73 93 94,1 6 16 17 19 32 55 60 69 72 75 76 86 96
62,2,63,3,0 4 5 18 62 67 68 69 75 93 94,1 6 7 17 19 32 35 37 46 52 59 61 70 71 73 76 86,0 4 5 18 62 67 68 69 75 93 94,1 6 7 17 19 32 59 61 70 71 73 76 86
63,5,93,2,0 3 6 18 35 52 62 63 75 94,4 7 17 37 46 49 50 54 59 67 68 69 71 73,0 3 6 18 62 63 75 94,4 7 17 59 67 68 69 71 73
64,2,94,18,0 3 5 17 37 46 62 63 73 93,4 6 16 33 35 45 52 54 55 67 68 69 71 75 96,0 3 5 17 62 63 73 93,4 6 16 55 67 68 69 71 75 96
65,62,94,2,0 3 5 17 18 63 67 71 73 93,4 6 16 33 35 37 46 52 55 60 68 69 72 75 76 96,0 3 5 17 18 63 67 71 73 93,4 6 16 55 60 68 69 72 75 76 96
66,2,93,63,0 3 5 6 18 62 68 69 75 94,4 7 17 35 37 46 49 52 59 61 67 70 71 73 86,0 3 5 6 18 62 68 69 75 94,4 7 17 59 61 67 70 71 73 86
67,4,67,3,1 2 19 32 62 63 68 71 76 86,0 5 18 20 31 60 61 69 72 73 75 93 94 96 101 103 112 116,1 2 19 32 62 63 68 71 76 86,0 5 18 20 31 60 61 69 72 73 75 93 94 96
68,3,68,4,1 2 19 32 62 63 67 69 76 86,0 5 18 20 31 59 60 61 70 71 73 75 93 94 101 103 112 116,1 2 19 32 62 63 67 69 76 86,0 5 18 20 31 59 60 61 70 71 73 75 93 94
69,3,67,62,2 4 63 68 71 73 76 94,0 1 5 16 17 18 19 31 32 55 60 69 72 75 86 93 96,2 4 63 68 71 73 76 94,0 1 5 16 17 18 19 31 32 55 60 69 72 75 86 93 96
70,63,68,3,2 4 62 67 69 75 86 93,0 1 5 6 7 18 19 20 32 59 61 70 71 73 76 94,2 4 62 67 69 75 86 93,0 1 5 6 7 18 19 20 32 59 61 70 71 73 76 94
71,4,86,19,1 3 20 32 61 67 68 69 76 101 112,2 21 31 59 60 62 63 70 71 75 84 103 105 113 116 120,1 3 20 32 61 67 68 69 76,2 21 31 59 60 62 63 70 71 75 84
72,32,76,4,1 3 19 31 60 67 68 71 86 103 116,2 20 30 61 62 63 69 72 73 85 96 101 111 112 115 120,1 3 19 31 60 67 68 71 86,2 20 30 61 62 63 69 72 73 85 96
73,4,76,67,1 3 19 31 32 60 62 68 71 86,2 20 30 61 63 69 72 73 85 94 96 101 103 112 115 116,1 3 19 31 32 60 62 68 71 86,2 20 30 61 63 69 72 73 85 94 96
74,68,86,4,1 3 19 20 32 61 63 67 69 76,2 21 31 59 60 62 70 71 75 84 93 101 103 105 112 116,1 3 19 20 32 61 63 67 69 76,2 21 31 59 60 62 70 71 75 84 93
75,6,93,5,0 2 7 35 49 52 63 75,3 8 18 37 39 50 54 59 62 68 69 94,0 2 7 63 75,3 8 18 59 62 68 69 94
76,7,75,6,5 8 35 39 49 59 63 69 93,0 2 3 9 44 47 50 52 54 61 68 70 74 86 90,5 8 59 63 69 93,0 2 3 9 61 68 70 74 86 90
77,75,93,6,2 5 7 35 49 59 63 69,0 3 8 18 39 50 52 54 61 62 68 70 74 86 90 94,2 5 7 59 63 69,0 3 8 18 61 62 68 70 74 86 90 94
78,8,59,7,6 9 39 47 49 69 70 74 75 90,5 10 34 35 44 50 61 63 64 68 80 84 86 92 93,6 9 69 70 74 75 90,5 10 61 63 64 68 80 84 86 92 93
79,59,75,7,6 8 39 49 63 69 70 74 90 93,2 3 5 9 35 44 47 50 61 64 68 80 84 86 92,6 8 63 69 70 74 90 93,2 3 5 9 61 64 68 80 84 86 92
80,9,90,8,7 10 34 39 47 59 64 74,6 11 44 49 50 51 69 70 75 80 81 92 97,7 10 59 64 74,6 11 69 70 75 80 81 92 97
81,8,90,59,7 9 39 47 64 69 70 74 75,6 10 34 44 49 50 61 63 68 80 81 84 86 92 93 97,7 9 64 69 70 74 75,6 10 61 63 68 80 81 84 86 92 93 97
82,10,64,9,8 11 34 47 51 74 80 81 90 97,7 12 38 39 44 57 58 59 70 78 92,8 11 74 80 81 90 97,7 12 57 58 59 70 78 92
83,64,90,9,8 10 34 47 59 74 80 81 97,7 11 39 44 51 57 58 69 70 75 78 92,8 10 59 74 80 81 97,7 11 57 58 69 70 75 78 92
84,11,97,10,9 12 34 38 51 57 64 81,8 13 42 44 47 53 74 78 79 80 89 90 98,9 12 57 64 81,8 13 74 78 79 80 89 90 98
85,10,97,64,9 11 34 51 57 74 80 81 90,8 12 38 44 47 58 59 70 78 79 89 92 98,9 11 57 74 80 81 90,8 12 58 59 70 78 79 89 92 98
86,12,57,11,10 13 38 51 53 78 79 81 89 97 98,9 14 34 36 42 44 56 58 64 65 66 77 80 82 83,10 13 78 79 81 89 97 98,9 14 56 58 64 65 66 77 80 82 83
87,57,97,11,10 12 38 51 64 78 79 81 89 98,9 13 34 42 44 53 56 58 65 66 74 77 80 82 83 90,10 12 64 78 79 81 89 98,9 13 56 58 65 66 74 77 80 82 83 90
88,13,89,12,11 14 36 38 53 57 66 98,10 15 40 41 42 44 51 78 79 81 83 87 88 97,11 14 57 66 98,10 15 78 79 81 83 87 88 97
89,12,89,57,11 13 38 53 66 78 79 81 97 98,10 14 36 42 44 51 56 58 64 65 77 80 82 83 87 88,11 13 66 78 79 81 97 98,10 14 56 58 64 65 77 80 82 83 87 88
90,14,66,13,12 15 36 40 53 83 87 88 89 98,11 16 38 41 42 48 55 56 57 72 79 95 96,12 15 83 87 88 89 98,11 16 55 56 57 72 79 95 96
91,66,89,13,12 14 36 53 57 83 87 88 98,11 15 38 40 41 42 55 56 72 78 79 81 95 96 97,12 14 57 83 87 88 98,11 15 55 56 72 78 79 81 95 96 97
92,15,87,14,13 16 36 40 48 55 66 88,12 17 33 41 42 53 72 73 83 89 95 96 98,13 16 55 66 88,12 17 72 73 83 89 95 96 98
93,14,87,66,13 15 36 40 55 83 88 89 98,12 16 41 42 48 53 56 57 72 73 79 95 96,13 15 55 83 88 89 98,12 16 56 57 72 73 79 95 96
94,16,55,15,14 17 33 40 48 73 87 88 96,13 18 36 41 45 46 62 66 71 72 83 94 95,14 17 73 87 88 96,13 18 62 66 71 72 83 94 95
95,55,87,15,14 16 40 48 66 73 88 96,13 17 33 36 41 62 71 72 83 89 94 95 98,14 16 66 73 88 96,13 17 62 71 72 83 89 94 95 98
96,17,73,16,15 18 33 46 48 55 62 71 94 96,0 2 3 14 37 40 41 45 60 67 72 76 87 88,15 18 55 62 71 94 96,0 2 3 14 60 67 72 76 87 88
97,16,73,55,15 17 33 48 62 71 87 88 94 96,2 3 14 18 40 41 45 46 60 66 67 72 76 83 95,15 17 62 71 87 88 94 96,2 3 14 18 60 66 67 72 76 83 95
98,18,94,17,0 2 16 33 37 46 62 73,3 5 15 41 45 48 52 54 55 63 67 71 93 96,0 2 16 62 73,3 5 15 55 63 67 71 93 96
99,17,94,73,2 16 18 33 46 55 62 71 96,0 3 5 15 37 41 45 48 60 63 67 72 76 87 88 93,2 16 18 55 62 71 96,0 3 5 15 60 63 67 72 76 87 88 93
100,19,86,20,1 4 21 61 68 69 101 105 112,3 22 32 59 63 67 70 75 76 84 110 113 114 116 120,1 4 21 61 68 69,3 22 32 59 63 67 70 75 76 84
101,20,61,21,19 22 69 70 84 86 105 112 114,1 4 23 59 63 68 74 75 92 100 101 110 113,19 22 69 70 84 86,1 4 23 59 63 68 74 75 92
102,20,86,61,4 19 21 68 69 70 84 105 112,1 3 22 32 59 63 67 74 75 76 92 101 110 113 114,4 19 21 68 69 70 84,1 3 22 32 59 63 67 74 75 76 92
103,21,84,22,20 23 61 70 92 100 105 114,19 24 58 59 69 74 80 86 110 112 113 118,20 23 61 70 92,19 24 58 59 69 74 80 86
104,61,84,21,20 22 69 70 86 92 105 114,4 19 23 58 59 63 68 74 75 80 100 110 112 113,20 22 69 70 86 92,4 19 23 58 59 63 68 74 75 80
105,22,92,23,21 24 58 70 74 80 84 100 114 118,20 25 59 61 64 69 77 78 81 90 104 105 110,21 24 58 70 74 80 84,20 25 59 61 64 69 77 78 81 90
106,84,92,22,21 23 58 61 70 74 80 100 114,20 24 59 64 69 77 78 81 86 90 105 110 118,21 23 58 61 70 74 80,20 24 59 64 69 77 78 81 86 90
107,23,58,24,22 25 77 78 80 92 100 104 118,21 26 57 64 65 70 74 79 81 84 108 110 114 117,22 25 77 78 80 92,21 26 57 64 65 70 74 79 81 84
108,23,92,58,22 24 70 74 77 78 80 84 100 118,21 25 57 59 61 64 65 69 79 81 90 104 110 114,22 24 70 74 77 78 80 84,21 25 57 59 61 64 65 69 79 81 90
109,24,77,25,23 26 58 65 78 104 117 118,22 27 57 79 80 81 82 92 100 102 108 110,23 26 58 65 78,22 27 57 79 80 81 82 92
110,58,77,24,23 25 65 78 80 92 104 118,22 26 57 64 70 74 79 81 82 84 100 108 110 117,23 25 65 78 80 92,22 26 57 64 70 74 79 81 82 84
111,25,65,26,24 27 77 78 79 82 102 104 117,23 28 56 57 58 80 81 83 98 106 107 108 110 118,24 27 77 78 79 82,23 28 56 57 58 80 81 83 98
112,25,77,65,24 26 58 78 79 82 104 117,23 27 56 57 80 81 83 92 98 102 108 110 118,24 26 58 78 79 82,23 27 56 57 80 81 83 92 98
113,26,82,27,25 28 56 65 79 102 106 117,24 29 57 77 78 83 91 95 98 104 107 108 119,25 28 56 65 79,24 29 57 77 78 83 91 95 98
114,65,82,26,25 27 56 77 78 79 102 117,24 28 57 58 80 81 83 91 95 98 104 106 107 108,25 27 56 77 78 79,24 28 57 58 80 81 83 91 95 98
115,27,56,28,26 29 79 82 83 91 95 102 106 119,25 30 57 65 66 72 78 85 88 98 99 107 108 117,26 29 79 82 83 91 95,25 30 57 65 66 72 78 85 88 98
116,27,82,56,26 28 65 79 83 91 95 102 106,25 29 57 66 72 77 78 85 88 98 107 108 117 119,26 28 65 79 83 91 95,25 29 57 66 72 77 78 85 88 98
117,28,91,29,27 30 56 85 95 99 106 119,26 31 60 72 79 82 83 88 102 107 111 115,27 30 56 85 95,26 31 60 72 79 82 83 88
118,56,91,28,27 29 79 82 83 85 95 106 119,26 30 57 60 65 66 72 78 88 98 99 102 107,27 29 79 82 83 85 95,26 30 57 60 65 66 72 78 88 98
119,29,85,30,28 31 60 72 91 95 99 115 119,27 32 56 71 76 83 88 96 103 106 107 111,28 31 60 72 91 95,27 32 56 71 76 83 88 96
120,29,91,85,28 30 56 60 72 95 99 119,27 31 71 76 79 82 83 88 96 106 107 111 115,28 30 56 60 72 95,27 31 71 76 79 82 83 88 96
121,30,60,31,29 32 71 72 76 85 99 103 115,1 4 28 62 67 73 88 91 95 96 107 111 116 119 120,29 32 71 72 76 85,1 4 28 62 67 73 88 91 95 96
122,30,85,60,29 31 71 72 76 91 95 99 115,4 28 32 56 62 67 73 83 88 96 103 107 111 119,29 31 71 72 76 91 95,4 28 32 56 62 67 73 83 88 96
123,31,76,32,1 4 30 60 67 71 103 115 116,3 19 29 62 68 72 73 85 86 96 99 101 111 120,1 4 30 60 67 71,3 19 29 62 68 72 73 85 86 96
124,60,76,31,4 30 32 67 71 72 85 103 115,1 3 19 29 62 68 73 86 88 91 95 96 99 111 116 120,4 30 32 67 71 72 85,1 3 19 29 62 68 73 86 88 91 95 96
125,73,96,55,15 16 17 62 71 72 87 88 94,2 3 14 18 33 40 46 48 60 66 67 76 83 85 95,15 16 17 62 71 72 87 88 94,2 3 14 18 60 66 67 76 83 85 95
126,55,88,87,14 15 16 66 72 73 83 95 96,13 17 33 36 40 48 56 60 62 71 79 85 89 91 94 98,14 15 16 66 72 73 83 95 96,13 17 56 60 62 71 79 85 89 91 94 98
127,55,96,88,15 16 66 71 72 73 83 87 95,13 14 17 33 40 48 56 60 62 67 76 79 85 89 91 94 98,15 16 66 71 72 73 83 87 95,13 14 17 56 60 62 67 76 79 85 89 91 94 98
128,56,82,79,26 27 28 57 65 78 83 91 95 98,11 12 25 29 58 66 72 77 80 81 85 88 89 97 102 106 117 119,26 27 28 57 65 78 83 91 95 98,11 12 25 29 58 66 72 77 80 81 85 88 89 97
129,79,83,56,27 28 57 65 66 78 82 88 91 95 98,11 12 13 14 25 26 29 55 58 72 77 80 81 85 87 89 96 97 102 106 119,27 28 57 65 66 78 82 88 91 95 98,11 12 13 14 25 26 29 55 58 72 77 80 81 85 87 89 96 97
130,83,95,56,27 28 66 72 79 82 85 88 91 98,13 14 26 29 30 55 57 60 65 71 78 87 89 96 102 106 119,27 28 66 72 79 82 85 88 91 98,13 14 26 29 30 55 57 60 65 71 78 87 89 96
131,56,95,91,27 28 29 72 79 82 83 85 88,26 30 55 57 60 65 66 71 78 87 96 98 99 102 106 119,27 28 29 72 79 82 83 85 88,26 30 55 57 60 65 66 71 78 87 96 98
132,57,79,78,11 12 56 58 65 77 80 81 82 83 89 97 98,10 13 23 24 25 26 27 28 38 51 53 64 66 74 88 91 92 95,11 12 56 58 65 77 80 81 82 83 89 97 98,10 13 23 24 25 26 27 28 64 66 74 88 91 92 95
133,78,81,57,11 12 58 64 65 77 79 80 89 97 98,9 10 13 23 24 25 26 38 51 53 56 66 74 82 83 90 92,11 12 58 64 65 77 79 80 89 97 98,9 10 13 23 24 25 26 56 66 74 82 83 90 92
134,57,98,79,11 12 56 65 66 78 81 82 83 89 97,10 13 14 25 26 27 28 38 51 53 58 64 77 80 87 88 91 95,11 12 56 65 66 78 81 82 83 89 97,10 13 14 25 26 27 28 58 64 77 80 87 88 91 95
135,81,97,57,10 11 12 64 78 79 80 89 98,9 13 34 38 51 53 56 58 65 66 74 77 82 83 90 92,10 11 12 64 78 79 80 89 98,9 13 56 58 65 66 74 77 82 83 90 92
136,89,98,57,11 12 13 66 78 79 81 83 97,10 14 36 38 51 53 56 58 64 65 77 80 82 87 88 95,11 12 13 66 78 79 81 83 97,10 14 56 58 64 65 77 80 82 87 88 95
137,58,78,77,23 24 25 57 65 79 80 81 92,11 12 22 26 56 64 70 74 82 83 84 89 97 98 100 104 117 118,23 24 25 57 65 79 80 81 92,11 12 22 26 56 64 70 74 82 83 84 89 97 98
138,58,80,78,23 24 57 64 65 74 77 79 81 92,9 10 11 12 22 25 26 56 59 70 82 83 84 89 90 97 98 100 104 118,23 24 57 64 65 74 77 79 81 92,9 10 11 12 22 25 26 56 59 70 82 83 84 89 90 97 98
139,58,92,80,22 23 24 64 70 74 77 78 81 84,9 10 21 25 57 59 61 65 69 79 90 97 100 104 114 118,22 23 24 64 70 74 77 78 81 84,9 10 21 25 57 59 61 65 69 79 90 97
140,59,70,69,7 8 61 63 68 74 75 84 86 90 92,2 3 4 6 9 19 20 21 22 23 39 47 49 58 64 80 93,7 8 61 63 68 74 75 84 86 90 92,2 3 4 6 9 19 20 21 22 23 58 64 80 93
141,69,75,59,6 7 8 61 63 68 70 74 86 90 93,2 3 4 5 9 19 20 21 35 39 47 49 64 80 84 92,6 7 8 61 63 68 70 74 86 90 93,2 3 4 5 9 19 20 21 64 80 84 92
142,59,74,70,7 8 61 64 69 75 80 84 90 92,6 9 10 20 21 22 23 39 47 49 58 63 68 78 81 86 93 97,7 8 61 64 69 75 80 84 90 92,6 9 10 20 21 22 23 58 63 68 78 81 86 93 97
143,59,90,74,7 8 9 64 69 70 75 80 92,6 10 22 23 34 39 47 49 58 61 63 68 78 81 84 86 93 97,7 8 9 64 69 70 75 80 92,6 10 22 23 58 61 63 68 78 81 84 86 93 97
144,60,72,71,30 31 62 67 73 76 85 88 95 96,2 3 4 16 17 29 32 55 56 66 83 87 91 94 99 103 115,30 31 62 67 73 76 85 88 95 96,2 3 4 16 17 29 32 55 56 66 83 87 91 94
145,71,76,60,4 30 31 32 62 67 72 73 85 96,1 2 3 16 17 19 29 55 68 86 88 91 94 95 99 103 115 116,4 30 31 32 62 67 72 73 85 96,1 2 3 16 17 19 29 55 68 86 88 91 94 95
146,60,85,72,29 30 31 71 76 88 91 95 96,4 28 32 55 56 62 66 67 73 83 87 99 103 115 119,29 30 31 71 76 88 91 95 96,4 28 32 55 56 62 66 67 73 83 87
147,69,70,61,20 21 59 63 68 74 75 84 86 92,2 3 4 6 7 8 19 22 23 58 64 80 90 93 105 112 114,20 21 59 63 68 74 75 84 86 92,2 3 4 6 7 8 19 22 23 58 64 80 90 93
148,61,86,69,4 19 20 21 59 63 68 70 75 84,1 2 3 6 7 8 22 32 67 74 76 90 92 93 101 105 112 114,4 19 20 21 59 63 68 70 75 84,1 2 3 6 7 8 22 32 67 74 76 90 92 93
149,70,84,61,20 21 22 59 69 74 86 92,4 7 8 19 23 58 63 64 68 75 80 90 100 105 112 114,20 21 22 59 69 74 86 92,4 7 8 19 23 58 63 64 68 75 80 90
150,67,71,62,2 3 4 60 72 73 76 94 96,0 1 5 16 17 18 19 30 31 32 55 63 68 85 86 88 93 95,2 3 4 60 72 73 76 94 96,0 1 5 16 17 18 19 30 31 32 55 63 68 85 86 88 93 95
151,71,73,62,2 3 16 17 55 60 67 72 76 94 96,0 4 5 15 18 30 31 32 33 46 48 63 68 85 87 88 93 95,2 3 16 17 55 60 67 72 76 94 96,0 4 5 15 18 30 31 32 63 68 85 87 88 93 95
152,73,94,62,2 3 16 17 18 55 67 71 96,0 4 5 15 33 37 46 48 60 63 68 72 76 87 88 93,2 3 16 17 18 55 67 71 96,0 4 5 15 60 63 68 72 76 87 88 93
153,63,69,68,2 3 4 59 61 70 75 86 93,0 1 5 6 7 8 18 19 20 21 32 62 67 74 76 84 90 92 94,2 3 4 59 61 70 75 86 93,0 1 5 6 7 8 18 19 20 21 32 62 67 74 76 84 90 92 94
154,63,75,69,2 3 6 7 59 61 68 70 86 93,0 4 5 8 18 19 20 21 35 39 49 62 67 74 84 90 92 94,2 3 6 7 59 61 68 70 86 93,0 4 5 8 18 19 20 21 62 67 74 84 90 92 94
155,63,93,75,2 3 5 6 7 59 68 69,0 4 8 18 35 39 49 52 61 62 67 70 74 86 90 94,2 3 5 6 7 59 68 69,0 4 8 18 61 62 67 70 74 86 90 94
156,64,80,74,9 10 58 59 70 78 81 90 92 97,7 8 11 22 23 24 34 47 51 57 61 65 69 75 77 79 84,9 10 58 59 70 78 81 90 92 97,7 8 11 22 23 24 57 61 65 69 75 77 79 84
157,74,90,64,8 9 10 59 70 80 81 92 97,7 11 22 23 34 39 47 51 57 58 61 69 75 78 84,8 9 10 59 70 80 81 92 97,7 11 22 23 57 58 61 69 75 78 84
158,64,81,80,9 10 57 58 74 78 90 92 97,8 11 12 22 23 24 34 47 51 59 65 70 77 79 84 89 98,9 10 57 58 74 78 90 92 97,8 11 12 22 23 24 59 65 70 77 79 84 89 98
159,64,97,81,9 10 11 57 74 78 80 90,8 12 34 38 47 51 58 59 65 70 77 79 89 92 98,9 10 11 57 74 78 80 90,8 12 58 59 65 70 77 79 89 92 98
160,77,78,65,24 25 26 57 58 79 80 81 82,11 12 23 27 56 64 74 83 89 92 97 98 102 104 117 118,24 25 26 57 58 79 80 81 82,11 12 23 27 56 64 74 83 89 92 97 98
161,78,79,65,25 26 56 57 58 77 80 81 82 83 98,11 12 23 24 27 28 64 66 74 88 89 91 92 95 97 102 104 117,25 26 56 57 58 77 80 81 82 83 98,11 12 23 24 27 28 64 66 74 88 89 91 92 95 97
162,79,82,65,25 26 27 56 57 77 78 83 98,11 12 24 28 58 66 80 81 88 89 91 95 97 102 104 106 117,25 26 27 56 57 77 78 83 98,11 12 24 28 58 66 80 81 88 89 91 95 97
163,66,88,83,13 14 55 56 72 79 87 89 95 96 98,12 15 16 27 28 36 40 53 57 60 65 71 73 78 82 85 91,13 14 55 56 72 79 87 89 95 96 98,12 15 16 27 28 57 60 65 71 73 78 82 85 91
164,83,98,66,13 14 56 57 79 87 88 89 95,11 12 15 27 28 36 40 53 55 65 72 78 81 82 85 91 96 97,13 14 56 57 79 87 88 89 95,11 12 15 27 28 55 65 72 78 81 82 85 91 96 97
165,87,88,66,13 14 15 55 72 83 89 95 96 98,12 16 36 40 48 53 56 57 60 71 73 79 85 91,13 14 15 55 72 83 89 95 96 98,12 16 56 57 60 71 73 79 85 91
166,66,98,89,12 13 14 57 79 83 87 88,11 15 36 38 40 53 55 56 65 72 78 81 82 95 96 97,12 13 14 57 79 83 87 88,11 15 55 56 65 72 78 81 82 95 96 97
167,67,76,71,3 4 31 32 60 62 72 73 96,1 2 16 17 19 30 55 63 68 85 86 88 94 95 103 115 116,3 4 31 32 60 62 72 73 96,1 2 16 17 19 30 55 63 68 85 86 88 94 95
168,69,86,68,3 4 19 20 59 61 63 70 75,1 2 6 7 8 21 32 62 67 74 76 84 90 92 93 101 105 112,3 4 19 20 59 61 63 70 75,1 2 6 7 8 21 32 62 67 74 76 84 90 92 93
169,74,92,70,22 23 58 59 61 64 69 80 84 90,7 8 9 10 20 21 24 63 68 75 77 78 81 86 97 100 114 118,22 23 58 59 61 64 69 80 84 90,7 8 9 10 20 21 24 63 68 75 77 78 81 86 97
170,70,92,84,21 22 23 58 59 61 69 74 80,7 8 20 24 63 64 68 75 77 78 81 86 90 100 105 114 118,21 22 23 58 59 61 69 74 80,7 8 20 24 63 64 68 75 77 78 81 86 90
171,72,96,71,55 60 62 67 73 76 85 88 95,2 3 4 15 16 17 29 30 31 32 56 66 83 87 91 94,55 60 62 67 73 76 85 88 95,2 3 4 15 16 17 29 30 31 32 56 66 83 87 91 94
172,71,96,73,16 17 55 60 62 67 72 76 88 94,2 3 4 15 18 30 31 32 33 46 48 66 83 85 87 95,16 17 55 60 62 67 72 76 88 94,2 3 4 15 18 30 31 32 66 83 85 87 95
173,85,95,72,29 30 56 60 71 83 88 91 96,27 28 31 55 62 66 67 73 76 79 82 87 98 99 115 119,29 30 56 60 71 83 88 91 96,27 28 31 55 62 66 67 73 76 79 82 87 98
174,72,95,88,55 56 60 66 71 83 85 87 91 96,13 14 15 16 27 28 29 30 31 62 67 73 76 79 82 89 98,55 56 60 66 71 83 85 87 91 96,13 14 15 16 27 28 29 30 31 62 67 73 76 79 82 89 98
175,88,96,72,55 60 66 71 73 83 85 87 95,13 14 15 16 17 29 30 31 56 62 67 76 79 89 91 94 98,55 60 66 71 73 83 85 87 95,13 14 15 16 17 29 30 31 56 62 67 76 79 89 91 94 98
176,80,92,74,22 23 58 59 64 70 78 81 84 90,7 8 9 10 21 24 57 61 65 69 75 77 79 97 100 114 118,22 23 58 59 64 70 78 81 84 90,7 8 9 10 21 24 57 61 65 69 75 77 79 97
177,80,81,78,57 58 64 65 74 77 79 92 97,9 10 11 12 22 23 24 25 26 56 59 70 82 83 84 89 90 98,57 58 64 65 74 77 79 92 97,9 10 11 12 22 23 24 25 26 56 59 70 82 83 84 89 90 98
178,79,98,83,56 57 65 66 78 82 88 89 95,11 12 13 14 25 26 27 28 55 58 72 77 80 81 85 87 91 96 97,56 57 65 66 78 82 88 89 95,11 12 13 14 25 26 27 28 55 58 72 77 80 81 85 87 91 96 97
179,88,95,83,55 56 66 72 79 85 87 91 96 98,13 14 15 16 27 28 29 30 57 60 65 71 73 78 82 89,55 56 66 72 79 85 87 91 96 98,13 14 15 16 27 28 29 30 57 60 65 71 73 78 82 89
180,91,95,85,28 29 30 56 60 72 83 88,27 31 55 66 71 76 79 82 87 96 98 99 106 115 119,28 29 30 56 60 72 83 88,27 31 55 66 71 76 79 82 87 96 98
181,19,101,1,4 20 32 86 112 113 116 120,3 21 31 61 67 68 69 76 103 105 109 110 111,20 32 112 113 116 120,21 31 103 105 109 110 111
182,1,116,32,4 19 31 76 101 103 120,3 20 30 60 67 68 71 86 109 111 112 113 115,19 31 101 103 120,20 30 109 111 112 113 115
183,101,116,1,4 19 32 103 112 113 120,3 20 31 67 68 76 86 105 109 110 111 115,19 32 103 112 113 120,20 31 105 109 110 111 115
184,20,112,19,1 4 21 61 86 101 105 113,3 22 32 67 68 69 70 76 84 109 110 114 116 120,1 21 101 105 113,22 32 109 110 114 116 120
185,19,112,101,1 4 20 86 105 113 116 120,3 21 32 61 67 68 69 76 103 109 110 111 114,1 20 105 113 116 120,21 32 103 109 110 111 114
186,21,105,20,19 22 61 84 86 110 112 113 114,1 4 23 68 69 70 92 100 101 104 108 109 118 120,19 22 110 112 113 114,1 23 100 101 104 108 109 118 120
187,105,112,20,19 21 61 86 101 110 113 114,1 4 22 68 69 70 84 100 104 108 109 116 118 120,19 21 101 110 113 114,1 22 100 104 108 109 116 118 120
188,22,114,21,20 23 61 84 92 100 105 110,19 24 58 69 70 74 80 86 104 108 109 112 113 118,20 23 100 105 110,19 24 104 108 109 112 113 118
189,21,114,105,20 22 61 84 100 110 112 113,19 23 69 70 86 92 101 104 108 109 118 120,20 22 100 110 112 113,19 23 101 104 108 109 118 120
190,23,100,22,21 24 58 84 92 110 114 118,20 25 61 70 74 77 78 80 104 105 108 109 113,21 24 110 114 118,20 25 104 105 108 109 113
191,100,114,22,21 23 84 92 105 110 118,20 24 58 61 70 74 80 104 108 109 112 113,21 23 105 110 118,20 24 104 108 109 112 113
192,24,118,23,22 25 58 77 92 100 104 110,21 26 65 70 74 78 80 84 105 108 109 113 114 117,22 25 100 104 110,21 26 105 108 109 113 114 117
193,23,118,100,22 24 58 92 104 110 114,21 25 70 74 77 78 80 84 105 108 109 113 117,22 24 104 110 114,21 25 105 108 109 113 117
194,25,104,24,23 26 58 65 77 108 110 117 118,22 27 78 79 80 82 92 100 102 105 107 109 113 114,23 26 108 110 117 118,22 27 100 102 105 107 109 113 114
195,104,118,24,23 25 58 77 100 108 110 117,22 26 65 78 80 92 102 105 107 109 113 114,23 25 100 108 110 117,22 26 102 105 107 109 113 114
196,26,117,25,24 27 65 77 82 102 104 108,23 28 56 58 78 79 106 107 109 110 118,24 27 102 104 108,23 28 106 107 109 110 118
197,25,117,104,24 26 65 77 102 108 110 118,23 27 58 78 79 82 100 105 106 107 109 113 114,24 26 102 108 110 118,23 27 100 105 106 107 109 113 114
198,27,102,26,25 28 56 65 82 106 107 108 117,24 29 77 78 79 83 91 95 99 104 109 110 111 119,25 28 106 107 108 117,24 29 99 104 109 110 111 119
199,102,117,26,25 27 65 82 104 106 107 108,24 28 56 77 78 79 99 109 110 111 118 119,25 27 104 106 107 108,24 28 99 109 110 111 118 119
200,28,106,27,26 29 56 82 91 102 107 119,25 30 65 79 83 85 95 99 108 109 111 117,26 29 102 107 119,25 30 99 108 109 111 117
201,27,106,102,26 28 56 82 107 108 117 119,25 29 65 79 83 91 95 99 104 109 110 111,26 28 107 108 117 119,25 29 99 104 109 110 111
202,29,119,28,27 30 56 85 91 99 106 107,26 31 60 72 79 82 83 95 102 108 109 111 115,27 30 99 106 107,26 31 102 108 109 111 115
203,28,119,106,27 29 56 91 99 102 107,26 30 79 82 83 85 95 108 109 111 115 117,27 29 99 102 107,26 30 108 109 111 115 117
204,30,99,29,28 31 60 85 91 107 111 115 119,27 32 56 71 72 76 95 102 103 106 108 109 120,28 31 107 111 115 119,27 32 102 103 106 108 109 120
205,99,119,29,28 30 85 91 106 107 111 115,27 31 56 60 72 95 102 103 108 109 120,28 30 106 107 111 115,27 31 102 103 108 109 120
206,31,115,30,29 32 60 76 85 99 103 111,1 4 28 67 71 72 91 95 107 109 116 119 120,29 32 99 103 111,1 28 107 109 116 119 120
207,30,115,99,29 31 60 85 103 107 111 119,28 32 71 72 76 91 95 102 106 108 109 116 120,29 31 103 107 111 119,28 32 102 106 108 109 116 120
208,32,103,31,1 4 30 60 76 111 115 116 120,3 19 29 67 68 71 72 85 86 99 101 107 109 113,1 30 111 115 116 120,19 29 99 101 107 109 113
209,103,115,31,30 32 60 76 99 111 116 120,1 4 29 67 71 72 85 101 107 109 113 119,30 32 99 111 116 120,1 29 101 107 109 113 119
210,32,116,103,1 4 31 76 101 111 115 120,3 19 30 60 67 68 71 86 99 107 109 112 113,1 31 101 111 115 120,19 30 99 107 109 112 113
211,99,111,107,29 30 102 103 106 108 109 115 119 120,26 27 28 31 32 60 85 91 101 104 110 113 116 117,29 30 102 103 106 108 109 115 119 120,26 27 28 31 32 101 104 110 113 116 117
212,107,119,99,28 29 30 102 106 108 109 111 115,26 27 31 56 60 85 91 103 104 110 113 117 120,28 29 30 102 106 108 109 111 115,26 27 31 103 104 110 113 117 120
213,99,115,111,29 30 31 103 107 109 119 120,28 32 60 76 85 91 101 102 106 108 110 113 116,29 30 31 103 107 109 119 120,28 32 101 102 106 108 110 113 116
214,110,114,100,21 22 23 104 105 108 109 113 118,20 24 25 58 61 84 92 101 102 107 111 112 117 120,21 22 23 104 105 108 109 113 118,20 24 25 101 102 107 111 112 117 120
215,100,118,110,22 23 24 104 105 108 109 113 114,20 21 25 58 77 84 92 101 102 107 111 112 117 120,22 23 24 104 105 108 109 113 114,20 21 25 101 102 107 111 112 117 120
216,112,113,101,1 19 20 105 109 110 116 120,4 21 32 61 86 100 103 104 107 108 111 114 118,1 19 20 105 109 110 116 120,21 32 100 103 104 107 108 111 114 118
217,113,120,101,1 19 103 105 109 110 111 112 116,4 20 21 31 32 86 99 100 104 107 108 114 115 118,1 19 103 105 109 110 111 112 116,20 21 31 32 99 100 104 107 108 114 115 118
218,101,120,116,1 19 32 103 109 111 112 113,4 20 31 76 86 99 105 107 108 110 115,1 19 32 103 109 111 112 113,20 31 99 105 107 108 110 115
219,106,107,102,26 27 28 99 108 109 111 117 119,25 29 30 56 65 82 91 103 104 110 113 115 120,26 27 28 99 108 109 111 117 119,25 29 30 103 104 110 113 115 120
220,107,108,102,26 27 99 104 106 109 110 111 117 119,24 25 28 29 30 56 65 82 100 103 105 113 114 115 118 120,26 27 99 104 106 109 110 111 117 119,24 25 28 29 30 100 103 105 113 114 115 118 120
221,108,117,102,25 26 27 104 106 107 109 110,24 28 56 65 77 82 99 100 105 111 113 114 118 119 120,25 26 27 104 106 107 109 110,24 28 99 100 105 111 113 114 118 119 120
222,111,115,103,30 31 32 99 107 109 116 120,1 4 29 60 76 85 101 102 106 108 110 113 119,30 31 32 99 107 109 116 120,1 29 101 102 106 108 110 113 119
223,103,120,111,31 32 99 101 107 109 113 115 116,1 4 19 29 30 60 76 102 105 106 108 110 112 119,31 32 99 101 107 109 113 115 116,1 19 29 30 102 105 106 108 110 112 119
224,116,120,103,1 31 32 101 109 111 113 115,4 19 30 60 76 99 105 107 108 110 112,1 31 32 101 109 111 113 115,19 30 99 105 107 108 110 112
225,108,110,104,24 25 100 102 105 107 109 113 114 117 118,20 21 22 23 26 27 58 65 77 99 101 106 111 112 119 120,24 25 100 102 105 107 109 113 114 117 118,20 21 22 23 26 27 99 101 106 111 112 119 120
226,104,117,108,24 25 26 102 107 109 110 118,23 27 58 65 77 82 99 100 105 106 111 113 114 119 120,24 25 26 102 107 109 110 118,23 27 99 100 105 106 111 113 114 119 120
227,110,118,104,23 24 25 100 105 108 109 113 114 117,20 21 22 26 58 65 77 92 101 102 107 111 112 120,23 24 25 100 105 108 109 113 114 117,20 21 22 26 101 102 107 111 112 120
228,110,113,105,20 21 100 101 104 108 109 112 114 118 120,1 19 22 23 24 25 61 84 86 102 103 107 111 116 117,20 21 100 101 104 108 109 112 114 118 120,1 19 22 23 24 25 102 103 107 111 116 117
229,105,114,110,20 21 22 100 104 108 109 112 113 118,19 23 24 25 61 84 86 92 101 102 107 111 117 120,20 21 22 100 104 108 109 112 113 118,19 23 24 25 101 102 107 111 117 120
230,105,113,112,19 20 21 101 109 110 114 120,1 4 22 61 84 86 100 103 104 107 108 111 116 118,19 20 21 101 109 110 114 120,1 22 100 103 104 107 108 111 116 118
231,106,119,107,27 28 29 99 102 108 109 111,26 30 56 82 85 91 103 104 110 113 115 117 120,27 28 29 99 102 108 109 111,26 30 103 104 110 113 115 117 120
232,107,109,108,99 102 104 106 110 111 113 117 119 120,24 25 26 27 28 29 30 100 101 103 105 112 114 115 116 118,99 102 104 106 110 111 113 117 119 120,24 25 26 27 28 29 30 100 101 103 105 112 114 115 116 118
233,107,111,109,99 102 103 106 108 110 113 115 119 120,26 27 28 29 30 31 32 100 101 104 105 112 114 116 117 118,99 102 103 106 108 110 113 115 119 120,26 27 28 29 30 31 32 100 101 104 105 112 114 116 117 118
234,109,110,108,100 102 104 105 107 111 113 114 117 118 120,20 21 22 23 24 25 26 27 99 101 103 106 112 115 116 119,100 102 104 105 107 111 113 114 117 118 120,20 21 22 23 24 25 26 27 99 101 103 106 112 115 116 119
235,109,113,110,100 101 104 105 107 108 111 112 114 118 120,1 19 20 21 22 23 24 25 99 102 103 106 115 116 117 119,100 101 104 105 107 108 111 112 114 118 120,1 19 20 21 22 23 24 25 99 102 103 106 115 116 117 119
236,111,120,109,99 101 103 107 108 110 113 115 116,1 19 29 30 31 32 100 102 104 105 106 112 114 117 118 119,99 101 103 107 108 110 113 115 116,1 19 29 30 31 32 100 102 104 105 106 112 114 117 118 119
237,109,120,113,101 103 105 107 108 110 111 112 116,1 19 20 21 31 32 99 100 102 104 106 114 115 117 118 119,101 103 105 107 108 110 111 112 116,1 19 20 21 31 32 99 100 102 104 106 114 115 117 118 119
