triangle_id,A_id,B_id,C_id,scale_factors1_x,scale_factors1_y,scale_factors1_z,A_transformed_x,A_transformed_y,A_transformed_z,B_transformed_x,B_transformed_y,B_transformed_z,C_transformed_x,C_transformed_y,C_transformed_z,ABC_new_A,ABC_new_B,ABC_new_C,ABC_new_D,ABC_new_E,ABC_new_F,ABC_new_G,ABC_new_H,ABC_new_I,ABC_new_J,Ax,Ay,Az,Bx,By,Bz,Cx,Cy,Cz,ABC_A,ABC_B,ABC_C,ABC_D,ABC_E,ABC_F,ABC_G,ABC_H,ABC_I,ABC_J
154,0,120,15,0.999999999998,1,1,2.2360679775,2,0,1.9400289906,1.66244172359,0.570799031868,2.2360679775,2,0.5,1,-1,0,0,0,0,0,0,0,-1,2.2360679775,2,0,1.94002899059,1.66244172359,0.570799031868,2.2360679775,2,0.5,1,-0.999999999999,0,0,0,0,0,0,0,-1
155,29,120,0,1,1,1,1.84316798166,1.54831140557,0,1.94002899059,1.66244172359,0.570799031868,2.2360679775,2,0,1,-1,0,0,0,0,0,0,0,-1,1.84316798166,1.54831140557,0,1.94002899059,1.66244172359,0.570799031868,2.2360679775,2,0,1,-1,0,0,0,0,0,0,0,-1
156,15,120,3,0.999999999997,1,1,2.23606797751,2,0.5,1.9400289906,1.66244172359,0.570799031868,2.23606797751,2,1,1,-1,0,0,0,0,0,0,0,-1,2.2360679775,2,0.5,1.94002899059,1.66244172359,0.570799031868,2.2360679775,2,1,1.00000000001,-0.999999999999,0,0,0,0,0,0,0,-1
157,3,120,38,0.999999999979,1.00000000001,1,2.23606797755,1.99999999999,1,1.94002899063,1.66244172358,0.570799031868,1.84316798283,1.5483114069,1,1,-1,0,0,0,0,0,0,0,-1,2.2360679775,2,1,1.94002899059,1.66244172359,0.570799031868,1.84316798279,1.54831140691,1,1.00000000004,-0.999999999988,0,0,0,0,0,0,0,-1
158,5,122,23,1,1,1,2.2360679775,-2,0,2.05932464646,-1.80022720775,0.256451878017,1.84316798166,-1.54831140557,0,1,-1,0,0,0,0,0,0,0,-1,2.2360679775,-2,0,2.05932464646,-1.80022720775,0.256451878017,1.84316798166,-1.54831140557,0,1,-1,0,0,0,0,0,0,0,-1
159,45,122,5,0.999999999977,1.00000000001,1,2.23606797755,-1.99999999999,0.5,2.05932464651,-1.80022720774,0.256451878017,2.23606797755,-1.99999999999,0,1,-1,0,0,0,0,0,0,0,-1,2.2360679775,-2,0.5,2.05932464646,-1.80022720775,0.256451878017,2.2360679775,-2,0,1.00000000005,-0.999999999986,0,0,0,0,0,0,0,-1
160,44,121,7,0.999999999972,1.00000000001,1,1.84316798268,-1.5483114067,1,1.94002899072,-1.66244172367,0.57079903199,2.23606797756,-1.99999999998,1,1,-1,0,0,0,0,0,0,0,-1,1.84316798262,-1.54831140672,1,1.94002899067,-1.66244172368,0.57079903199,2.2360679775,-2,1,1.00000000006,-0.999999999984,0,0,0,0,0,0,0,-1
161,7,121,45,0.999999999999,1,1,2.2360679775,-2,1,1.94002899067,-1.66244172368,0.57079903199,2.2360679775,-2,0.5,1,-1,0,0,0,0,0,0,0,-1,2.2360679775,-2,1,1.94002899067,-1.66244172368,0.57079903199,2.2360679775,-2,0.5,1,-0.999999999999,0,0,0,0,0,0,0,-1
162,23,119,24,1,1,1,1.84316798166,-1.54831140557,0,1.63793940099,-1.29724534353,0.511792871077,1.47131712474,-1.07924699747,0,1,-1,0,0,0,0,0,0,0,-1,1.84316798166,-1.54831140557,0,1.63793940099,-1.29724534353,0.511792871077,1.47131712474,-1.07924699747,0,1,-1,0,0,0,0,0,0,0,-1
163,23,121,119,0.999999999999,1,1,1.84316798166,-1.54831140557,0,1.94002899067,-1.66244172368,0.57079903199,1.63793940099,-1.29724534353,0.511792871077,1,-1,0,0,0,0,0,0,0,-1,1.84316798166,-1.54831140557,0,1.94002899067,-1.66244172368,0.57079903199,1.63793940099,-1.29724534353,0.511792871077,1,-0.999999999999,0,0,0,0,0,0,0,-1
164,23,122,121,0.999999999999,1,1,1.84316798166,-1.54831140557,0,2.05932464646,-1.80022720775,0.256451878017,1.94002899067,-1.66244172368,0.57079903199,1,-1,0,0,0,0,0,0,0,-1,1.84316798166,-1.54831140557,0,2.05932464646,-1.80022720775,0.256451878017,1.94002899067,-1.66244172368,0.57079903199,1,-1,0,0,0,0,0,0,0,-1
165,24,116,25,1,1,1,1.47131712474,-1.07924699747,0,1.30140314177,-0.832856612759,0.499958224292,1.15266018585,-0.573258671146,0,1,-1,0,0,0,0,0,0,0,-1,1.47131712474,-1.07924699747,0,1.30140314177,-0.832856612759,0.499958224292,1.15266018585,-0.573258671146,0,1,-1,0,0,0,0,0,0,0,-1
166,24,119,116,1,1,1,1.47131712474,-1.07924699747,0,1.63793940099,-1.29724534353,0.511792871077,1.30140314177,-0.832856612759,0.499958224292,1,-1,0,0,0,0,0,0,0,-1,1.47131712474,-1.07924699747,0,1.63793940099,-1.29724534353,0.511792871077,1.30140314177,-0.832856612759,0.499958224292,1,-1,0,0,0,0,0,0,0,-1
167,25,114,26,1,1,1,1.15266018585,-0.573258671146,0,1.04268254555,-0.29527426369,0.499772726219,1,-8.89342596859e-16,0,1,-1,0,0,0,0,0,0,0,-1,1.15266018585,-0.573258671146,0,1.04268254555,-0.29527426369,0.499772726219,1,-8.89342596859e-16,0,1,-1,0,0,0,0,0,0,0,-1
168,25,116,114,1,1,1,1.15266018585,-0.573258671146,0,1.30140314177,-0.832856612759,0.499958224292,1.04268254555,-0.29527426369,0.499772726219,1,-1,0,0,0,0,0,0,0,-1,1.15266018585,-0.573258671146,0,1.30140314177,-0.832856612759,0.499958224292,1.04268254555,-0.29527426369,0.499772726219,1,-1,0,0,0,0,0,0,0,-1
169,26,115,27,1,1,1,1,-8.89342596859e-16,0,1.04269639279,0.295323157797,0.499936169664,1.15266018585,0.573258671146,0,1,-1,0,0,0,0,0,0,0,-1,1,-8.89342596859e-16,0,1.04269639279,0.295323157797,0.499936169664,1.15266018585,0.573258671146,0,1,-1,0,0,0,0,0,0,0,-1
170,114,115,26,1,1,1,1.04268254555,-0.29527426369,0.499772726219,1.04269639279,0.295323157797,0.499936169664,1,-8.89342596859e-16,0,1,-1,0,0,0,0,0,0,0,-1,1.04268254555,-0.29527426369,0.499772726219,1.04269639279,0.295323157797,0.499936169664,1,-8.89342596859e-16,0,1,-1,0,0,0,0,0,0,0,-1
171,27,117,28,1,1,1,1.15266018585,0.573258671146,0,1.30140770764,0.832863747257,0.499985465068,1.47131712474,1.07924699747,0,1,-1,0,0,0,0,0,0,0,-1,1.15266018585,0.573258671146,0,1.30140770764,0.832863747257,0.499985465068,1.47131712474,1.07924699747,0,1,-1,0,0,0,0,0,0,0,-1
172,115,117,27,1,1,1,1.04269639279,0.295323157797,0.499936169664,1.30140770764,0.832863747257,0.499985465068,1.15266018585,0.573258671146,0,1,-1,0,0,0,0,0,0,0,-1,1.04269639279,0.295323157797,0.499936169664,1.30140770764,0.832863747257,0.499985465068,1.15266018585,0.573258671146,0,1,-1,0,0,0,0,0,0,0,-1
173,28,118,29,1,1,1,1.47131712474,1.07924699747,0,1.63794027787,1.29724645071,0.511797411195,1.84316798166,1.54831140557,0,1,-1,0,0,0,0,0,0,0,-1,1.47131712474,1.07924699747,0,1.63794027787,1.29724645071,0.511797411195,1.84316798166,1.54831140557,0,1,-1,0,0,0,0,0,0,0,-1
174,117,118,28,1,1,1,1.30140770764,0.832863747257,0.499985465068,1.63794027787,1.29724645071,0.511797411195,1.47131712474,1.07924699747,0,1,-1,0,0,0,0,0,0,0,-1,1.30140770764,0.832863747257,0.499985465068,1.63794027787,1.29724645071,0.511797411195,1.47131712474,1.07924699747,0,1,-1,0,0,0,0,0,0,0,-1
175,118,120,29,1,1,1,1.63794027787,1.29724645071,0.511797411195,1.94002899059,1.66244172359,0.570799031868,1.84316798166,1.54831140557,0,1,-1,0,0,0,0,0,0,0,-1,1.63794027787,1.29724645071,0.511797411195,1.94002899059,1.66244172359,0.570799031868,1.84316798166,1.54831140557,0,1,-1,0,0,0,0,0,0,0,-1
176,38,118,39,1,1,1,1.84316798279,1.54831140691,1,1.63794027787,1.29724645071,0.511797411195,1.47131713362,1.07924700958,1,1,-1,0,0,0,0,0,0,0,-1,1.84316798279,1.54831140691,1,1.63794027787,1.29724645071,0.511797411195,1.47131713362,1.07924700958,1,0.999999999998,-1,0,0,0,0,0,0,0,-1
177,38,120,118,0.999999999998,1,1,1.84316798279,1.54831140691,1,1.9400289906,1.66244172359,0.570799031868,1.63794027788,1.29724645071,0.511797411195,1,-1,0,0,0,0,0,0,0,-1,1.84316798279,1.54831140691,1,1.94002899059,1.66244172359,0.570799031868,1.63794027787,1.29724645071,0.511797411195,1,-0.999999999999,0,0,0,0,0,0,0,-1
178,39,117,40,1,1,1,1.47131713362,1.07924700958,1,1.30140770764,0.832863747257,0.499985465068,1.1526601862,0.573258671842,1,1,-1,0,0,0,0,0,0,0,-1,1.47131713362,1.07924700958,1,1.30140770764,0.832863747257,0.499985465068,1.1526601862,0.573258671842,1,1,-1,0,0,0,0,0,0,0,-1
179,39,118,117,1,1,1,1.47131713362,1.07924700958,1,1.63794027787,1.29724645071,0.511797411195,1.30140770764,0.832863747257,0.499985465068,1,-1,0,0,0,0,0,0,0,-1,1.47131713362,1.07924700958,1,1.63794027787,1.29724645071,0.511797411195,1.30140770764,0.832863747257,0.499985465068,1,-1,0,0,0,0,0,0,0,-1
180,40,115,41,1,1,1,1.1526601862,0.573258671842,1,1.04269639279,0.295323157797,0.499936169664,1,3.79637662609e-10,1,1,-1,0,0,0,0,0,0,0,-1,1.1526601862,0.573258671842,1,1.04269639279,0.295323157797,0.499936169664,1,3.79637662609e-10,1,1,-1,0,0,0,0,0,0,0,-1
181,40,117,115,1,1,1,1.1526601862,0.573258671842,1,1.30140770764,0.832863747257,0.499985465068,1.04269639279,0.295323157797,0.499936169664,1,-1,0,0,0,0,0,0,0,-1,1.1526601862,0.573258671842,1,1.30140770764,0.832863747257,0.499985465068,1.04269639279,0.295323157797,0.499936169664,1,-1,0,0,0,0,0,0,0,-1
182,41,114,42,1,1,1,1,3.79637662609e-10,1,1.04268254555,-0.29527426369,0.499772726219,1.1526601862,-0.573258671842,1,1,-1,0,0,0,0,0,0,0,-1,1,3.79637662609e-10,1,1.04268254555,-0.29527426369,0.499772726219,1.1526601862,-0.573258671842,1,1,-1,0,0,0,0,0,0,0,-1
183,41,115,114,1,1,1,1,3.79637662609e-10,1,1.04269639279,0.295323157797,0.499936169664,1.04268254555,-0.29527426369,0.499772726219,1,-1,0,0,0,0,0,0,0,-1,1,3.79637662609e-10,1,1.04269639279,0.295323157797,0.499936169664,1.04268254555,-0.29527426369,0.499772726219,1,-1,0,0,0,0,0,0,0,-1
184,42,116,43,1,1,1,1.1526601862,-0.573258671842,1,1.30140314177,-0.832856612759,0.499958224292,1.47131713299,-1.07924700872,1,1,-1,0,0,0,0,0,0,0,-1,1.1526601862,-0.573258671842,1,1.30140314177,-0.832856612759,0.499958224292,1.47131713299,-1.07924700872,1,1,-1,0,0,0,0,0,0,0,-1
185,114,116,42,1,1,1,1.04268254555,-0.29527426369,0.499772726219,1.30140314177,-0.832856612759,0.499958224292,1.1526601862,-0.573258671842,1,1,-1,0,0,0,0,0,0,0,-1,1.04268254555,-0.29527426369,0.499772726219,1.30140314177,-0.832856612759,0.499958224292,1.1526601862,-0.573258671842,1,1,-1,0,0,0,0,0,0,0,-1
186,43,119,44,1,1,1,1.47131713299,-1.07924700872,1,1.63793940099,-1.29724534353,0.511792871077,1.84316798262,-1.54831140672,1,1,-1,0,0,0,0,0,0,0,-1,1.47131713299,-1.07924700872,1,1.63793940099,-1.29724534353,0.511792871077,1.84316798262,-1.54831140672,1,0.999999999998,-1,0,0,0,0,0,0,0,-1
187,116,119,43,0.999999999999,1,1,1.30140314177,-0.832856612759,0.499958224292,1.63793940099,-1.29724534353,0.511792871077,1.47131713299,-1.07924700872,1,1,-1,0,0,0,0,0,0,0,-1,1.30140314177,-0.832856612759,0.499958224292,1.63793940099,-1.29724534353,0.511792871077,1.47131713299,-1.07924700872,1,1,-1,0,0,0,0,0,0,0,-1
188,119,121,44,0.999999999998,1,1,1.63793940099,-1.29724534353,0.511792871077,1.94002899067,-1.66244172368,0.57079903199,1.84316798263,-1.54831140672,1,1,-1,0,0,0,0,0,0,0,-1,1.63793940099,-1.29724534353,0.511792871077,1.94002899067,-1.66244172368,0.57079903199,1.84316798262,-1.54831140672,1,1,-0.999999999999,0,0,0,0,0,0,0,-1
189,121,122,45,0.999999999999,1,1,1.94002899067,-1.66244172368,0.57079903199,2.05932464646,-1.80022720775,0.256451878017,2.2360679775,-2,0.5,1,-1,0,0,0,0,0,0,0,-1,1.94002899067,-1.66244172368,0.57079903199,2.05932464646,-1.80022720775,0.256451878017,2.2360679775,-2,0.5,1,-0.999999999999,0,0,0,0,0,0,0,-1
301,38,162,3,0.999999999978,1.00000000001,1,1.84316798283,1.5483114069,1,1.94002899064,1.66244172358,1.42920096813,2.23606797755,1.99999999999,1,1,-1,0,0,0,0,0,0,0,-1,1.84316798279,1.54831140691,1,1.94002899059,1.66244172359,1.42920096813,2.2360679775,2,1,1.00000000004,-0.999999999988,0,0,0,0,0,0,0,-1
302,3,162,48,0.999999999998,1,1,2.2360679775,2,1,1.9400289906,1.66244172359,1.42920096813,2.2360679775,2,1.5,1,-1,0,0,0,0,0,0,0,-1,2.2360679775,2,1,1.94002899059,1.66244172359,1.42920096813,2.2360679775,2,1.5,1,-0.999999999999,0,0,0,0,0,0,0,-1
303,7,163,44,0.999999999968,1.00000000001,1,2.23606797757,-1.99999999998,1,1.94002899073,-1.66244172366,1.42920096801,1.84316798268,-1.5483114067,1,1,-1,0,0,0,0,0,0,0,-1,2.2360679775,-2,1,1.94002899067,-1.66244172368,1.42920096801,1.84316798262,-1.54831140672,1,1.00000000006,-0.999999999982,0,0,0,0,0,0,0,-1
304,64,163,7,0.999999999999,1,1,2.2360679775,-2,1.5,1.94002899067,-1.66244172368,1.42920096801,2.2360679775,-2,1,1,-1,0,0,0,0,0,0,0,-1,2.2360679775,-2,1.5,1.94002899067,-1.66244172368,1.42920096801,2.2360679775,-2,1,1,-1,0,0,0,0,0,0,0,-1
305,48,164,9,0.999999999973,1.00000000001,1,2.23606797756,1.99999999998,1.5,2.05932464653,1.80022720775,1.74354812199,2.23606797756,1.99999999998,2,1,-1,0,0,0,0,0,0,0,-1,2.2360679775,2,1.5,2.05932464647,1.80022720776,1.74354812199,2.2360679775,2,2,1.00000000005,-0.999999999984,0,0,0,0,0,0,0,-1
306,9,164,63,0.999999999999,1,1,2.2360679775,2,2,2.05932464647,1.80022720776,1.74354812199,1.84316798166,1.54831140557,2,1,-1,0,0,0,0,0,0,0,-1,2.2360679775,2,2,2.05932464647,1.80022720776,1.74354812199,1.84316798166,1.54831140557,2,1,-1,0,0,0,0,0,0,0,-1
307,57,163,11,0.999999999999,1,1,1.84316798166,-1.54831140557,2,1.94002899067,-1.66244172368,1.42920096801,2.2360679775,-2,2,1,-1,0,0,0,0,0,0,0,-1,1.84316798166,-1.54831140557,2,1.94002899067,-1.66244172368,1.42920096801,2.2360679775,-2,2,1,-0.999999999999,0,0,0,0,0,0,0,-1
308,11,163,64,0.999999999999,1,1,2.2360679775,-2,2,1.94002899067,-1.66244172368,1.42920096801,2.2360679775,-2,1.5,1,-1,0,0,0,0,0,0,0,-1,2.2360679775,-2,2,1.94002899067,-1.66244172368,1.42920096801,2.2360679775,-2,1.5,1,-1,0,0,0,0,0,0,0,-1
309,39,160,38,1,1,1,1.47131713362,1.07924700958,1,1.63794027787,1.29724645071,1.4882025888,1.84316798279,1.54831140691,1,1,-1,0,0,0,0,0,0,0,-1,1.47131713362,1.07924700958,1,1.63794027787,1.29724645071,1.4882025888,1.84316798279,1.54831140691,1,0.999999999998,-1,0,0,0,0,0,0,0,-1
310,160,162,38,0.999999999999,1,1,1.63794027788,1.29724645071,1.4882025888,1.9400289906,1.66244172359,1.42920096813,1.84316798279,1.54831140691,1,1,-1,0,0,0,0,0,0,0,-1,1.63794027787,1.29724645071,1.4882025888,1.94002899059,1.66244172359,1.42920096813,1.84316798279,1.54831140691,1,1,-0.999999999999,0,0,0,0,0,0,0,-1
311,40,159,39,1,1,1,1.1526601862,0.573258671842,1,1.30140770764,0.832863747257,1.50001453493,1.47131713362,1.07924700958,1,1,-1,0,0,0,0,0,0,0,-1,1.1526601862,0.573258671842,1,1.30140770764,0.832863747257,1.50001453493,1.47131713362,1.07924700958,1,1,-1,0,0,0,0,0,0,0,-1
312,159,160,39,1,1,1,1.30140770764,0.832863747257,1.50001453493,1.63794027787,1.29724645071,1.4882025888,1.47131713362,1.07924700958,1,1,-1,0,0,0,0,0,0,0,-1,1.30140770764,0.832863747257,1.50001453493,1.63794027787,1.29724645071,1.4882025888,1.47131713362,1.07924700958,1,1,-1,0,0,0,0,0,0,0,-1
313,41,157,40,1,1,1,1,3.79637662609e-10,1,1.04269639279,0.295323157797,1.50006383034,1.1526601862,0.573258671842,1,1,-1,0,0,0,0,0,0,0,-1,1,3.79637662609e-10,1,1.04269639279,0.295323157797,1.50006383034,1.1526601862,0.573258671842,1,1,-1,0,0,0,0,0,0,0,-1
314,157,159,40,1,1,1,1.04269639279,0.295323157797,1.50006383034,1.30140770764,0.832863747257,1.50001453493,1.1526601862,0.573258671842,1,1,-1,0,0,0,0,0,0,0,-1,1.04269639279,0.295323157797,1.50006383034,1.30140770764,0.832863747257,1.50001453493,1.1526601862,0.573258671842,1,1,-1,0,0,0,0,0,0,0,-1
315,42,156,41,1,1,1,1.1526601862,-0.573258671842,1,1.04268254555,-0.29527426369,1.50022727378,1,3.79637662609e-10,1,1,-1,0,0,0,0,0,0,0,-1,1.1526601862,-0.573258671842,1,1.04268254555,-0.29527426369,1.50022727378,1,3.79637662609e-10,1,1,-1,0,0,0,0,0,0,0,-1
316,156,157,41,1,1,1,1.04268254555,-0.29527426369,1.50022727378,1.04269639279,0.295323157797,1.50006383034,1,3.79637662609e-10,1,1,-1,0,0,0,0,0,0,0,-1,1.04268254555,-0.29527426369,1.50022727378,1.04269639279,0.295323157797,1.50006383034,1,3.79637662609e-10,1,1,-1,0,0,0,0,0,0,0,-1
317,43,158,42,1,1,1,1.47131713299,-1.07924700872,1,1.30140314177,-0.832856612759,1.50004177571,1.1526601862,-0.573258671842,1,1,-1,0,0,0,0,0,0,0,-1,1.47131713299,-1.07924700872,1,1.30140314177,-0.832856612759,1.50004177571,1.1526601862,-0.573258671842,1,1,-1,0,0,0,0,0,0,0,-1
318,42,158,156,1,1,1,1.1526601862,-0.573258671842,1,1.30140314177,-0.832856612759,1.50004177571,1.04268254555,-0.29527426369,1.50022727378,1,-1,0,0,0,0,0,0,0,-1,1.1526601862,-0.573258671842,1,1.30140314177,-0.832856612759,1.50004177571,1.04268254555,-0.29527426369,1.50022727378,1,-1,0,0,0,0,0,0,0,-1
319,44,161,43,1,1,1,1.84316798262,-1.54831140672,1,1.63793940099,-1.29724534353,1.48820712892,1.47131713299,-1.07924700872,1,1,-1,0,0,0,0,0,0,0,-1,1.84316798262,-1.54831140672,1,1.63793940099,-1.29724534353,1.48820712892,1.47131713299,-1.07924700872,1,0.999999999998,-1,0,0,0,0,0,0,0,-1
320,43,161,158,1,1,1,1.47131713299,-1.07924700872,1,1.63793940099,-1.29724534353,1.48820712892,1.30140314177,-0.832856612759,1.50004177571,1,-1,0,0,0,0,0,0,0,-1,1.47131713299,-1.07924700872,1,1.63793940099,-1.29724534353,1.48820712892,1.30140314177,-0.832856612759,1.50004177571,1,-1,0,0,0,0,0,0,0,-1
321,44,163,161,0.999999999999,1,1,1.84316798262,-1.54831140672,1,1.94002899067,-1.66244172368,1.42920096801,1.63793940099,-1.29724534353,1.48820712892,1,-1,0,0,0,0,0,0,0,-1,1.84316798262,-1.54831140672,1,1.94002899067,-1.66244172368,1.42920096801,1.63793940099,-1.29724534353,1.48820712892,1,-1,0,0,0,0,0,0,0,-1
322,162,164,48,0.999999999996,1,1,1.9400289906,1.66244172359,1.42920096813,2.05932464648,1.80022720776,1.74354812199,2.23606797751,2,1.5,1,-1,0,0,0,0,0,0,0,-1,1.94002899059,1.66244172359,1.42920096813,2.05932464647,1.80022720776,1.74354812199,2.2360679775,2,1.5,1.00000000001,-0.999999999998,0,0,0,0,0,0,0,-1
323,58,161,57,1,1,1,1.47131712474,-1.07924699747,2,1.63793940099,-1.29724534353,1.48820712892,1.84316798166,-1.54831140557,2,1,-1,0,0,0,0,0,0,0,-1,1.47131712474,-1.07924699747,2,1.63793940099,-1.29724534353,1.48820712892,1.84316798166,-1.54831140557,2,1,-1,0,0,0,0,0,0,0,-1
324,161,163,57,1,1,1,1.63793940099,-1.29724534353,1.48820712892,1.94002899067,-1.66244172368,1.42920096801,1.84316798166,-1.54831140557,2,1,-1,0,0,0,0,0,0,0,-1,1.63793940099,-1.29724534353,1.48820712892,1.94002899067,-1.66244172368,1.42920096801,1.84316798166,-1.54831140557,2,1,-1,0,0,0,0,0,0,0,-1
325,59,158,58,1,1,1,1.15266018585,-0.573258671146,2,1.30140314177,-0.832856612759,1.50004177571,1.47131712474,-1.07924699747,2,1,-1,0,0,0,0,0,0,0,-1,1.15266018585,-0.573258671146,2,1.30140314177,-0.832856612759,1.50004177571,1.47131712474,-1.07924699747,2,1,-1,0,0,0,0,0,0,0,-1
326,158,161,58,1,1,1,1.30140314177,-0.832856612759,1.50004177571,1.63793940099,-1.29724534353,1.48820712892,1.47131712474,-1.07924699747,2,1,-1,0,0,0,0,0,0,0,-1,1.30140314177,-0.832856612759,1.50004177571,1.63793940099,-1.29724534353,1.48820712892,1.47131712474,-1.07924699747,2,1,-1,0,0,0,0,0,0,0,-1
327,60,156,59,1,1,1,1,-8.89342596859e-16,2,1.04268254555,-0.29527426369,1.50022727378,1.15266018585,-0.573258671146,2,1,-1,0,0,0,0,0,0,0,-1,1,-8.89342596859e-16,2,1.04268254555,-0.29527426369,1.50022727378,1.15266018585,-0.573258671146,2,1,-1,0,0,0,0,0,0,0,-1
328,156,158,59,1,1,1,1.04268254555,-0.29527426369,1.50022727378,1.30140314177,-0.832856612759,1.50004177571,1.15266018585,-0.573258671146,2,1,-1,0,0,0,0,0,0,0,-1,1.04268254555,-0.29527426369,1.50022727378,1.30140314177,-0.832856612759,1.50004177571,1.15266018585,-0.573258671146,2,1,-1,0,0,0,0,0,0,0,-1
329,61,157,60,1,1,1,1.15266018585,0.573258671146,2,1.04269639279,0.295323157797,1.50006383034,1,-8.89342596859e-16,2,1,-1,0,0,0,0,0,0,0,-1,1.15266018585,0.573258671146,2,1.04269639279,0.295323157797,1.50006383034,1,-8.89342596859e-16,2,1,-1,0,0,0,0,0,0,0,-1
330,60,157,156,1,1,1,1,-8.89342596859e-16,2,1.04269639279,0.295323157797,1.50006383034,1.04268254555,-0.29527426369,1.50022727378,1,-1,0,0,0,0,0,0,0,-1,1,-8.89342596859e-16,2,1.04269639279,0.295323157797,1.50006383034,1.04268254555,-0.29527426369,1.50022727378,1,-1,0,0,0,0,0,0,0,-1
331,62,159,61,1,1,1,1.47131712474,1.07924699747,2,1.30140770764,0.832863747257,1.50001453493,1.15266018585,0.573258671146,2,1,-1,0,0,0,0,0,0,0,-1,1.47131712474,1.07924699747,2,1.30140770764,0.832863747257,1.50001453493,1.15266018585,0.573258671146,2,1,-1,0,0,0,0,0,0,0,-1
332,61,159,157,1,1,1,1.15266018585,0.573258671146,2,1.30140770764,0.832863747257,1.50001453493,1.04269639279,0.295323157797,1.50006383034,1,-1,0,0,0,0,0,0,0,-1,1.15266018585,0.573258671146,2,1.30140770764,0.832863747257,1.50001453493,1.04269639279,0.295323157797,1.50006383034,1,-1,0,0,0,0,0,0,0,-1
333,63,160,62,1,1,1,1.84316798166,1.54831140557,2,1.63794027787,1.29724645071,1.4882025888,1.47131712474,1.07924699747,2,1,-1,0,0,0,0,0,0,0,-1,1.84316798166,1.54831140557,2,1.63794027787,1.29724645071,1.4882025888,1.47131712474,1.07924699747,2,1,-1,0,0,0,0,0,0,0,-1
334,62,160,159,1,1,1,1.47131712474,1.07924699747,2,1.63794027787,1.29724645071,1.4882025888,1.30140770764,0.832863747257,1.50001453493,1,-1,0,0,0,0,0,0,0,-1,1.47131712474,1.07924699747,2,1.63794027787,1.29724645071,1.4882025888,1.30140770764,0.832863747257,1.50001453493,1,-1,0,0,0,0,0,0,0,-1
335,63,162,160,0.999999999999,1,1,1.84316798166,1.54831140557,2,1.9400289906,1.66244172359,1.42920096813,1.63794027788,1.29724645071,1.4882025888,1,-1,0,0,0,0,0,0,0,-1,1.84316798166,1.54831140557,2,1.94002899059,1.66244172359,1.42920096813,1.63794027787,1.29724645071,1.4882025888,1,-0.999999999999,0,0,0,0,0,0,0,-1
336,63,164,162,0.999999999999,1,1,1.84316798166,1.54831140557,2,2.05932464648,1.80022720776,1.74354812199,1.9400289906,1.66244172359,1.42920096813,1,-1,0,0,0,0,0,0,0,-1,1.84316798166,1.54831140557,2,2.05932464647,1.80022720776,1.74354812199,1.94002899059,1.66244172359,1.42920096813,1,-1,0,0,0,0,0,0,0,-1
