triangle_id,A_id,B_id,C_id,ring1_topo_ids,ring2_topo_ids,ring1_smooth_ids,ring2_smooth_ids,ID_used_coeffs
0,8,59,0,9 14 22 50 55 68 70,4 10 15 46 53 57 63 64 65 67 81,9 14 50 55,10 15 46 53 57 63,
1,0,59,14,8 15 22 50 55 70 81,4 9 16 34 46 53 57 63 64 67 68 83 84,8 15 50 55,9 16 46 53 57 63,
2,1,61,10,9 18 23 48 57 65 66,5 8 19 50 51 53 63 64 68 69 71 86,9 18 48 57,8 19 50 51 53 63,
3,18,61,1,10 19 23 48 57 66 86,5 9 20 37 50 51 53 63 65 71 88 89,10 19 48 57,9 20 50 51 53 63,
4,2,58,11,12 17 27 49 54 72 74,6 13 16 46 52 56 62 73 76 77 79 82,12 17 49 54,13 16 46 52 56 62,
5,17,58,2,11 16 27 49 54 74 82,6 12 15 32 46 52 56 62 72 79 80 84,11 16 49 54,12 15 46 52 56 62,
6,13,60,3,12 21 31 47 56 76 78,7 11 20 49 51 52 62 72 73 75 87,12 21 47 56,11 20 49 51 52 62,
7,3,60,21,13 20 31 47 56 78 87,7 12 19 35 49 51 52 62 73 75 76 85 89,13 20 47 56,12 19 49 51 52 62,
8,9,50,8,0 10 55 57 59 63 65 68 70,1 14 15 22 46 48 53 61 64 66 67 69 71,0 10 55 57 59 63,1 14 15 46 48 53 61,
9,50,59,8,0 9 14 55 57 63 68 70,10 15 22 46 48 53 61 64 65 67 81,0 9 14 55 57 63,10 15 46 48 53 61,
10,10,57,9,1 8 48 50 61 63 65 66 68,0 18 19 23 51 53 55 59 64 69 70 71,1 8 48 50 61 63,0 18 19 51 53 55 59,
11,9,57,50,8 10 48 55 59 61 63 65 68,0 1 14 15 18 19 46 51 53 64 66 69 70 71,8 10 48 55 59 61 63,0 1 14 15 18 19 46 51 53,
12,10,61,57,1 9 18 48 50 63 65 66,8 19 23 51 53 55 59 64 68 69 71 86,1 9 18 48 50 63,8 19 51 53 55 59,
13,11,49,12,2 13 54 56 58 62 72 74 76,3 16 17 27 46 47 52 60 73 77 78 79,2 13 54 56 58 62,3 16 17 46 47 52 60,
14,11,58,49,2 12 17 54 56 62 72 74,13 16 27 46 47 52 60 73 76 77 79 82,2 12 17 54 56 62,13 16 46 47 52 60,
15,12,56,13,3 11 47 49 60 62 72 76 78,2 20 21 31 51 52 54 58 73 74 75 77 79,3 11 47 49 60 62,2 20 21 51 52 54 58,
16,49,56,12,11 13 47 54 58 60 62 72 76,2 3 16 17 20 21 46 51 52 73 74 77 78 79,11 13 47 54 58 60 62,2 3 16 17 20 21 46 51 52,
17,56,60,13,3 12 21 47 49 62 76 78,11 20 31 51 52 54 58 72 73 75 87,3 12 21 47 49 62,11 20 51 52 54 58,
18,14,55,15,0 16 22 46 50 53 59 63 81 84,4 8 9 17 34 48 51 52 54 57 67 70 80 82 83,0 16 46 50 53 59 63,8 9 17 48 51 52 54 57,
19,14,59,55,0 8 15 22 46 50 53 63 81,4 9 16 34 48 51 52 54 57 67 68 70 83 84,0 8 15 46 50 53 63,9 16 48 51 52 54 57,
20,15,46,16,14 17 52 53 54 55 80 81 82 84,0 2 4 6 22 27 32 33 34 47 48 49 50 51 58 59 62 63 83,14 17 52 53 54 55,0 2 47 48 49 50 51 58 59 62 63,
21,15,55,46,14 16 50 52 53 54 59 63 81 84,0 4 8 9 17 22 34 47 48 49 51 57 58 62 80 82 83,14 16 50 52 53 54 59 63,0 8 9 17 47 48 49 51 57 58 62,
22,16,54,17,2 15 27 46 49 52 58 62 80 82 84,6 11 12 14 32 33 47 51 53 55 56 74 79 81 83,2 15 46 49 52 58 62,11 12 14 47 51 53 55 56,
23,46,54,16,15 17 49 52 53 55 58 62 80 82 84,2 6 11 12 14 27 32 33 47 48 50 51 56 59 63 81 83,15 17 49 52 53 55 58 62,2 11 12 14 47 48 50 51 56 59 63,
24,54,58,17,2 11 16 27 46 49 52 62 82,6 12 15 32 47 51 53 55 56 72 74 79 80 84,2 11 16 46 49 52 62,12 15 47 51 53 55 56,
25,19,48,18,1 20 23 51 53 57 61 63 86 89,5 9 10 21 37 46 47 50 52 55 66 71 85 87 88,1 20 51 53 57 61 63,9 10 21 46 47 50 52 55,
26,48,61,18,1 10 19 23 51 53 57 63 86,5 9 20 37 46 47 50 52 55 65 66 71 88 89,1 10 19 51 53 57 63,9 20 46 47 50 52 55,
27,20,51,19,18 21 47 48 52 53 85 86 87 89,1 3 5 7 23 31 35 36 37 46 54 55 56 57 60 61 62 63 88,18 21 47 48 52 53,1 3 46 54 55 56 57 60 61 62 63,
28,19,51,48,18 20 47 52 53 57 61 63 86 89,1 5 9 10 21 23 37 46 50 54 55 56 60 62 85 87 88,18 20 47 52 53 57 61 63,1 9 10 21 46 50 54 55 56 60 62,
29,21,47,20,3 19 31 51 52 56 60 62 85 87 89,7 12 13 18 35 36 46 48 49 53 54 75 78 86 88,3 19 51 52 56 60 62,12 13 18 46 48 49 53 54,
30,47,51,20,19 21 48 52 53 56 60 62 85 87 89,3 7 12 13 18 31 35 36 46 49 54 55 57 61 63 86 88,19 21 48 52 53 56 60 62,3 12 13 18 46 49 54 55 57 61 63,
31,21,60,47,3 13 20 31 51 52 56 62 87,7 12 19 35 46 48 49 53 54 75 76 78 85 89,3 13 20 51 52 56 62,12 19 46 48 49 53 54,
32,46,53,52,15 16 47 48 51 54 55 62 63,14 17 18 19 20 21 49 50 56 57 58 59 60 61 80 81 82 84,15 16 47 48 51 54 55 62 63,14 17 18 19 20 21 49 50 56 57 58 59 60 61,
33,52,54,46,15 16 17 47 49 51 53 55 58 62,2 11 12 14 19 20 21 27 48 50 56 59 60 63 80 81 82 84,15 16 17 47 49 51 53 55 58 62,2 11 12 14 19 20 21 48 50 56 59 60 63,
34,46,55,53,14 15 16 48 50 51 52 54 59 63,0 8 9 17 18 19 20 22 47 49 57 58 61 62 80 81 82 84,14 15 16 48 50 51 52 54 59 63,0 8 9 17 18 19 20 47 49 57 58 61 62,
35,47,52,51,19 20 21 46 48 53 54 56 60 62,3 12 13 15 16 17 18 31 49 55 57 58 61 63 85 86 87 89,19 20 21 46 48 53 54 56 60 62,3 12 13 15 16 17 18 49 55 57 58 61 63,
36,47,62,52,20 21 46 49 51 53 54 56 60,3 11 12 13 15 16 17 19 31 48 55 58 63 85 87 89,20 21 46 49 51 53 54 56 60,3 11 12 13 15 16 17 19 48 55 58 63,
37,47,60,56,3 12 13 20 21 49 51 52 62,11 19 31 46 48 53 54 58 72 76 78 85 87 89,3 12 13 20 21 49 51 52 62,11 19 46 48 53 54 58,
38,56,62,47,12 13 20 21 49 51 52 54 60,3 11 16 17 19 31 46 48 53 58 72 76 78 85 87 89,12 13 20 21 49 51 52 54 60,3 11 16 17 19 46 48 53 58,
39,51,53,48,18 19 20 46 47 52 55 57 61 63,1 9 10 14 15 16 21 23 50 54 56 59 60 62 85 86 87 89,18 19 20 46 47 52 55 57 61 63,1 9 10 14 15 16 21 50 54 56 59 60 62,
40,53,63,48,18 19 46 50 51 52 55 57 61,1 8 9 10 14 15 16 20 23 47 54 59 62 86 89,18 19 46 50 51 52 55 57 61,1 8 9 10 14 15 16 20 47 54 59 62,
41,57,61,48,1 9 10 18 19 50 51 53 63,8 20 23 46 47 52 55 59 65 66 68 86 89,1 9 10 18 19 50 51 53 63,8 20 46 47 52 55 59,
42,48,63,57,9 10 18 19 50 51 53 55 61,1 8 14 15 20 23 46 47 52 59 65 66 68 86 89,9 10 18 19 50 51 53 55 61,1 8 14 15 20 46 47 52 59,
43,49,58,54,2 11 12 16 17 46 52 56 62,13 15 27 47 51 53 55 60 72 74 76 80 82 84,2 11 12 16 17 46 52 56 62,13 15 47 51 53 55 60,
44,54,62,49,11 12 16 17 46 47 52 56 58,2 13 15 20 21 27 51 53 55 60 72 74 76 80 82 84,11 12 16 17 46 47 52 56 58,2 13 15 20 21 51 53 55 60,
45,49,62,56,11 12 13 47 52 54 58 60,2 3 16 17 20 21 46 51 53 72 74 76 78,11 12 13 47 52 54 58 60,2 3 16 17 20 21 46 51 53,
46,55,59,50,0 8 9 14 15 46 53 57 63,10 16 22 48 51 52 54 61 65 68 70 81 84,0 8 9 14 15 46 53 57 63,10 16 48 51 52 54 61,
47,50,63,55,8 9 14 15 46 48 53 57 59,0 10 16 18 19 22 51 52 54 61 65 68 70 81 84,8 9 14 15 46 48 53 57 59,0 10 16 18 19 51 52 54 61,
48,57,63,50,8 9 10 48 53 55 59 61,0 1 14 15 18 19 46 51 52 65 66 68 70,8 9 10 48 53 55 59 61,0 1 14 15 18 19 46 51 52,
49,52,53,51,19 20 46 47 48 54 55 62 63,14 15 16 17 18 21 49 50 56 57 58 59 60 61 85 86 87 89,19 20 46 47 48 54 55 62 63,14 15 16 17 18 21 49 50 56 57 58 59 60 61,
50,52,62,54,16 17 46 47 49 51 53 56 58,2 11 12 13 15 19 20 21 27 48 55 60 63 80 82 84,16 17 46 47 49 51 53 56 58,2 11 12 13 15 19 20 21 48 55 60 63,
51,55,63,53,14 15 46 48 50 51 52 57 59,0 8 9 10 16 18 19 20 22 47 54 61 62 81 84,14 15 46 48 50 51 52 57 59,0 8 9 10 16 18 19 20 47 54 61 62,
52,0,70,8,9 14 22 50 59 64 67 68,4 10 15 25 26 55 57 63 65 69 81,9 22 64 67 68,4 10 25 26 65 69,0 4 8 9 10 22 25 26 64 65 67 68 69 70
53,22,70,0,4 8 14 59 64 67 68 81,9 15 25 26 34 41 50 55 65 69 83 84 100 118,4 8 64 67 68,9 25 26 41 65 69 118,0 4 8 9 22 25 26 41 64 65 67 68 69 70 118
54,10,66,1,9 18 23 57 61 65 71,5 8 19 24 48 50 63 64 68 69 86,9 23 65 71,5 8 24 64 68 69,1 5 8 9 10 23 24 64 65 66 68 69 71
55,1,66,23,5 10 18 61 65 71 86,9 19 24 37 45 48 57 64 68 69 88 89 103 119,5 10 65 71,9 24 45 64 68 69 119,1 5 9 10 23 24 45 64 65 66 68 69 71 119
56,4,67,22,0 14 26 34 41 64 70 81 100 118,8 15 25 33 40 55 59 65 68 69 83 84 91 97 105 113 124,0 26 41 64 70 118,8 25 40 65 68 69 105 113,0 4 8 22 25 26 40 41 64 65 67 68 69 70 105 113 118
57,26,67,4,22 25 34 41 64 70 81 97 100 113 118,0 8 14 15 24 33 40 65 68 69 83 84 91 93 95 105 107 121 124,22 25 41 64 70 113 118,0 8 24 40 65 68 69 105 107 121,0 4 8 22 24 25 26 40 41 64 65 67 68 69 70 105 107 113 118 121
58,23,71,5,1 18 24 37 45 65 66 69 86 103 119,9 10 19 25 36 44 48 61 64 68 88 89 93 96 107 114 127,1 24 45 65 66 69 119,9 10 25 44 64 68 107 114,1 5 9 10 23 24 25 44 45 64 65 66 68 69 71 107 114 119
59,5,71,24,23 25 37 45 65 66 69 86 93 103 107 119,1 9 10 18 19 26 36 44 64 68 88 89 95 96 97 99 113 114 121 127,23 25 45 65 66 69 107 119,1 9 10 26 44 64 68 113 114 121,5 23 24 25 45 65 66 69 71 107 119
60,8,68,9,0 10 50 57 59 64 65 70,1 14 22 25 26 48 55 61 63 66 67 69 71,0 10 64 65 70,1 22 25 26 66 67 69 71,0 1 8 9 10 22 25 26 64 65 66 67 68 69 70 71
61,8,70,68,0 9 22 50 59 64 65 67,4 10 14 25 26 55 57 63 66 69 71 81,0 9 22 64 65 67,4 10 25 26 66 69 71,0 4 8 9 10 22 25 26 64 65 66 67 68 69 70 71
62,9,65,10,1 8 50 57 61 64 66 68 69 71,0 5 18 23 24 25 26 48 55 59 63 67 70,1 8 64 66 68 69 71,0 5 23 24 25 26 67 70,0 1 5 8 9 10 23 24 25 26 64 65 66 67 68 69 70 71
63,9,68,65,8 10 50 57 64 66 69 70 71,0 1 5 22 23 24 25 26 48 55 59 61 63 67,8 10 64 66 69 70 71,0 1 5 22 23 24 25 26 67,0 1 5 8 9 10 22 23 24 25 26 64 65 66 67 68 69 70 71
64,65,66,10,1 9 23 57 61 64 68 69 71,5 8 18 24 25 26 48 50 63 67 70 86,1 9 23 64 68 69 71,5 8 24 25 26 67 70,1 5 8 9 10 23 24 25 26 64 65 66 67 68 69 70 71
65,67,70,22,0 4 8 14 26 64 68 81,9 15 25 34 41 50 55 59 65 69 83 84 97 100 113 118,0 4 8 26 64 68,9 25 41 65 69 113 118,0 4 8 9 22 25 26 41 64 65 67 68 69 70 113 118
66,66,71,23,1 5 10 18 24 65 69 86,9 19 25 37 45 48 57 61 64 68 88 89 93 103 107 119,1 5 10 24 65 69,9 25 45 64 68 107 119,1 5 9 10 23 24 25 45 64 65 66 68 69 71 107 119
67,24,69,25,5 26 64 65 71 93 97 103 107 113 119,4 9 10 23 37 45 66 67 68 70 86 91 95 96 99 100 105 114 118 121,5 26 64 65 71 107 113 119,4 9 10 23 45 66 67 68 70 105 114 118 121,5 24 25 26 64 65 69 71 107 113 119
68,24,71,69,5 23 25 64 65 66 93 103 107 119,1 9 10 18 26 37 45 67 68 70 86 95 96 97 99 113 114 121,5 23 25 64 65 66 107 119,1 9 10 26 45 67 68 70 113 114 121,5 23 24 25 64 65 66 69 71 107 119
69,25,64,26,4 24 65 67 68 69 70 93 97 100 107 113 118,0 5 8 9 10 22 34 41 66 71 81 91 95 96 99 103 105 114 119 121,4 24 65 67 68 69 70 107 113 118,0 5 8 9 10 22 41 66 71 105 114 119 121,4 24 25 26 64 65 67 68 69 70 107 113 118
70,25,69,64,24 26 65 67 68 70 71 93 97 107 113,0 4 5 8 9 10 22 23 66 91 95 96 99 100 103 105 114 118 119 121,24 26 65 67 68 70 71 107 113,0 4 5 8 9 10 22 23 66 105 114 118 119 121,24 25 26 64 65 67 68 69 70 71 107 113
71,64,67,26,4 22 25 65 68 69 70 97 100 113 118,0 8 9 10 14 24 34 41 66 71 81 91 93 95 105 107 121,4 22 25 65 68 69 70 113 118,0 8 9 10 24 41 66 71 105 107 121,4 22 25 26 64 65 67 68 69 70 113 118
72,65,68,64,8 9 10 25 26 66 67 69 70 71,0 1 4 5 22 23 24 50 57 59 61 93 97 100 107 113 118,8 9 10 25 26 66 67 69 70 71,0 1 4 5 22 23 24 107 113 118,8 9 10 25 26 64 65 66 67 68 69 70 71
73,64,69,65,9 10 24 25 26 66 67 68 70 71,0 1 4 5 8 22 23 50 57 61 93 97 100 103 107 113 118 119,9 10 24 25 26 66 67 68 70 71,0 1 4 5 8 22 23 107 113 118 119,9 10 24 25 26 64 65 66 67 68 69 70 71
74,64,70,67,0 4 8 22 25 26 65 68 69,9 10 14 24 34 41 50 59 66 71 81 93 97 100 107 113 118,0 4 8 22 25 26 65 68 69,9 10 24 41 66 71 107 113 118,0 4 8 22 25 26 64 65 67 68 69 70
75,68,70,64,0 8 9 22 25 26 65 67 69,4 10 14 24 50 57 59 66 71 81 93 97 100 107 113 118,0 8 9 22 25 26 65 67 69,4 10 24 66 71 107 113 118,0 8 9 22 25 26 64 65 67 68 69 70
76,65,71,66,1 5 9 10 23 24 64 68 69,8 18 25 26 37 45 50 57 61 67 70 86 93 103 107 119,1 5 9 10 23 24 64 68 69,8 25 26 45 67 70 107 119,1 5 9 10 23 24 64 65 66 68 69 71
77,69,71,65,5 9 10 23 24 25 64 66 68,1 8 18 26 37 45 50 57 61 67 70 86 93 97 103 107 113 119,5 9 10 23 24 25 64 66 68,1 8 26 45 67 70 107 113 119,5 9 10 23 24 25 64 65 66 68 69 71
78,11,74,2,12 17 27 49 58 72 79,6 13 16 30 54 56 62 73 76 77 82,12 27 72 79,6 13 30 73 76 77,2 6 11 12 13 27 30 72 73 74 76 77 79
79,2,74,27,6 11 17 58 72 79 82,12 16 30 32 38 49 54 73 76 77 80 102 117,6 11 72 79,12 30 38 73 76 77 117,2 6 11 12 27 30 38 72 73 74 76 77 79 117
80,3,78,13,12 21 31 56 60 73 75 76,7 11 20 28 29 47 49 62 72 77 87,12 31 73 75 76,7 11 28 29 72 77,3 7 11 12 13 28 29 31 72 73 75 76 77 78
81,31,78,3,7 13 21 60 73 75 76 87,12 20 28 29 35 42 47 56 72 77 85 101 120,7 13 73 75 76,12 28 29 42 72 77 120,3 7 12 13 28 29 31 42 72 73 75 76 77 78 120
82,27,79,6,2 17 30 32 38 72 74 77 82 102 117,11 12 16 29 33 39 54 58 73 76 80 92 94 106 112 123,2 30 38 72 74 77 117,11 12 29 39 73 76 106 112,2 6 11 12 27 29 30 38 39 72 73 74 76 77 79 106 112 117
83,6,79,30,27 29 32 38 72 74 77 82 92 102 112 117,2 11 12 16 17 28 33 39 73 76 80 94 95 98 106 108 116 123,27 29 38 72 74 77 112 117,2 11 12 28 39 73 76 106 108 116,6 27 29 30 38 72 74 77 79 112 117
84,28,75,7,29 31 35 42 73 78 87 98 101 108 120,3 13 20 21 30 36 43 72 76 77 85 90 92 95 99 109 112 116 126,29 31 42 73 78 108 120,3 13 30 43 72 76 77 109 112 116,3 7 13 28 29 30 31 42 43 72 73 75 76 77 78 108 109 112 116 120
85,7,75,31,3 21 28 35 42 73 78 87 101 120,13 20 29 36 43 47 60 72 76 77 85 90 98 108 109 126,3 28 42 73 78 120,13 29 43 72 76 77 108 109,3 7 13 28 29 31 42 43 72 73 75 76 77 78 108 109 120
86,12,72,11,2 13 49 56 58 73 74 76 77 79,3 6 17 27 28 29 30 47 54 60 62 75 78,2 13 73 74 76 77 79,3 6 27 28 29 30 75 78,2 3 6 11 12 13 27 28 29 30 72 73 74 75 76 77 78 79
87,72,74,11,2 12 27 49 58 73 76 77 79,6 13 17 28 29 30 54 56 62 75 78 82,2 12 27 73 76 77 79,6 13 28 29 30 75 78,2 6 11 12 13 27 28 29 30 72 73 74 75 76 77 78 79
88,13,76,12,3 11 49 56 60 72 73 78,2 21 28 29 31 47 54 58 62 74 75 77 79,3 11 72 73 78,2 28 29 31 74 75 77 79,2 3 11 12 13 28 29 31 72 73 74 75 76 77 78 79
89,12,76,72,11 13 49 56 73 74 77 78 79,2 3 6 27 28 29 30 31 47 54 58 60 62 75,11 13 73 74 77 78 79,2 3 6 27 28 29 30 31 75,2 3 6 11 12 13 27 28 29 30 31 72 73 74 75 76 77 78 79
90,13,78,76,3 12 31 56 60 72 73 75,7 11 21 28 29 47 49 62 74 77 79 87,3 12 31 72 73 75,7 11 28 29 74 77 79,3 7 11 12 13 28 29 31 72 73 74 75 76 77 78 79
91,74,79,27,2 6 11 17 30 72 77 82,12 16 29 32 38 49 54 58 73 76 80 92 102 112 117,2 6 11 30 72 77,12 29 38 73 76 112 117,2 6 11 12 27 29 30 38 72 73 74 76 77 79 112 117
92,29,73,28,7 30 72 75 76 77 78 92 98 101 108 112 120,3 6 11 12 13 31 35 42 74 79 87 90 94 95 99 102 106 109 116 117,7 30 72 75 76 77 78 108 112 120,3 6 11 12 13 31 42 74 79 106 109 116 117,7 28 29 30 72 73 75 76 77 78 108 112 120
93,73,75,28,7 29 31 72 76 77 78 98 101 108 120,3 11 12 13 21 30 35 42 74 79 87 90 92 95 99 109 112 116,7 29 31 72 76 77 78 108 120,3 11 12 13 30 42 74 79 109 112 116,7 28 29 31 72 73 75 76 77 78 108 120
94,30,77,29,6 28 72 73 79 92 98 102 108 112 117,7 11 12 27 32 38 74 75 76 78 82 90 94 95 99 101 106 109 116 120,6 28 72 73 79 108 112 117,7 11 12 27 38 74 75 76 78 106 109 116 120,6 28 29 30 72 73 77 79 108 112 117
95,29,77,73,28 30 72 75 76 78 79 92 98 108 112,3 6 7 11 12 13 27 31 74 90 94 95 99 101 102 106 109 116 117 120,28 30 72 75 76 78 79 108 112,3 6 7 11 12 13 27 31 74 106 109 116 117 120,28 29 30 72 73 75 76 77 78 79 108 112
96,30,79,77,6 27 29 72 73 74 92 102 112 117,2 11 12 17 28 32 38 75 76 78 82 94 95 98 106 108 116,6 27 29 72 73 74 112 117,2 11 12 28 38 75 76 78 106 108 116,6 27 29 30 72 73 74 77 79 112 117
97,75,78,31,3 7 13 21 28 73 76 87,12 20 29 35 42 47 56 60 72 77 85 98 101 108 120,3 7 13 28 73 76,12 29 42 72 77 108 120,3 7 12 13 28 29 31 42 72 73 75 76 77 78 108 120
98,72,76,73,11 12 13 28 29 74 75 77 78 79,2 3 6 7 27 30 31 49 56 58 60 92 98 101 108 112 120,11 12 13 28 29 74 75 77 78 79,2 3 6 7 27 30 31 108 112 120,11 12 13 28 29 72 73 74 75 76 77 78 79
99,73,77,72,11 12 28 29 30 74 75 76 78 79,2 3 6 7 13 27 31 49 56 58 92 98 101 102 108 112 117 120,11 12 28 29 30 74 75 76 78 79,2 3 6 7 13 27 31 108 112 117 120,11 12 28 29 30 72 73 74 75 76 77 78 79
100,72,79,74,2 6 11 12 27 30 73 76 77,13 17 28 29 32 38 49 56 58 75 78 82 92 102 112 117,2 6 11 12 27 30 73 76 77,13 28 29 38 75 78 112 117,2 6 11 12 27 30 72 73 74 76 77 79
101,77,79,72,6 11 12 27 29 30 73 74 76,2 13 17 28 32 38 49 56 58 75 78 82 92 98 102 108 112 117,6 11 12 27 29 30 73 74 76,2 13 28 38 75 78 108 112 117,6 11 12 27 29 30 72 73 74 76 77 79
102,73,78,75,3 7 13 28 29 31 72 76 77,11 12 21 30 35 42 56 60 74 79 87 92 98 101 108 112 120,3 7 13 28 29 31 72 76 77,11 12 30 42 74 79 108 112 120,3 7 13 28 29 31 72 73 75 76 77 78
103,76,78,73,3 12 13 28 29 31 72 75 77,7 11 21 30 49 56 60 74 79 87 92 98 101 108 112 120,3 12 13 28 29 31 72 75 77,7 11 30 74 79 108 112 120,3 12 13 28 29 31 72 73 75 76 77 78
104,22,0,14,4 8 15 55 59 67 70 81,9 16 26 34 41 46 50 53 63 64 68 83 84 100 118,4 15 81,16 34 41 83 84,
105,17,2,27,6 11 16 54 58 74 79 82,12 15 30 32 38 46 49 52 62 72 77 80 84 102 117,6 16 82,15 32 38 80 84,
106,22,81,4,0 14 15 26 34 41 67 70 83 84 100 118,8 16 25 33 40 46 55 59 64 68 80 91 97 105 113 124,0 14 15 34 41 83 84,16 33 40 80 124,
107,4,81,34,14 15 22 26 33 41 67 83 84 91 100 118 124,0 16 25 32 40 46 55 59 64 70 80 94 95 97 105 113 122 123,14 15 22 33 41 83 84 124,0 16 32 40 80 122 123,
108,6,82,27,2 16 17 30 32 38 74 79 80 102 117,11 15 29 33 39 46 54 58 72 77 83 84 92 94 106 112 123,2 16 17 32 38 80,15 33 39 83 84 123,
109,32,82,6,16 17 27 30 33 38 79 80 94 102 117 123,2 15 29 34 39 46 54 58 72 74 77 83 84 91 92 95 106 112 122 124,16 17 27 33 38 80 123,2 15 34 39 83 84 122 124,
110,15,81,14,0 4 16 22 34 46 55 59 83 84,8 17 26 33 41 50 52 53 54 63 67 70 80 82 91 100 118 124,0 4 16 22 34 83 84,17 33 41 80 82 124,
111,14,81,22,0 4 15 34 55 59 67 70 83 84,8 16 26 33 41 46 50 53 63 64 68 80 91 100 118 124,0 4 15 34 83 84,16 33 41 80 124,
112,16,84,15,14 17 46 54 55 80 81 82 83,0 2 4 6 22 27 32 33 34 49 50 52 53 58 59 62 63,14 17 80 81 82 83,0 2 4 6 22 27 32 33 34,
113,15,84,81,4 14 16 22 34 46 55 80 83,0 17 26 32 33 41 50 52 53 54 59 63 67 70 82 91 100 118 124,4 14 16 22 34 80 83,0 17 32 33 41 82 124,
114,17,82,16,2 6 15 27 32 46 54 58 80 84,11 14 30 33 38 49 52 53 55 62 74 79 81 83 94 102 117 123,2 6 15 27 32 80 84,14 33 38 81 83 123,
115,16,82,80,6 15 17 27 32 33 46 54 83 84,2 14 30 34 38 49 52 53 55 58 62 74 79 81 91 94 102 117 122 123 124,6 15 17 27 32 33 83 84,2 14 34 38 81 122 123 124,
116,80,84,16,15 17 32 33 46 54 81 82 83,2 4 6 14 22 27 34 38 49 52 53 55 58 62 91 94 102 122 123 124,15 17 32 33 81 82 83,2 4 6 14 22 27 34 38 122 123 124,
117,27,82,17,2 6 16 32 54 58 74 79 80,11 15 30 33 38 46 49 52 62 72 77 83 84 94 102 117 123,2 6 16 32 80,15 33 38 83 84 123,
118,33,80,32,6 16 34 38 82 83 84 91 94 102 122 123 124,4 15 17 27 30 39 40 41 46 54 79 81 92 95 97 100 106 117,6 16 34 38 82 83 84 122 123 124,4 15 17 27 39 40 41 81,
119,80,82,32,6 16 17 27 33 38 83 84 94 102 123,2 15 30 34 39 46 54 58 74 79 81 91 92 95 106 117 122 124,6 16 17 27 33 38 83 84 123,2 15 34 39 81 122 124,
120,34,83,33,4 32 41 80 81 84 91 94 100 122 123 124,6 14 15 16 22 26 38 39 40 67 82 92 95 97 102 105 118,4 32 41 80 81 84 122 123 124,6 14 15 16 22 38 39 40 82,
121,33,83,80,16 32 34 81 82 84 91 94 122 123 124,4 6 14 15 17 22 27 38 39 40 41 46 54 92 95 97 100 102,16 32 34 81 82 84 122 123 124,4 6 14 15 17 22 27 38 39 40 41,
122,81,83,34,4 14 15 22 33 41 80 84 91 100 124,0 16 26 32 40 46 55 59 67 70 82 94 95 97 105 118 122 123,4 14 15 22 33 41 80 84 124,0 16 32 40 82 122 123,
123,83,84,80,15 16 32 33 34 81 82,4 6 14 17 22 27 38 41 46 54 55 91 94 100 102 122 123 124,15 16 32 33 34 81 82,4 6 14 17 22 27 38 41 122 123 124,
124,81,84,83,4 14 15 16 22 33 34 80,0 17 26 32 41 46 54 55 59 67 70 82 91 94 100 118 122 123 124,4 14 15 16 22 33 34 80,0 17 32 41 82 122 123 124,
125,18,1,23,5 10 19 48 61 66 71 86,9 20 24 37 45 51 53 57 63 65 69 88 89 103 119,5 19 86,20 37 45 88 89,
126,21,31,3,7 13 20 47 60 75 78 87,12 19 28 35 42 51 52 56 62 73 76 85 89 101 120,7 20 87,19 35 42 85 89,
127,23,5,86,1 18 19 24 37 45 66 71 88 89 103 119,10 20 25 36 44 48 51 61 65 69 85 93 96 107 114 127,1 18 19 37 45 88 89,20 36 44 85 127,
128,5,37,86,18 19 23 24 36 45 71 88 89 96 103 119 127,1 20 25 35 44 48 51 61 65 66 69 85 90 93 99 107 114 125 126,18 19 23 36 45 88 89 127,1 20 35 44 85 125 126,
129,7,31,87,3 20 21 28 35 42 75 78 85 101 120,13 19 29 36 43 47 51 60 73 76 88 89 90 98 108 109 126,3 20 21 35 42 85,19 36 43 88 89 126,
130,35,7,87,20 21 28 31 36 42 75 85 90 101 120 126,3 19 29 37 43 47 51 60 73 78 88 89 96 98 99 108 109 125 127,20 21 31 36 42 85 126,3 19 37 43 88 89 125 127,
131,19,18,86,1 5 20 23 37 48 51 61 88 89,10 21 24 36 45 47 52 53 57 63 66 71 85 87 96 103 119 127,1 5 20 23 37 88 89,21 36 45 85 87 127,
132,18,23,86,1 5 19 37 48 61 66 71 88 89,10 20 24 36 45 51 53 57 63 65 69 85 96 103 119 127,1 5 19 37 88 89,20 36 45 85 127,
133,20,19,89,18 21 47 48 51 85 86 87 88,1 3 5 7 23 31 35 36 37 52 53 56 57 60 61 62 63,18 21 85 86 87 88,1 3 5 7 23 31 35 36 37,
134,19,86,89,5 18 20 23 37 48 51 85 88,1 21 24 35 36 45 47 52 53 57 61 63 66 71 87 96 103 119 127,5 18 20 23 37 85 88,1 21 35 36 45 87 127,
135,21,20,87,3 7 19 31 35 47 51 60 85 89,13 18 28 36 42 48 52 53 56 62 75 78 86 88 90 101 120 126,3 7 19 31 35 85 89,18 36 42 86 88 126,
136,20,85,87,7 19 21 31 35 36 47 51 88 89,3 18 28 37 42 48 52 53 56 60 62 75 78 86 90 96 101 120 125 126 127,7 19 21 31 35 36 88 89,3 18 37 42 86 125 126 127,
137,85,20,89,19 21 35 36 47 51 86 87 88,3 5 7 18 23 31 37 42 48 52 53 56 60 62 90 96 101 125 126 127,19 21 35 36 86 87 88,3 5 7 18 23 31 37 42 125 126 127,
138,31,21,87,3 7 20 35 47 60 75 78 85,13 19 28 36 42 51 52 56 62 73 76 88 89 90 101 120 126,3 7 20 35 85,19 36 42 88 89 126,
139,36,35,85,7 20 37 42 87 88 89 90 96 101 125 126 127,5 19 21 28 31 43 44 45 47 51 75 86 93 98 99 103 109 120,7 20 37 42 87 88 89 125 126 127,5 19 21 31 43 44 45 86,
140,85,35,87,7 20 21 31 36 42 88 89 90 101 126,3 19 28 37 43 47 51 60 75 78 86 96 98 99 109 120 125 127,7 20 21 31 36 42 88 89 126,3 19 37 43 86 125 127,
141,37,36,88,5 35 45 85 86 89 90 96 103 125 126 127,7 18 19 20 23 24 42 43 44 71 87 93 98 99 101 114 119,5 35 45 85 86 89 125 126 127,7 18 19 20 23 42 43 44 87,
142,36,85,88,20 35 37 86 87 89 90 96 125 126 127,5 7 18 19 21 23 31 42 43 44 45 47 51 93 98 99 101 103,20 35 37 86 87 89 125 126 127,5 7 18 19 21 23 31 42 43 44 45,
143,86,37,88,5 18 19 23 36 45 85 89 96 103 127,1 20 24 35 44 48 51 61 66 71 87 90 93 99 114 119 125 126,5 18 19 23 36 45 85 89 127,1 20 35 44 87 125 126,
144,88,85,89,19 20 35 36 37 86 87,5 7 18 21 23 31 42 45 47 48 51 90 96 101 103 125 126 127,19 20 35 36 37 86 87,5 7 18 21 23 31 42 45 125 126 127,
145,86,88,89,5 18 19 20 23 36 37 85,1 21 24 35 45 47 48 51 61 66 71 87 90 96 103 119 125 126 127,5 18 19 20 23 36 37 85,1 21 35 45 87 125 126 127,
146,4,100,26,22 25 34 41 64 67 81 91 97 113 118,0 14 15 24 33 40 65 68 69 70 83 84 93 94 95 105 107 121 124,25 34 91 97,24 33 93 94 95,
147,34,100,4,22 26 33 41 67 81 83 91 97 118 124,0 14 15 25 32 40 64 70 80 84 93 94 95 105 113 122 123,26 33 91 97,25 32 93 94 95,
148,24,103,5,23 25 37 45 69 71 86 93 96 107 119,1 18 19 26 36 44 64 65 66 88 89 90 95 97 99 113 114 121 127,25 37 93 96,26 36 90 95 97 99,
149,5,103,37,23 24 36 45 71 86 88 93 96 119 127,1 18 19 25 35 44 65 66 69 85 89 90 95 97 99 107 114 125 126,24 36 93 96,25 35 90 95 97 99,
150,30,102,6,27 29 32 38 77 79 82 92 94 112 117,2 16 17 28 33 39 72 73 74 80 91 95 98 106 108 116 123,29 32 92 94,28 33 91 95 98,
151,6,102,32,27 30 33 38 79 80 82 92 94 117 123,2 16 17 29 34 39 72 74 77 83 84 91 95 98 106 112 122 124,30 33 92 94,29 34 91 95 98,
152,7,101,28,29 31 35 42 73 75 87 90 98 108 120,3 20 21 30 36 43 72 76 77 78 85 92 95 96 99 109 112 116 126,29 35 90 98,30 36 92 95 96 99,
153,35,101,7,28 31 36 42 75 85 87 90 98 120 126,3 20 21 29 37 43 73 78 88 89 92 95 96 99 108 109 125 127,28 36 90 98,29 37 92 95 96 99,
154,25,93,24,5 26 64 69 71 95 96 97 99 103 107 113 119,4 23 36 37 45 65 66 67 68 70 86 90 91 92 94 98 100 105 114 118 121,5 26 95 96 97 99 103,4 36 37 90 91 92 94 98 100,
155,93,103,24,5 25 37 69 71 95 96 97 99 107 119,23 26 36 45 64 65 66 86 88 90 91 92 94 98 100 113 114 121 127,5 25 37 95 96 97 99,26 36 90 91 92 94 98 100,
156,26,97,25,4 24 64 67 69 91 93 95 100 107 113 118,5 22 33 34 41 65 68 70 71 81 92 94 96 98 99 103 105 114 119 121,4 24 91 93 95 100,5 33 34 92 94 96 98 99 103,
157,25,97,93,24 26 64 69 91 95 96 99 100 103 107 113,4 5 33 34 36 37 65 67 68 70 71 90 92 94 98 105 114 118 119 121,24 26 91 95 96 99 100 103,4 5 33 34 36 37 90 92 94 98,
158,26,100,97,4 25 34 64 67 91 93 95 113 118,22 24 33 41 65 68 69 70 81 83 92 94 96 98 99 103 105 107 121 124,4 25 34 91 93 95,24 33 92 94 96 98 99 103,
159,28,98,29,7 30 73 75 77 90 92 95 99 101 108 112 120,6 31 35 36 42 72 76 78 79 87 91 93 94 96 97 102 106 109 116 117,7 30 90 92 95 99 101,6 35 36 91 93 94 96 97 102,
160,28,101,98,7 29 35 73 75 90 92 95 99 108 120,30 31 36 42 72 76 77 78 85 87 91 93 94 96 97 102 109 112 116 126,7 29 35 90 92 95 99,30 36 91 93 94 96 97 102,
161,29,92,30,6 28 73 77 79 94 95 98 102 108 112 117,7 27 32 33 38 72 74 75 76 78 82 90 91 93 97 99 101 106 109 116 120,6 28 94 95 98 102,7 32 33 90 91 93 97 99 101,
162,29,98,92,28 30 73 77 90 94 95 99 101 102 108 112,6 7 32 33 35 36 72 75 76 78 79 91 93 96 97 106 109 116 117 120,28 30 90 94 95 99 101 102,6 7 32 33 35 36 91 93 96 97,
163,92,102,30,6 29 32 77 79 94 95 98 112 117,27 28 33 38 72 73 74 80 82 90 91 93 97 99 101 106 108 116 123,6 29 32 94 95 98,28 33 90 91 93 97 99 101,
164,32,94,33,6 34 38 80 82 83 91 92 95 102 122 123 124,4 16 17 27 29 30 39 40 41 79 81 84 93 97 98 99 100 106 117,6 34 91 92 95 102,4 29 30 93 97 98 99 100,
165,32,102,94,6 30 33 38 80 82 91 92 95 123,16 17 27 29 34 39 77 79 83 84 93 97 98 99 100 106 112 117 122 124,6 30 33 91 92 95,29 34 93 97 98 99 100,
166,33,91,34,4 32 41 80 81 83 94 95 97 100 122 123 124,6 14 15 16 22 25 26 38 39 40 67 82 84 92 93 98 99 102 105 118,4 32 94 95 97 100,6 25 26 92 93 98 99 102,
167,33,94,91,32 34 80 83 92 95 97 100 102 122 123 124,4 6 16 25 26 29 30 38 39 40 41 81 82 84 93 98 99,32 34 92 95 97 100 102,4 6 25 26 29 30 93 98 99,
168,91,100,34,4 26 33 41 81 83 94 95 97 124,14 15 22 25 32 40 64 67 80 84 92 93 98 99 102 105 113 118 122 123,4 26 33 94 95 97,25 32 92 93 98 99 102,
169,36,90,35,7 37 42 85 87 88 96 98 99 101 125 126 127,5 20 21 28 29 31 43 44 45 75 86 89 92 93 95 103 109 120,7 37 96 98 99 101,5 28 29 92 93 95 103,
170,90,101,35,7 28 36 42 85 87 96 98 99 126,20 21 29 31 37 43 73 75 88 89 92 93 95 103 108 109 120 125 127,7 28 36 96 98 99,29 37 92 93 95 103,
171,37,96,36,5 35 45 85 86 88 90 93 99 103 125 126 127,7 18 19 20 23 24 25 42 43 44 71 87 89 95 97 98 101 114 119,5 35 90 93 99 103,7 24 25 95 97 98 101,
172,36,96,90,35 37 85 88 93 98 99 101 103 125 126 127,5 7 20 24 25 28 29 42 43 44 45 86 87 89 92 95 97,35 37 93 98 99 101 103,5 7 24 25 28 29 92 95 97,
173,37,103,96,5 24 36 45 86 88 90 93 99 127,18 19 23 25 35 44 69 71 85 89 95 97 98 101 107 114 119 125 126,5 24 36 90 93 99,25 35 95 97 98 101,
174,96,99,90,35 36 37 93 95 98 101 103,5 7 24 25 28 29 42 45 85 86 87 88 91 92 94 97 125 126 127,35 36 37 93 95 98 101 103,5 7 24 25 28 29 91 92 94 97,
175,90,99,98,28 29 35 36 92 93 95 96 101,7 24 25 30 37 42 73 75 77 85 87 88 91 94 97 102 103 108 112 120 125 126 127,28 29 35 36 92 93 95 96 101,7 24 25 30 37 91 94 97 102 103,
176,98,101,90,7 28 29 35 36 92 95 96 99,30 31 37 42 73 75 77 85 87 88 91 93 94 97 102 103 108 112 120 125 126 127,7 28 29 35 36 92 95 96 99,30 37 91 93 94 97 102 103,
177,94,95,91,32 33 34 92 93 97 98 99 100 102,4 6 24 25 26 28 29 30 38 41 80 81 82 83 90 96 101 103 122 123 124,32 33 34 92 93 97 98 99 100 102,4 6 24 25 26 28 29 30 90 96 101 103,
178,95,97,91,25 26 33 34 92 93 94 98 99 100,4 24 28 29 30 32 41 64 67 69 80 81 83 90 96 101 102 103 107 113 118 122 123 124,25 26 33 34 92 93 94 98 99 100,4 24 28 29 30 32 90 96 101 102 103,
179,97,100,91,4 25 26 33 34 93 94 95,22 24 32 41 64 67 69 80 81 83 92 96 98 99 102 103 107 113 118 122 123 124,4 25 26 33 34 93 94 95,24 32 92 96 98 99 102 103,
180,92,95,94,29 30 32 33 91 93 97 98 99 102,6 24 25 26 28 34 38 73 77 79 80 82 83 90 96 100 101 103 108 112 117 122 123 124,29 30 32 33 91 93 97 98 99 102,6 24 25 26 28 34 90 96 100 101 103,
181,94,102,92,6 29 30 32 33 91 95 98,27 28 34 38 73 77 79 80 82 83 90 93 97 99 100 101 108 112 117 122 123 124,6 29 30 32 33 91 95 98,28 34 90 93 97 99 100 101,
182,92,98,95,28 29 30 90 91 93 94 97 99 101 102,6 7 24 25 26 32 33 34 35 36 73 75 77 79 96 100 103 108 112 117 120,28 29 30 90 91 93 94 97 99 101 102,6 7 24 25 26 32 33 34 35 36 96 100 103,
183,93,97,95,24 25 26 91 92 94 96 98 99 100 103,4 5 28 29 30 32 33 34 36 37 64 67 69 71 90 101 102 107 113 118 119,24 25 26 91 92 94 96 98 99 100 103,4 5 28 29 30 32 33 34 36 37 90 101 102,
184,95,99,93,24 25 90 91 92 94 96 97 98 103,5 26 28 29 30 32 33 34 35 36 37 64 69 71 100 101 102 107 113 119,24 25 90 91 92 94 96 97 98 103,5 26 28 29 30 32 33 34 35 36 37 100 101 102,
185,93,99,96,24 25 36 37 90 95 97 98 103,5 26 28 29 35 45 64 69 71 85 86 88 91 92 94 100 101 107 113 119 125 126 127,24 25 36 37 90 95 97 98 103,5 26 28 29 35 91 92 94 100 101,
186,96,103,93,5 24 25 36 37 90 95 97 99,23 26 35 45 64 69 71 85 86 88 91 92 94 98 100 101 107 113 119 125 126 127,5 24 25 36 37 90 95 97 99,26 35 91 92 94 98 100 101,
187,98,99,95,28 29 90 91 92 93 94 96 97 101,7 24 25 26 30 32 33 34 35 36 37 73 75 77 100 102 103 108 112 120,28 29 90 91 92 93 94 96 97 101,7 24 25 26 30 32 33 34 35 36 37 100 102 103,
188,4,118,26,22 25 34 41 64 67 81 97 100 105 113,0 14 15 24 33 40 65 68 69 70 83 84 91 93 95 107 111 115 121 124,22 25 41 64 67 105 113,0 24 40 65 68 69 70 107 111 115 121,0 4 22 24 25 26 40 41 64 65 67 68 69 70 105 107 111 113 115 118 121
189,41,118,4,22 26 34 40 67 81 100 105 113 124,0 14 15 25 33 39 64 70 83 84 91 97 107 111 115 121 122,22 26 40 67 105 113,0 25 39 64 70 107 111 115 121,0 4 22 25 26 39 40 41 64 67 70 105 107 111 113 115 118 121
190,24,119,5,23 25 37 45 69 71 86 93 103 107 114,1 18 19 26 36 44 64 65 66 88 89 95 96 97 99 104 111 113 121 127,23 25 45 69 71 107 114,1 26 44 64 65 66 104 111 113 121,1 5 23 24 25 26 44 45 64 65 66 69 71 104 107 111 113 114 119 121
191,5,119,45,23 24 37 44 71 86 103 107 114 127,1 18 19 25 36 43 65 66 69 88 89 93 96 104 111 113 121 125,23 24 44 71 107 114,1 25 43 65 66 69 104 111 113 121,1 5 23 24 25 43 44 45 65 66 69 71 104 107 111 113 114 119 121
192,30,117,6,27 29 32 38 77 79 82 92 102 106 112,2 16 17 28 33 39 72 73 74 80 94 95 98 108 110 115 116 123,27 29 38 77 79 106 112,2 28 39 72 73 74 108 110 115 116,2 6 27 28 29 30 38 39 72 73 74 77 79 106 108 110 112 115 116 117
193,6,117,38,27 30 32 39 79 82 102 106 112 123,2 16 17 29 33 40 72 74 77 80 92 94 108 110 115 116 122,27 30 39 79 106 112,2 29 40 72 74 77 108 110 115 116,2 6 27 29 30 38 39 40 72 74 77 79 106 108 110 112 115 116 117
194,7,120,28,29 31 35 42 73 75 87 98 101 108 109,3 20 21 30 36 43 72 76 77 78 85 90 92 95 99 104 110 112 116 126,29 31 42 73 75 108 109,3 30 43 72 76 77 78 104 110 112 116,3 7 28 29 30 31 42 43 72 73 75 76 77 78 104 108 109 110 112 116 120
195,42,120,7,28 31 35 43 75 87 101 108 109 126,3 20 21 29 36 44 73 78 85 90 98 104 110 112 116 125,28 31 43 75 108 109,3 29 44 73 78 104 110 112 116,3 7 28 29 31 42 43 44 73 75 78 104 108 109 110 112 116 120
196,25,107,24,5 26 64 69 71 93 97 103 113 114 119 121,4 23 37 44 45 65 66 67 68 70 86 91 95 96 99 100 104 105 111 118,5 26 64 69 71 113 114 119 121,4 23 44 45 65 66 67 68 70 104 105 111 118,5 24 25 26 64 69 71 107 113 114 119 121
197,107,119,24,5 25 45 69 71 93 103 113 114 121,23 26 37 44 64 65 66 86 95 96 97 99 104 105 111 118 127,5 25 45 69 71 113 114 121,23 26 44 64 65 66 104 105 111 118,5 24 25 45 69 71 107 113 114 119 121
198,26,113,25,4 24 64 67 69 93 97 100 105 107 118 121,5 22 34 40 41 65 68 70 71 81 91 95 96 99 103 111 114 115 119,4 24 64 67 69 105 107 118 121,5 22 40 41 65 68 70 71 111 114 115 119,4 24 25 26 64 67 69 105 107 113 118 121
199,25,113,107,24 26 64 69 93 97 105 114 118 119 121,4 5 40 41 44 45 65 67 68 70 71 91 95 96 99 100 103 104 111 115,24 26 64 69 105 114 118 119 121,4 5 40 41 44 45 65 67 68 70 71 104 111 115,24 25 26 64 69 105 107 113 114 118 119 121
200,26,118,113,4 25 41 64 67 97 100 105 107 121,22 24 34 40 65 68 69 70 81 91 93 95 111 114 115 119 124,4 25 41 64 67 105 107 121,22 24 40 65 68 69 70 111 114 115 119,4 25 26 41 64 67 105 107 113 118 121
201,28,108,29,7 30 73 75 77 92 98 101 109 112 116 120,6 31 35 42 43 72 76 78 79 87 90 94 95 99 102 104 106 110 117,7 30 73 75 77 109 112 116 120,6 31 42 43 72 76 78 79 104 106 110 117,7 28 29 30 73 75 77 108 109 112 116 120
202,28,120,108,7 29 42 73 75 98 101 109 112 116,30 31 35 43 72 76 77 78 87 90 92 95 99 104 106 110 117 126,7 29 42 73 75 109 112 116,30 31 43 72 76 77 78 104 106 110 117,7 28 29 42 73 75 108 109 112 116 120
203,29,112,30,6 28 73 77 79 92 98 102 106 108 116 117,7 27 32 38 39 72 74 75 76 78 82 90 94 95 99 101 109 110 115 120,6 28 73 77 79 106 108 116 117,7 27 38 39 72 74 75 76 78 109 110 115 120,6 28 29 30 73 77 79 106 108 112 116 117
204,108,112,29,28 30 73 77 92 98 106 109 116 117 120,6 7 38 39 42 43 72 75 76 78 79 90 94 95 99 101 102 104 110 115,28 30 73 77 106 109 116 117 120,6 7 38 39 42 43 72 75 76 78 79 104 110 115,28 29 30 73 77 106 108 109 112 116 117 120
205,112,117,30,6 29 38 77 79 92 102 106 108 116,27 28 32 39 72 73 74 82 94 95 98 109 110 115 120 123,6 29 38 77 79 106 108 116,27 28 39 72 73 74 109 110 115 120,6 29 30 38 77 79 106 108 112 116 117
206,38,106,39,6 32 40 110 112 115 116 117 122 123,27 29 30 33 41 79 80 82 94 102 104 105 108 109 111 124,6 40 110 112 115 116 117,27 29 30 41 79 104 105 108 109 111,6 27 29 30 38 39 40 41 79 104 105 106 108 109 110 111 112 115 116 117
207,38,117,106,6 30 32 39 110 112 115 116 123,27 29 33 40 77 79 80 82 92 94 102 104 105 108 109 111 122,6 30 39 110 112 115 116,27 29 40 77 79 104 105 108 109 111,6 27 29 30 38 39 40 77 79 104 105 106 108 109 110 111 112 115 116 117
208,39,115,40,38 41 105 106 110 111 122 123 124,4 6 32 33 34 104 109 112 113 114 116 117 118 121,38 41 105 106 110 111,4 6 104 109 112 113 114 116 117 118 121,4 6 38 39 40 41 104 105 106 109 110 111 112 113 114 115 116 117 118 121
209,106,115,39,38 40 105 110 111 112 116 117 122 123,6 29 30 32 33 41 104 108 109 113 114 118 121 124,38 40 105 110 111 112 116 117,6 29 30 41 104 108 109 113 114 118 121,38 39 40 105 106 110 111 112 115 116 117
210,40,105,41,4 34 39 111 113 115 118 121 122 124,22 25 26 33 38 67 81 83 91 100 104 106 107 110 114 123,4 39 111 113 115 118 121,22 25 26 38 67 104 106 107 110 114,4 22 25 26 38 39 40 41 67 104 105 106 107 110 111 113 114 115 118 121
211,40,115,105,39 41 106 110 111 113 118 121 122 124,4 25 26 33 34 38 104 107 109 112 114 116 117 123,39 41 106 110 111 113 118 121,4 25 26 38 104 107 109 112 114 116 117,39 40 41 105 106 110 111 113 115 118 121
212,105,118,41,4 26 34 40 111 113 115 121 124,22 25 33 39 64 67 81 83 91 97 100 104 106 107 110 114 122,4 26 40 111 113 115 121,22 25 39 64 67 104 106 107 110 114,4 22 25 26 39 40 41 64 67 104 105 106 107 110 111 113 114 115 118 121
213,43,109,42,7 35 44 104 108 110 116 120 125 126,28 29 31 36 45 75 85 87 90 101 106 111 112 114 115 127,7 44 104 108 110 116 120,28 29 31 45 75 106 111 112 114 115,7 28 29 31 42 43 44 45 75 104 106 108 109 110 111 112 114 115 116 120
214,109,120,42,7 28 35 43 104 108 110 116 126,29 31 36 44 73 75 85 87 90 98 101 106 111 112 114 115 125,7 28 43 104 108 110 116,29 31 44 73 75 106 111 112 114 115,7 28 29 31 42 43 44 73 75 104 106 108 109 110 111 112 114 115 116 120
215,44,104,43,42 45 109 110 111 114 125 126 127,5 7 35 36 37 105 106 107 108 115 116 119 120 121,42 45 109 110 111 114,5 7 105 106 107 108 115 116 119 120 121,5 7 42 43 44 45 104 105 106 107 108 109 110 111 114 115 116 119 120 121
216,104,109,43,42 44 108 110 111 114 116 120 125 126,7 28 29 35 36 45 105 106 107 112 115 119 121 127,42 44 108 110 111 114 116 120,7 28 29 45 105 106 107 112 115 119 121,42 43 44 104 108 109 110 111 114 116 120
217,45,114,44,5 37 43 104 107 111 119 121 125 127,23 24 25 36 42 71 86 88 96 103 105 109 110 113 115 126,5 43 104 107 111 119 121,23 24 25 42 71 105 109 110 113 115,5 23 24 25 42 43 44 45 71 104 105 107 109 110 111 113 114 115 119 121
218,44,114,104,43 45 107 109 110 111 119 121 125 127,5 24 25 36 37 42 105 106 108 113 115 116 120 126,43 45 107 109 110 111 119 121,5 24 25 42 105 106 108 113 115 116 120,43 44 45 104 107 109 110 111 114 119 121
219,45,119,114,5 24 37 44 104 107 111 121 127,23 25 36 43 69 71 86 88 93 96 103 105 109 110 113 115 125,5 24 44 104 107 111 121,23 25 43 69 71 105 109 110 113 115,5 23 24 25 43 44 45 69 71 104 105 107 109 110 111 113 114 115 119 121
220,104,110,109,42 43 44 106 108 111 114 115 116 120,7 28 29 35 38 39 40 45 105 107 112 117 119 121 125 126 127,42 43 44 106 108 111 114 115 116 120,7 28 29 38 39 40 45 105 107 112 117 119 121,42 43 44 104 106 108 109 110 111 114 115 116 120
221,104,111,110,43 44 105 106 109 114 115 116 121,38 39 40 41 42 45 107 108 112 113 117 118 119 120 125 126 127,43 44 105 106 109 114 115 116 121,38 39 40 41 42 45 107 108 112 113 117 118 119 120,43 44 104 105 106 109 110 111 114 115 116 121
222,104,114,111,43 44 45 105 107 109 110 115 119 121,5 24 25 37 39 40 41 42 106 108 113 116 118 120 125 126 127,43 44 45 105 107 109 110 115 119 121,5 24 25 39 40 41 42 106 108 113 116 118 120,43 44 45 104 105 107 109 110 111 114 115 119 121
223,105,115,111,39 40 41 104 106 110 113 114 118 121,4 25 26 34 38 43 44 45 107 109 112 116 117 119 122 123 124,39 40 41 104 106 110 113 114 118 121,4 25 26 38 43 44 45 107 109 112 116 117 119,39 40 41 104 105 106 110 111 113 114 115 118 121
224,111,121,105,40 41 104 107 110 113 114 115 118,4 24 25 26 34 39 43 44 45 106 109 116 119 122 124,40 41 104 107 110 113 114 115 118,4 24 25 26 39 43 44 45 106 109 116 119,40 41 104 105 107 110 111 113 114 115 118 121
225,113,118,105,4 25 26 40 41 107 111 115 121,22 24 34 39 64 67 69 81 93 97 100 104 106 110 114 119 122 124,4 25 26 40 41 107 111 115 121,22 24 39 64 67 69 104 106 110 114 119,4 25 26 40 41 105 107 111 113 115 118 121
226,105,121,113,25 26 40 41 107 111 114 115 118,4 24 34 39 44 45 64 67 69 93 97 100 104 106 110 119 122 124,25 26 40 41 107 111 114 115 118,4 24 39 44 45 64 67 69 104 106 110 119,25 26 40 41 105 107 111 113 114 115 118 121
227,110,115,106,38 39 40 104 105 109 111 112 116 117,6 29 30 32 41 42 43 44 108 113 114 118 120 121 122 123 124,38 39 40 104 105 109 111 112 116 117,6 29 30 41 42 43 44 108 113 114 118 120 121,38 39 40 104 105 106 109 110 111 112 115 116 117
228,106,116,110,38 39 104 108 109 111 112 115 117,6 28 29 30 32 40 42 43 44 105 114 120 121 122 123,38 39 104 108 109 111 112 115 117,6 28 29 30 40 42 43 44 105 114 120 121,38 39 104 106 108 109 110 111 112 115 116 117
229,112,116,106,29 30 38 39 108 109 110 115 117,6 28 32 40 42 43 73 77 79 92 98 102 104 105 111 120 122 123,29 30 38 39 108 109 110 115 117,6 28 40 42 43 73 77 79 104 105 111 120,29 30 38 39 106 108 109 110 112 115 116 117
230,106,117,112,6 29 30 38 39 108 110 115 116,27 28 32 40 73 77 79 82 92 98 102 104 105 109 111 120 122 123,6 29 30 38 39 108 110 115 116,27 28 40 73 77 79 104 105 109 111 120,6 29 30 38 39 106 108 110 112 115 116 117
231,113,121,107,24 25 26 105 111 114 118 119,4 5 40 41 44 45 64 67 69 71 93 97 100 103 104 110 115,24 25 26 105 111 114 118 119,4 5 40 41 44 45 64 67 69 71 104 110 115,24 25 26 105 107 111 113 114 118 119 121
232,114,119,107,5 24 25 44 45 104 111 113 121,23 26 37 43 64 69 71 86 93 97 103 105 109 110 115 118 125 127,5 24 25 44 45 104 111 113 121,23 26 43 64 69 71 105 109 110 115 118,5 24 25 44 45 104 107 111 113 114 119 121
233,107,121,114,24 25 44 45 104 105 111 113 119,5 26 37 40 41 43 64 69 71 93 97 103 109 110 115 118 125 127,24 25 44 45 104 105 111 113 119,5 26 40 41 43 64 69 71 109 110 115 118,24 25 44 45 104 105 107 111 113 114 119 121
234,109,116,108,28 29 42 43 104 106 110 112 120,7 30 35 38 39 44 73 75 77 92 98 101 111 114 115 117 125 126,28 29 42 43 104 106 110 112 120,7 30 38 39 44 73 75 77 111 114 115 117,28 29 42 43 104 106 108 109 110 112 116 120
235,108,120,109,7 28 29 42 43 104 110 112 116,30 31 35 44 73 75 77 87 92 98 101 106 111 114 115 117 125 126,7 28 29 42 43 104 110 112 116,30 31 44 73 75 77 106 111 114 115 117,7 28 29 42 43 104 108 109 110 112 116 120
236,108,116,112,28 29 30 106 109 110 117 120,6 7 38 39 42 43 73 75 77 79 92 98 101 102 104 111 115,28 29 30 106 109 110 117 120,6 7 38 39 42 43 73 75 77 79 104 111 115,28 29 30 106 108 109 110 112 116 117 120
237,110,116,109,42 43 104 106 108 111 112 115 120,7 28 29 30 35 38 39 40 44 105 114 117 121 125 126,42 43 104 106 108 111 112 115 120,7 28 29 30 38 39 40 44 105 114 117 121,42 43 104 106 108 109 110 111 112 115 116 120
238,111,115,110,39 40 104 105 106 109 114 116 121,38 41 42 43 44 45 107 108 112 113 117 118 119 120 122 123 124,39 40 104 105 106 109 114 116 121,38 41 42 43 44 45 107 108 112 113 117 118 119 120,39 40 104 105 106 109 110 111 114 115 116 121
239,114,121,111,44 45 104 105 107 110 113 115 119,5 24 25 26 37 39 40 41 43 106 109 116 118 125 127,44 45 104 105 107 110 113 115 119,5 24 25 26 39 40 41 43 106 109 116 118,44 45 104 105 107 110 111 113 114 115 119 121
240,41,4,34,22 26 33 40 67 81 83 91 100 105 118 124,0 14 15 25 32 39 64 70 80 84 94 95 97 111 113 115 121 122 123,22 33 40 81 83 124,0 14 15 32 39 80 84 122 123,
241,6,38,32,27 30 33 39 79 80 82 94 102 106 117 123,2 16 17 29 34 40 72 74 77 83 84 91 92 95 110 112 115 116 122 124,27 33 39 80 82 123,2 16 17 34 40 83 84 122 124,
242,32,123,33,6 34 38 39 80 82 83 91 94 102 122 124,4 16 17 27 30 40 41 79 81 84 92 95 97 100 106 115 117,6 34 38 39 80 82 83 122 124,4 16 17 27 40 41 81 84,
243,38,123,32,6 33 39 80 82 94 102 106 117 122,16 17 27 30 34 40 79 83 84 91 92 95 110 112 115 116 124,6 33 39 80 82 122,16 17 27 34 40 83 84 124,
244,33,124,34,4 32 40 41 80 81 83 91 94 100 122 123,6 14 15 16 22 26 38 39 67 82 84 92 95 97 102 105 115 118,4 32 40 41 80 81 83 122 123,6 14 15 16 22 38 39 82 84,
245,33,123,122,32 34 38 39 40 80 83 91 94 124,4 6 16 41 81 82 84 92 95 97 100 102 105 106 115 117,32 34 38 39 40 80 83 124,4 6 16 41 81 82 84,
246,122,124,33,32 34 39 40 41 80 83 91 94 123,4 6 16 38 81 82 84 92 95 97 100 102 105 106 115 118,32 34 39 40 41 80 83 123,4 6 16 38 81 82 84,
247,34,124,41,4 33 40 81 83 91 100 105 118 122,14 15 22 26 32 39 67 80 84 94 95 97 111 113 115 121 123,4 33 40 81 83 122,14 15 22 32 39 80 84 123,
248,39,123,38,6 32 33 40 106 115 117 122,27 30 34 41 79 80 82 83 91 94 102 105 110 111 112 116 124,6 32 33 40 122,27 34 41 80 82 83 124,
249,40,122,39,33 38 41 105 106 115 123 124,4 6 32 34 80 83 91 94 110 111 112 113 116 117 118 121,33 38 41 123 124,4 6 32 34 80 83,
250,122,123,39,32 33 38 40 106 115 124,6 34 41 80 82 83 91 94 102 105 110 111 112 116 117,32 33 38 40 124,6 34 41 80 82 83,
251,41,124,40,4 33 34 39 105 115 118 122,22 26 32 38 67 80 81 83 91 94 100 106 110 111 113 121 123,4 33 34 39 122,22 32 38 80 81 83 123,
252,40,124,122,33 34 39 41 105 115 123,4 32 38 80 81 83 91 94 100 106 110 111 113 118 121,33 34 39 41 123,4 32 38 80 81 83,
253,45,37,5,23 24 36 44 71 86 88 96 103 114 119 127,1 18 19 25 35 43 65 66 69 85 89 90 93 99 104 107 111 121 125 126,23 36 44 86 88 127,1 18 19 35 43 85 89 125 126,
254,35,42,7,28 31 36 43 75 85 87 90 101 109 120 126,3 20 21 29 37 44 73 78 88 89 96 98 99 104 108 110 116 125 127,31 36 43 85 87 126,3 20 21 37 44 88 89 125 127,
255,35,36,126,7 37 42 43 85 87 88 90 96 101 125 127,5 20 21 28 31 44 45 75 86 89 93 98 99 103 104 109 120,7 37 42 43 85 87 88 125 127,5 20 21 31 44 45 86 89,
256,42,35,126,7 36 43 85 87 90 101 109 120 125,20 21 28 31 37 44 75 88 89 96 98 99 104 108 110 116 127,7 36 43 85 87 125,20 21 31 37 44 88 89 127,
257,36,37,127,5 35 44 45 85 86 88 90 96 103 125 126,7 18 19 20 23 24 42 43 71 87 89 93 98 99 101 104 114 119,5 35 44 45 85 86 88 125 126,7 18 19 20 23 42 43 87 89,
258,36,125,126,35 37 42 43 44 85 88 90 96 127,5 7 20 45 86 87 89 93 98 99 101 103 104 109 114 120,35 37 42 43 44 85 88 127,5 7 20 45 86 87 89,
259,125,36,127,35 37 43 44 45 85 88 90 96 126,5 7 20 42 86 87 89 93 98 99 101 103 104 109 114 119,35 37 43 44 45 85 88 126,5 7 20 42 86 87 89,
260,37,45,127,5 36 44 86 88 96 103 114 119 125,18 19 23 24 35 43 71 85 89 90 93 99 104 107 111 121 126,5 36 44 86 88 125,18 19 23 35 43 85 89 126,
261,43,42,126,7 35 36 44 104 109 120 125,28 31 37 45 75 85 87 88 90 96 101 108 110 111 114 116 127,7 35 36 44 125,31 37 45 85 87 88 127,
262,44,43,125,36 42 45 104 109 114 126 127,5 7 35 37 85 88 90 96 107 108 110 111 116 119 120 121,36 42 45 126 127,5 7 35 37 85 88,
263,125,43,126,35 36 42 44 104 109 127,7 37 45 85 87 88 90 96 101 108 110 111 114 116 120,35 36 42 44 127,7 37 45 85 87 88,
264,45,44,127,5 36 37 43 104 114 119 125,23 24 35 42 71 85 86 88 90 96 103 107 109 110 111 121 126,5 36 37 43 125,23 35 42 85 86 88 126,
265,44,125,127,36 37 43 45 104 114 126,5 35 42 85 86 88 90 96 103 107 109 110 111 119 121,36 37 43 45 126,5 35 42 85 86 88,
