point_id,type,rim,plane,surfacepoint,d_plane,dihedral_angle,on_boundary_face,on_interior_face,on_nonmanifold_face
0,rim,True,False,True,0.5704636218267026,90.0,True,True,False
1,rim,True,False,True,0.5434151578437152,89.99999999999997,True,True,False
2,rim,True,False,True,0.545078515825454,90.0,True,True,False
3,rim,True,False,True,0.5645778731538496,90.0,True,True,False
4,rim,True,False,True,0.4007163339271407,89.28320850890108,True,True,False
5,rim,True,False,True,0.41167854491932976,89.24463793330877,True,True,False
6,rim,True,False,True,0.3990335444725229,89.27886606739237,True,True,False
7,rim,True,False,True,0.39083991327813017,89.28328163493599,True,True,False
8,rim,True,False,True,0.3210089138051074,69.90443418634341,True,True,False
9,rim,True,False,True,0.30323698349174205,69.90443418634341,True,True,False
10,rim,True,False,True,0.35218698084530153,69.69322302831766,True,True,False
11,rim,True,False,True,0.355382190847297,69.69407381763511,True,True,False
12,rim,True,False,True,0.2992051403865102,69.90443418634344,True,True,False
13,rim,True,False,True,0.3182365024816753,69.90443418634344,True,True,False
14,rim,True,False,True,0.3955594241727832,90.0,True,True,False
15,rim,True,False,True,0.35650994456448304,90.0,True,True,False
16,rim,True,False,True,0.375597063619344,90.0,True,True,False
17,rim,True,False,True,0.39866524681327553,90.0,True,True,False
18,rim,True,False,True,0.39648639988956225,90.0,True,True,False
19,rim,True,False,True,0.3562078126875212,90.0,True,True,False
20,rim,True,False,True,0.3750956385487174,90.0,True,True,False
21,rim,True,False,True,0.3959551232116304,90.0,True,True,False
22,rim,True,False,True,0.36688942649034806,89.5133518666176,True,True,False
23,rim,True,False,True,0.3650567649700095,89.51322030393065,True,True,False
24,curved,False,False,True,0.17956917859547458,3.8138759062742005,True,True,False
25,curved,False,False,True,0.1475077120087227,4.2664453615438385,True,True,False
26,curved,False,False,True,0.18026142972869708,4.2664453615438385,True,True,False
27,rim,True,False,True,0.3685989853193307,89.51326008389061,True,True,False
28,curved,False,False,True,0.17604607208743,4.399585305785882,True,True,False
29,curved,False,False,True,0.14615542099232898,4.399585305785882,True,True,False
30,curved,False,False,True,0.15831626957687475,3.8089163074317764,True,True,False
31,rim,True,False,True,0.36503713107698077,89.49170150854077,True,True,False
32,curved,False,False,True,0.19580929662866825,0.0,True,True,False
33,curved,False,False,True,0.08514438019974822,0.0,True,True,False
34,curved,False,False,True,0.19878437241202299,0.0,True,True,False
35,curved,False,False,True,0.18819504517244712,0.0,True,True,False
36,curved,False,False,True,0.07888358503402043,0.0,True,True,False
37,curved,False,False,True,0.18654923958173938,0.0,True,True,False
38,rim,True,False,True,0.4095279777342638,88.24570670369539,True,True,False
39,rim,True,False,True,0.4912008016454388,86.67145780010783,True,True,False
40,rim,True,False,True,0.49085199477907426,86.69300959926461,True,True,False
41,rim,True,False,True,0.41869340618898654,88.24134849335996,True,True,False
42,rim,True,False,True,0.40639710707932275,88.23184161270484,True,True,False
43,rim,True,False,True,0.48584906467117045,86.58994017284428,True,True,False
44,rim,True,False,True,0.48596924941304553,86.2936821114786,True,True,False
45,rim,True,False,True,0.4113630322609097,88.19958220578319,True,True,False
46,curved,False,False,True,0.0966923624082983,0.0,True,True,False
47,curved,False,False,True,0.10134770457427396,0.0,True,True,False
48,curved,False,False,True,0.07280318578225846,0.0,True,True,False
49,curved,False,False,True,0.06269318077986621,0.0,True,True,False
50,curved,False,False,True,0.06195274289296248,0.0,True,True,False
51,curved,False,False,True,0.09884783867163018,0.0,True,True,False
52,planar,False,True,True,0.0,0.0,True,True,False
53,planar,False,True,True,0.0,0.0,True,True,False
54,curved,False,False,True,0.1004628389423172,0.0,True,True,False
55,curved,False,False,True,0.07318309929324188,0.0,True,True,False
56,curved,False,False,True,0.06263713658382021,0.0,True,True,False
57,curved,False,False,True,0.06437501049979502,0.0,True,True,False
58,curved,False,False,True,0.159843695506654,0.0,True,True,False
59,curved,False,False,True,0.1374187331364994,0.0,True,True,False
60,curved,False,False,True,0.14920204596599462,0.0,True,True,False
61,curved,False,False,True,0.14845466534965235,0.0,True,True,False
62,planar,False,True,True,9.156777727892798e-20,0.0,True,True,False
63,planar,False,True,True,0.0,0.0,True,True,False
64,curved,False,False,True,0.05625273640495712,2.6144027279358695,True,True,False
65,curved,False,False,True,0.069552210480114,1.9852024731295157,True,True,False
66,curved,False,False,True,0.16365328993818123,1.9852024731295157,True,True,False
67,curved,False,False,True,0.1473761386059091,2.6144027279358695,True,True,False
68,curved,False,False,True,0.08451235873569664,1.661719241228949,True,True,False
69,curved,False,False,True,0.06607101721396381,2.360918020438587,True,True,False
70,curved,False,False,True,0.16144530213641572,1.6739632832456428,True,True,False
71,curved,False,False,True,0.15297900252802787,2.360918020438587,True,True,False
72,curved,False,False,True,0.07066258882456981,1.9744800666060944,True,True,False
73,curved,False,False,True,0.05538414339748123,2.6198452510881216,True,True,False
74,curved,False,False,True,0.1470582527009619,1.9744800666060944,True,True,False
75,curved,False,False,True,0.13451533251142425,2.6198452510881216,True,True,False
76,curved,False,False,True,0.08405608667008355,1.6516591571731487,True,True,False
77,curved,False,False,True,0.06605436776493254,2.3644446862930986,True,True,False
78,curved,False,False,True,0.14523178281297866,1.667657076220555,True,True,False
79,curved,False,False,True,0.13459159639952326,2.3644446862930986,True,True,False
80,curved,False,False,True,0.11145684469488731,0.0,True,True,False
81,curved,False,False,True,0.16172074561427904,0.0,True,True,False
82,curved,False,False,True,0.17623766357975235,0.0,True,True,False
83,curved,False,False,True,0.050918838130637765,0.0,True,True,False
84,curved,False,False,True,0.11238667899738312,0.0,True,True,False
85,curved,False,False,True,0.10807305869548292,0.0,True,True,False
86,curved,False,False,True,0.15766553250426388,0.0,True,True,False
87,curved,False,False,True,0.17421794941854027,0.0,True,True,False
88,curved,False,False,True,0.04724215352915887,0.0,True,True,False
89,curved,False,False,True,0.11132908570333172,0.0,True,True,False
90,curved,False,False,True,0.022384871435974386,0.0,False,True,False
91,curved,False,False,True,0.017873027559302875,0.0,False,True,False
92,curved,False,False,True,0.0011032166134445603,0.0,False,True,False
93,curved,False,False,True,0.004010229544157174,0.0,False,True,False
94,curved,False,False,True,0.023326711597673175,0.0,False,True,False
95,planar,False,True,True,5.426605156486003e-10,0.0,False,True,False
96,curved,False,False,True,0.0177091820730892,0.0,False,True,False
97,curved,False,False,True,8.656195437031333e-05,0.0,False,True,False
98,curved,False,False,True,0.002859720745805429,0.0,False,True,False
99,planar,False,True,True,4.391346105362914e-10,0.0,False,True,False
100,curved,False,False,True,0.0350102583447703,0.0,False,True,False
101,curved,False,False,True,0.03498346771657635,0.0,False,True,False
102,curved,False,False,True,0.023357522542617457,0.0,False,True,False
103,curved,False,False,True,0.036927331782877076,0.0,False,True,False
104,curved,False,False,True,0.37004973731682467,32.25207464583755,True,True,False
105,curved,False,False,True,0.21892094349184957,19.28506409450823,True,True,False
106,curved,False,False,True,0.22055323965674947,19.565778048704534,True,True,False
107,curved,False,False,True,0.10493460320042465,7.984779202182992,True,True,False
108,curved,False,False,True,0.10618937098522403,7.809024235153478,True,True,False
109,curved,False,False,True,0.21977102385711725,20.334725598982647,True,True,False
110,curved,False,False,True,0.22478526501851875,32.0411985437424,True,True,False
111,curved,False,False,True,0.22399396979186711,31.61157365942293,True,True,False
112,curved,False,False,True,0.10510760047811381,7.800080147021531,True,True,False
113,curved,False,False,True,0.10525916711853278,7.723644300790756,True,True,False
114,curved,False,False,True,0.2284037318117286,19.688750169200567,True,True,False
115,curved,False,False,True,0.3672630079377128,32.078213557309766,True,True,False
116,curved,False,False,True,0.0900564399175568,13.275044652954849,True,True,False
117,curved,False,False,True,0.16515100808929803,7.800080147021531,True,True,False
118,curved,False,False,True,0.17972466310412466,7.723644300790756,True,True,False
119,curved,False,False,True,0.18146673959290702,7.984779202182992,True,True,False
120,curved,False,False,True,0.16948232580625583,7.809024235153478,True,True,False
121,curved,False,False,True,0.08948933335734768,13.183754373771055,True,True,False
122,curved,False,False,True,0.1686206966623275,0.0,True,True,False
123,curved,False,False,True,0.16139292153334084,0.0,True,True,False
124,curved,False,False,True,0.16440420568547306,0.0,True,True,False
125,curved,False,False,True,0.15749446812341034,0.0,True,True,False
126,curved,False,False,True,0.155389417857933,0.0,True,True,False
127,curved,False,False,True,0.15157294363919477,0.0,True,True,False
128,,False,False,False,,0.0,False,True,False
129,,False,False,False,,0.0,False,True,False
130,,False,False,False,,0.0,False,True,False
131,,False,False,False,,0.0,False,True,False
132,,False,False,False,,0.0,False,True,False
133,,False,False,False,,0.0,False,True,False
134,,False,False,False,,0.0,False,True,False
