triangle_id,type,max_d,thr,plane_rel_tol
0,plane,0.0,0.0020615605240045056,0.001
1,plane,0.0,0.0020985143277957832,0.001
2,plane,0.0,0.002060195211963376,0.001
3,plane,0.0,0.0021002483710270575,0.001
4,plane,0.0,0.0020615451016456005,0.001
5,plane,0.0,0.0020994042374196217,0.001
6,plane,0.0,0.0020629114201792032,0.001
7,plane,0.0,0.002100248102095595,0.001
8,plane,0.0,0.0024494962327249537,0.001
9,plane,0.0,0.0021696352916541423,0.001
10,plane,0.0,0.002448347261194134,0.001
11,plane,0.0,0.0024494962327249537,0.001
12,plane,0.0,0.002169423702331939,0.001
13,plane,0.0,0.002449483252875793,0.001
14,plane,0.0,0.0021712261884032514,0.001
15,plane,0.0,0.0024506332911118658,0.001
16,plane,0.0,0.0024506332911118658,0.001
17,plane,2.0364124961487807e-16,0.0021719052044104994,0.001
18,plane,0.0,0.0027207321062502803,0.001
19,plane,0.0,0.002494280146558552,0.001
20,plane,0.0,0.0032066155357293926,0.001
21,plane,0.0,0.0028917154131741897,0.001
22,plane,0.0,0.002720732106250283,0.001
23,plane,0.0,0.0028918477579258314,0.001
24,plane,0.0,0.002494865897616032,0.001
25,plane,2.091396606340215e-16,0.0027138928300692667,0.001
26,plane,0.0,0.002491234217382229,0.001
27,plane,2.1859359279284041e-16,0.003200814629606249,0.001
28,plane,0.0,0.0028881939462836884,0.001
29,plane,0.0,0.0027138928300692697,0.001
30,plane,1.9750600344248354e-16,0.002890585213247997,0.001
31,plane,0.0,0.0025007881453880565,0.001
32,plane,0.0,0.002909113618937129,0.001
33,plane,2.560691955687446e-16,0.0031749646078404648,0.001
34,plane,0.0,0.0031748440649594233,0.001
35,plane,0.0,0.0031796648537143948,0.001
36,plane,0.0,0.0028299694441834603,0.001
37,plane,2.0617811336968269e-16,0.0025923533216850826,0.001
38,plane,2.5300443708898514e-16,0.0028299694441834603,0.001
39,plane,0.0,0.003177491145266711,0.001
40,plane,0.0,0.0028215303706950697,0.001
41,plane,0.0,0.002583220571611619,0.001
42,plane,2.529500952060026e-16,0.0028215303706950697,0.001
43,plane,0.0,0.002579966590519243,0.001
44,plane,0.0,0.0028181505731785074,0.001
45,plane,0.0,0.0024506332911118658,0.001
46,plane,0.0,0.0025780488281241815,0.001
47,plane,0.0,0.002817632029831974,0.001
48,plane,0.0,0.0024494962327249537,0.001
49,plane,0.0,0.002909113618937129,0.001
50,plane,0.0,0.0028299694441834603,0.001
51,plane,0.0,0.0028215303706950697,0.001
52,curved,0.009157206722356905,0.0018497494074060658,0.001
53,curved,0.04239128037300442,0.002085755385081076,0.001
54,curved,0.011078600376377052,0.0018497494074060684,0.001
55,curved,0.04252729324120395,0.0020857553850810776,0.001
56,curved,0.1336084369103998,0.0025562938761483937,0.001
57,curved,0.13048612384133654,0.002687403650595455,0.001
58,curved,0.1453388941950665,0.002556293876148395,0.001
59,curved,0.022151369910635647,0.0016466520294341255,0.001
60,curved,0.01243510751196385,0.002274109247639413,0.001
61,curved,0.010287058459748009,0.00197680030999753,0.001
62,curved,0.008910409448909792,0.002274109247639413,0.001
63,curved,0.009611784781471865,0.002274109247639413,0.001
64,curved,0.009640427223859669,0.0019754119278468886,0.001
65,curved,0.03834957558365811,0.002085755385081076,0.001
66,curved,0.03930707822236186,0.0020857553850810776,0.001
67,curved,0.018395994272704205,0.0018425227036914713,0.001
68,curved,0.015310818790209221,0.0016703006448422876,0.001
69,curved,0.01646565783000362,0.0019297073701686955,0.001
70,curved,0.017618350617942077,0.001783538045914697,0.001
71,curved,0.01684406824207391,0.0017362979751012093,0.001
72,curved,0.010931151670701843,0.001696705719015802,0.001
73,curved,0.010129297942189665,0.001696705719015802,0.001
74,curved,0.010462008658045887,0.0016535032114269072,0.001
75,curved,0.010349096883418576,0.0016535032114269072,0.001
76,curved,0.010597418973283129,0.0016535032114269094,0.001
77,curved,0.009717329571499502,0.0016535032114269094,0.001
78,curved,0.011069260668298967,0.0018497494074060658,0.001
79,curved,0.0425462756500884,0.0020857553850810746,0.001
80,curved,0.009122754891421567,0.0018497494074060684,0.001
81,curved,0.04227110827346846,0.0020857553850810767,0.001
82,curved,0.1460095707867291,0.0025562938761483933,0.001
83,curved,0.02243878978705394,0.0016469215192987375,0.001
84,curved,0.13065321792063694,0.0026874036505954565,0.001
85,curved,0.13355860634494754,0.002556293876148395,0.001
86,curved,0.008933023958501159,0.002274109247639413,0.001
87,curved,0.009667138014352214,0.001976809503899908,0.001
88,curved,0.012423969359025318,0.002274109247639413,0.001
89,curved,0.009632187301326455,0.002274109247639413,0.001
90,curved,0.01026599705981266,0.001975419558256632,0.001
91,curved,0.03945034106363308,0.0020857553850810746,0.001
92,curved,0.01641450254500103,0.0019335212149040439,0.001
93,curved,0.01786346475152118,0.0017467124229488982,0.001
94,curved,0.018630668506760983,0.0018498603268418726,0.001
95,curved,0.016743159550838257,0.0017805509830546445,0.001
96,curved,0.015115532549134034,0.0016720791037728101,0.001
97,curved,0.03786591342082857,0.0020857553850810767,0.001
98,curved,0.010907587316128802,0.0016967212046703195,0.001
99,curved,0.010142715060786673,0.0016967212046703195,0.001
100,curved,0.010578264800226953,0.0016535032114269063,0.001
101,curved,0.009749816900680847,0.0016535032114269063,0.001
102,curved,0.010431062198571676,0.0016535032114269094,0.001
103,curved,0.010313342378345547,0.0016535032114269094,0.001
104,plane,0.0,0.0022712026772561417,0.001
105,plane,0.0,0.0022712026772561426,0.001
106,plane,0.0,0.0025630463909506575,0.001
107,plane,0.0,0.0019421841050681567,0.001
108,plane,0.0,0.002563046390950659,0.001
109,plane,0.0,0.0027117190795770516,0.001
110,plane,0.0,0.002719992941383388,0.001
111,plane,0.0,0.0022712026772561417,0.001
112,plane,0.0,0.0029999999999999996,0.001
113,plane,0.0,0.002719992941383388,0.001
114,plane,0.0,0.0027199929413833906,0.001
115,plane,0.0,0.0018069547353163006,0.001
116,plane,0.0,0.0030379135424448435,0.001
117,plane,0.0,0.0022712026772561426,0.001
118,plane,0.0,0.0021279947382186735,0.001
119,plane,0.0,0.0020489220491346984,0.001
120,plane,0.0,0.0019153303966822192,0.001
121,plane,0.0,0.0020022599613949837,0.001
122,plane,0.0,0.002104450666105065,0.001
123,plane,0.0,0.0028728438155234213,0.001
124,plane,0.0,0.0018069547353162989,0.001
125,plane,3.2977014395001436e-16,0.0022712026772561417,0.001
126,plane,1.2084366943435171e-16,0.0022712026772561426,0.001
127,plane,8.7930759997700305e-16,0.0025630463909506575,0.001
128,plane,8.554994440202018e-15,0.0019421841050681567,0.001
129,plane,6.496197044684998e-16,0.002563046390950659,0.001
130,plane,3.714305126608165e-16,0.0027117190795770516,0.001
131,plane,3.0194747257587616e-16,0.002719992941383388,0.001
132,plane,3.435037465048012e-15,0.0022712026772561417,0.001
133,plane,5.136920566277302e-16,0.0029999999999999996,0.001
134,plane,6.520137222599076e-16,0.002719992941383388,0.001
135,plane,1.8529573536163023e-16,0.0027199929413833906,0.001
136,plane,1.9881615509360564e-16,0.0018069547353163006,0.001
137,plane,2.395064125462874e-16,0.0030379135424448435,0.001
138,plane,3.2335446585716317e-15,0.0022712026772561426,0.001
139,plane,1.4292293902942314e-16,0.0021279947382186735,0.001
140,plane,1.411225528982737e-15,0.0020489220491346984,0.001
141,plane,3.683471448570773e-16,0.0019153303966822192,0.001
142,plane,0.0,0.0020022599613949837,0.001
143,plane,1.858929323007048e-15,0.002104450666105065,0.001
144,plane,1.102347997200938e-15,0.0028728438155234213,0.001
145,plane,3.120854887844532e-16,0.0018069547353162989,0.001
146,plane,8.999510384548851e-10,0.0019481742797954284,0.001
147,plane,9.054196905698852e-10,0.0019393128887674651,0.001
148,plane,9.292350772749372e-10,0.001951754689018189,0.001
149,plane,9.380574455070713e-10,0.001957313043166035,0.001
150,plane,8.954747786681342e-10,0.001952135174722735,0.001
151,plane,9.012470239596954e-10,0.001938542411592882,0.001
152,plane,9.116966682603747e-10,0.001939129912934481,0.001
153,plane,9.125489760311283e-10,0.0019665985283856048,0.001
154,plane,1.0260042044262723e-09,0.0025448026403861895,0.001
155,plane,8.697038631419635e-10,0.002268456183951959,0.001
156,plane,1.0111847048963055e-09,0.0025448026403861895,0.001
157,plane,8.928711535450026e-10,0.0025448026403861895,0.001
158,plane,8.740563782162501e-10,0.002294796063505173,0.001
159,plane,1.0186503107347255e-09,0.0025403966594901234,0.001
160,plane,8.602659365478935e-10,0.0022635123522784153,0.001
161,plane,1.0011543271150044e-09,0.0025403966594901234,0.001
162,plane,8.820117451714803e-10,0.0025403966594901234,0.001
163,plane,8.689325900041339e-10,0.002263512351974678,0.001
164,plane,1.947017090520928e-09,0.0023475379622497346,0.001
165,plane,8.685343655564435e-10,0.00204470229182782,0.001
166,plane,1.9473024853192267e-09,0.0023475379622497346,0.001
167,plane,1.3579813091449851e-09,0.0023475379622497346,0.001
168,plane,8.703924197459182e-10,0.0020447022921640605,0.001
169,plane,1.96469801029261e-09,0.0023701286411316274,0.001
170,plane,9.206305609779782e-10,0.002078510292157641,0.001
171,plane,1.9649736022209775e-09,0.0023624297561222665,0.001
172,plane,1.3599973409854486e-09,0.0023701286411316274,0.001
173,plane,9.04751766692947e-10,0.0020617825614293608,0.001
174,plane,1.5390726770165728e-09,0.002563849228482578,0.001
175,plane,1.7968621607182585e-09,0.0025826097246280373,0.001
176,plane,9.118107188239022e-10,0.0023178801195998236,0.001
177,plane,0.0,0.0017659642222869541,0.001
178,plane,1.0311040373870716e-09,0.0019967360752851738,0.001
179,plane,9.290111403243206e-10,0.0023366517674472936,0.001
180,plane,1.0303411712736811e-09,0.0019911176919954515,0.001
181,plane,9.254239999559885e-10,0.0023107890354531683,0.001
182,plane,8.764398967764631e-10,0.0020152692975181456,0.001
183,plane,8.851130009546938e-10,0.0020438401697800783,0.001
184,plane,9.508268647187755e-10,0.002024942126793752,0.001
185,plane,1.7974981240099035e-09,0.002582609724361829,0.001
186,plane,9.115404463016808e-10,0.0023107890354531688,0.001
187,plane,9.462241779477602e-10,0.0019966440565738464,0.001
188,curved,0.24511595094665645,0.0028713709562354344,0.001
189,curved,0.31458150643555055,0.002901288726007591,0.001
190,curved,0.23126887596905768,0.002868306293700942,0.001
191,curved,0.3326552065172529,0.0028971340105053453,0.001
192,curved,0.23826413069687938,0.0028731878473609988,0.001
193,curved,0.3282207783242353,0.002899624998671012,0.001
194,curved,0.2502071591617809,0.0028761841087286636,0.001
195,curved,0.31359764189361805,0.0028969676346486182,0.001
196,curved,0.037762219326699015,0.0019746882763587627,0.001
197,curved,0.03502689071447555,0.0017311710491998001,0.001
198,curved,0.03485360573293659,0.0019627005180516783,0.001
199,curved,0.034691102353171556,0.0018246940964448321,0.001
200,curved,0.03621826218826577,0.0017731543613672515,0.001
201,curved,0.03568290149706956,0.0019692561064344463,0.001
202,curved,0.037126446336118356,0.0017734261340149923,0.001
203,curved,0.03661646929120066,0.0019697804751091738,0.001
204,curved,0.03421682487266846,0.0018141782378526515,0.001
205,curved,0.03360015203398319,0.0017291065769174975,0.001
206,curved,0.462494915321656,0.0028722584775995904,0.001
207,curved,0.4801663537693927,0.002763327350804083,0.001
208,curved,0.4839660784256173,0.0027073953954247806,0.001
209,curved,0.31091548671866237,0.0018229460308605335,0.001
210,curved,0.46477008958765664,0.0028735909376574917,0.001
211,curved,0.3096651266614032,0.0018218443147291845,0.001
212,curved,0.4869124769824357,0.0027627257640073944,0.001
213,curved,0.46933905919710145,0.0028536792935271414,0.001
214,curved,0.46989712486255714,0.0027356622022825555,0.001
215,curved,0.47937878856317373,0.002686252121541388,0.001
216,curved,0.29749864812039234,0.001799042074393315,0.001
217,curved,0.47036564745022014,0.0028536792935271423,0.001
218,curved,0.309707352196206,0.0018051723469155198,0.001
219,curved,0.48177232930170394,0.002742373086996722,0.001
220,curved,0.3076585555103408,0.0021132077593904006,0.001
221,curved,0.22503968354922044,0.0019497072063525635,0.001
222,curved,0.32218036874404943,0.002118790315623606,0.001
223,curved,0.3211873890309647,0.002148504662707068,0.001
224,curved,0.20236517644498767,0.001989338188098751,0.001
225,curved,0.14262331546827756,0.0018810075881996345,0.001
226,curved,0.14384987879044528,0.002079976707628844,0.001
227,curved,0.3224291220367891,0.0021476572573733903,0.001
228,curved,0.20171013102643484,0.0019895525880610967,0.001
229,curved,0.14497619270357923,0.002058031465576542,0.001
230,curved,0.14382730660202528,0.0018804038528557766,0.001
231,curved,0.07180574420461451,0.001755941943952226,0.001
232,curved,0.14011186834463277,0.0018713553736765221,0.001
233,curved,0.14122197032593886,0.0020436426713265664,0.001
234,curved,0.14752012227317962,0.0020516179566356842,0.001
235,curved,0.1464615335633816,0.0018796293170406154,0.001
236,curved,0.07374170993632986,0.0017545767573966427,0.001
237,curved,0.20156655401479126,0.001961461364172309,0.001
238,curved,0.22102622865673532,0.0019787363536319866,0.001
239,curved,0.20135490882569235,0.001957218464315389,0.001
240,plane,0.0,0.0027117190795770524,0.001
241,plane,0.0,0.0027117190795770516,0.001
242,plane,0.0,0.0020185177114999293,0.001
243,plane,0.0,0.00257974837140219,0.001
244,plane,0.0,0.0020922324663238366,0.001
245,plane,0.0,0.0018070419496398304,0.001
246,plane,0.0,0.0018070419496398304,0.001
247,plane,0.0,0.0025797483714021904,0.001
248,plane,0.0,0.002386841101760798,0.001
249,plane,0.0,0.002413382223209357,0.001
250,plane,0.0,0.0021715919808116264,0.001
251,plane,0.0,0.0024132515724694663,0.001
252,plane,0.0,0.002240275579616484,0.001
253,plane,2.6173540367241324e-16,0.0027117190795770524,0.001
254,plane,2.6317409663712067e-16,0.0027117190795770516,0.001
255,plane,2.319232768117466e-15,0.0020185177114999293,0.001
256,plane,3.155897369638638e-16,0.00257974837140219,0.001
257,plane,5.081255336153402e-16,0.0020922324663238366,0.001
258,plane,4.944068908977905e-16,0.0018070419496398304,0.001
259,plane,1.6437995974602089e-16,0.0018070419496398304,0.001
260,plane,3.1522697010933514e-16,0.0025797483714021904,0.001
261,plane,2.717761589674495e-16,0.002386841101760798,0.001
262,plane,2.697599260253245e-15,0.002413382223209357,0.001
263,plane,3.6857868409301946e-16,0.0021715919808116264,0.001
264,plane,2.82351472619245e-16,0.0024132515724694663,0.001
265,plane,1.2070557782694685e-16,0.002240275579616484,0.001
