triangle_id,component_id,component_size,A_id,Ax,Ay,Az,B_id,Bx,By,Bz,C_id,Cx,Cy,Cz,nA,nB,nC,nABC,Max_Residual_ABC,Residual_Threshold,ABC_A,ABC_B,ABC_C,ABC_D,ABC_E,ABC_F,ABC_G,ABC_H,ABC_I,ABC_J,A_A,A_B,A_C,A_D,A_E,A_F,A_G,A_H,A_I,A_J,B_A,B_B,B_C,B_D,B_E,B_F,B_G,B_H,B_I,B_J,C_A,C_B,C_C,C_D,C_E,C_F,C_G,C_H,C_I,C_J
0,0,117,2,0.4556286866277047,0.0,0.2075975000780872,51,0.1777504155603436,-0.4112733991480156,0.2007410190786378,0,0.0,0.0,0.0,17,15,15,21,3.026034937881642e-16,26.632894141239923,1.0,1.0,0.0,0.0,0.0,0.0,0.0,0.0,-0.9999999999999991,-3.026034937881642e-16,1.0,1.0,0.0,0.0,0.0,0.0,0.0,0.0,-1.0000000000000013,9.784898902916169e-17,1.0,1.0,0.0,0.0,0.0,0.0,0.0,0.0,-0.9999999999999978,-9.081868991969189e-17,1.0,1.0,0.0,0.0,0.0,0.0,0.0,0.0,-1.0000000000000002,1.5882329843636077e-16
1,0,117,0,0.0,0.0,0.0,53,0.1805212244019888,0.4183414725060064,0.2075975000780869,2,0.4556286866277047,0.0,0.2075975000780872,15,17,17,11,1.4244229455558738e-16,17.703985801799522,1.0,1.0,0.0,0.0,0.0,0.0,0.0,0.0,-0.9999999999999998,8.693114332432955e-17,1.0,1.0,0.0,0.0,0.0,0.0,0.0,0.0,-1.0000000000000002,1.5882329843636077e-16,1.0,1.0,0.0,0.0,0.0,0.0,0.0,0.0,-0.9999999999999988,-4.0422068658558415e-16,1.0,1.0,0.0,0.0,0.0,0.0,0.0,0.0,-1.0000000000000013,9.784898902916169e-17
2,0,117,0,0.0,0.0,0.0,52,-0.2452376964857841,-0.4136157013061548,0.2312194761446358,20,-0.4276800835925469,0.04823284041660432,0.1852366607963815,15,17,17,11,5.955455239216011e-16,18.060193704989175,1.0,1.0,0.0,0.0,0.0,0.0,0.0,0.0,-0.9999999999999982,1.5145631407153845e-16,1.0,1.0,0.0,0.0,0.0,0.0,0.0,0.0,-1.0000000000000002,1.5882329843636077e-16,1.0,1.0,0.0,0.0,0.0,0.0,0.0,0.0,-1.0,1.0343059061088252e-16,1.0,1.0,0.0,0.0,0.0,0.0,0.0,0.0,-1.0000000000000009,9.767026096853884e-17
3,0,117,20,-0.4276800835925469,0.04823284041660432,0.1852366607963815,53,0.1805212244019888,0.4183414725060064,0.2075975000780869,0,0.0,0.0,0.0,17,17,15,11,1.5407899526791892e-16,17.617047769791142,1.0,1.0,0.0,0.0,0.0,0.0,0.0,0.0,-1.0000000000000009,4.021003404148346e-17,1.0,1.0,0.0,0.0,0.0,0.0,0.0,0.0,-1.0000000000000009,9.767026096853884e-17,1.0,1.0,0.0,0.0,0.0,0.0,0.0,0.0,-0.9999999999999988,-4.0422068658558415e-16,1.0,1.0,0.0,0.0,0.0,0.0,0.0,0.0,-1.0000000000000002,1.5882329843636077e-16
4,0,117,51,0.1777504155603436,-0.4112733991480156,0.2007410190786378,52,-0.2452376964857841,-0.4136157013061548,0.2312194761446358,0,0.0,0.0,0.0,15,17,15,21,2.304097953861865e-16,26.83814341154971,1.0,1.0,0.0,0.0,0.0,0.0,0.0,0.0,-0.9999999999999993,-2.304097953861865e-16,1.0,1.0,0.0,0.0,0.0,0.0,0.0,0.0,-0.9999999999999978,-9.081868991969189e-17,1.0,1.0,0.0,0.0,0.0,0.0,0.0,0.0,-1.0,1.0343059061088252e-16,1.0,1.0,0.0,0.0,0.0,0.0,0.0,0.0,-1.0000000000000002,1.5882329843636077e-16
5,0,117,5,1.233175996953519,0.0,1.520723039462305,65,1.233783046917338,0.3621452454499451,1.653369785662631,1,1.414213562373095,0.0,2.0,16,14,13,19,2.0359134579120025e-14,26.581875479576023,1.0,1.0,0.0,0.0,0.0,0.0,0.0,0.0,-0.9999999999999903,1.4853431604923638e-15,1.0,1.0,0.0,0.0,0.0,0.0,0.0,0.0,-0.999999999999992,5.763355800093152e-15,0.9999999999999999,1.0,0.0,0.0,0.0,0.0,0.0,0.0,-1.000000000000004,-2.079445887427241e-15,1.0,1.0,0.0,0.0,0.0,0.0,0.0,0.0,-0.9999999999999905,2.1726521010575164e-14
6,0,117,1,1.414213562373095,0.0,2.0,66,1.23630015401756,-0.3703921482037187,1.665628414274808,5,1.233175996953519,0.0,1.520723039462305,13,14,16,19,1.1499813836587885e-14,26.469892420571817,1.0,1.0,0.0,0.0,0.0,0.0,0.0,0.0,-0.9999999999999972,6.392787923312165e-15,1.0,1.0,0.0,0.0,0.0,0.0,0.0,0.0,-0.9999999999999905,2.1726521010575164e-14,1.0,1.0,0.0,0.0,0.0,0.0,0.0,0.0,-1.0000000000000298,3.832193298209304e-15,1.0,1.0,0.0,0.0,0.0,0.0,0.0,0.0,-0.999999999999992,5.763355800093152e-15
7,0,117,1,1.414213562373095,0.0,2.0,65,1.233783046917338,0.3621452454499451,1.653369785662631,6,1.291948376042502,0.5752124769519023,2.0,13,14,12,17,2.0912320051003822e-14,28.26564382753212,0.9999999999999999,1.0,0.0,0.0,0.0,0.0,0.0,0.0,-0.9999999999999937,7.811688360426973e-15,1.0,1.0,0.0,0.0,0.0,0.0,0.0,0.0,-0.9999999999999905,2.1726521010575164e-14,0.9999999999999999,1.0,0.0,0.0,0.0,0.0,0.0,0.0,-1.000000000000004,-2.079445887427241e-15,1.0,1.0,0.0,0.0,0.0,0.0,0.0,0.0,-1.0000000000000266,-2.4642146976072143e-14
8,0,117,19,1.291948376042502,-0.5752124769519015,2.0,66,1.23630015401756,-0.3703921482037187,1.665628414274808,1,1.414213562373095,0.0,2.0,12,14,13,17,2.570659928557534e-14,28.265643827770855,1.0,1.0,0.0,0.0,0.0,0.0,0.0,0.0,-0.9999999999999925,1.1051655360523273e-14,1.0,1.0,0.0,0.0,0.0,0.0,0.0,0.0,-1.0000000000000153,-7.29937025866593e-15,1.0,1.0,0.0,0.0,0.0,0.0,0.0,0.0,-1.0000000000000298,3.832193298209304e-15,1.0,1.0,0.0,0.0,0.0,0.0,0.0,0.0,-0.9999999999999905,2.1726521010575164e-14
9,0,117,3,0.7774727003073723,0.0,0.604463799723237,24,0.5373566556803074,-0.4260302110364884,0.4702539161197193,2,0.4556286866277047,0.0,0.2075975000780872,19,18,17,12,4.278094320118775e-15,19.078313529644074,0.9999999999999999,1.0,0.0,0.0,0.0,0.0,0.0,0.0,-1.0000000000000073,2.738200808443669e-16,1.0,1.0,0.0,0.0,0.0,0.0,0.0,0.0,-1.0000000000000009,1.6917677855533798e-16,1.0,1.0,0.0,0.0,0.0,0.0,0.0,0.0,-1.0000000000000002,-1.5362927898647992e-16,1.0,1.0,0.0,0.0,0.0,0.0,0.0,0.0,-1.0000000000000013,9.784898902916169e-17
10,0,117,2,0.4556286866277047,0.0,0.2075975000780872,25,0.5373566556801945,0.426030211034505,0.470253916117908,3,0.7774727003073723,0.0,0.604463799723237,17,19,19,12,7.267773697262759e-16,19.078313529362315,1.0,1.0,0.0,0.0,0.0,0.0,0.0,0.0,-1.0000000000000009,-1.7166585741369762e-16,1.0,1.0,0.0,0.0,0.0,0.0,0.0,0.0,-1.0000000000000013,9.784898902916169e-17,1.0,1.0,0.0,0.0,0.0,0.0,0.0,0.0,-1.0,-1.9497244542236258e-16,1.0,1.0,0.0,0.0,0.0,0.0,0.0,0.0,-1.0000000000000009,1.6917677855533798e-16
11,0,117,24,0.5373566556803074,-0.4260302110364884,0.4702539161197193,51,0.1777504155603436,-0.4112733991480156,0.2007410190786378,2,0.4556286866277047,0.0,0.2075975000780872,18,15,17,11,8.481173828979483e-16,18.307142950258704,1.0,1.0,0.0,0.0,0.0,0.0,0.0,0.0,-1.0000000000000027,3.731279441897238e-16,1.0,1.0,0.0,0.0,0.0,0.0,0.0,0.0,-1.0000000000000002,-1.5362927898647992e-16,1.0,1.0,0.0,0.0,0.0,0.0,0.0,0.0,-0.9999999999999978,-9.081868991969189e-17,1.0,1.0,0.0,0.0,0.0,0.0,0.0,0.0,-1.0000000000000013,9.784898902916169e-17
12,0,117,2,0.4556286866277047,0.0,0.2075975000780872,53,0.1805212244019888,0.4183414725060064,0.2075975000780869,25,0.5373566556801945,0.426030211034505,0.470253916117908,17,17,19,12,4.340628753202124e-16,19.427826787540404,1.0,1.0,0.0,0.0,0.0,0.0,0.0,0.0,-0.9999999999999989,-6.283519046296148e-16,1.0,1.0,0.0,0.0,0.0,0.0,0.0,0.0,-1.0000000000000013,9.784898902916169e-17,1.0,1.0,0.0,0.0,0.0,0.0,0.0,0.0,-0.9999999999999988,-4.0422068658558415e-16,1.0,1.0,0.0,0.0,0.0,0.0,0.0,0.0,-1.0,-1.9497244542236258e-16
13,0,117,4,1.025814003238129,0.0,1.052294369239436,30,0.8225089173517094,-0.4312485579288287,0.8624962378387755,3,0.7774727003073723,0.0,0.604463799723237,19,19,19,12,2.1850830987938406e-15,19.55393408069303,1.0,1.0,0.0,0.0,0.0,0.0,0.0,0.0,-0.9999999999999994,-2.5181500061813875e-15,1.0,1.0,0.0,0.0,0.0,0.0,0.0,0.0,-1.0000000000000075,0.0,1.0,1.0,0.0,0.0,0.0,0.0,0.0,0.0,-0.9999999999999997,2.795086403571087e-16,1.0,1.0,0.0,0.0,0.0,0.0,0.0,0.0,-1.0000000000000009,1.6917677855533798e-16
14,0,117,3,0.7774727003073723,0.0,0.604463799723237,35,0.8225089173671093,0.4312485579682416,0.862496237898102,4,1.025814003238129,0.0,1.052294369239436,19,19,19,12,2.051650812953448e-14,19.55393408068103,1.0,1.0,0.0,0.0,0.0,0.0,0.0,0.0,-0.9999999999999829,2.0868059207568817e-15,1.0,1.0,0.0,0.0,0.0,0.0,0.0,0.0,-1.0000000000000009,1.6917677855533798e-16,1.0,1.0,0.0,0.0,0.0,0.0,0.0,0.0,-1.0000000000000044,2.8108036481973015e-16,1.0,1.0,0.0,0.0,0.0,0.0,0.0,0.0,-1.0000000000000075,0.0
15,0,117,3,0.7774727003073723,0.0,0.604463799723237,30,0.8225089173517094,-0.4312485579288287,0.8624962378387755,24,0.5373566556803074,-0.4260302110364884,0.4702539161197193,19,19,18,12,1.4965915936580583e-16,19.19274717001199,0.9999999999999999,1.0,0.0,0.0,0.0,0.0,0.0,0.0,-0.9999999999999999,3.8636856903290176e-17,1.0,1.0,0.0,0.0,0.0,0.0,0.0,0.0,-1.0000000000000009,1.6917677855533798e-16,1.0,1.0,0.0,0.0,0.0,0.0,0.0,0.0,-0.9999999999999997,2.795086403571087e-16,1.0,1.0,0.0,0.0,0.0,0.0,0.0,0.0,-1.0000000000000002,-1.5362927898647992e-16
16,0,117,25,0.5373566556801945,0.426030211034505,0.470253916117908,35,0.8225089173671093,0.4312485579682416,0.862496237898102,3,0.7774727003073723,0.0,0.604463799723237,19,19,19,12,1.241544503083502e-14,19.119814794976126,1.0,1.0,0.0,0.0,0.0,0.0,0.0,0.0,-0.9999999999999861,4.250363648833295e-16,1.0,1.0,0.0,0.0,0.0,0.0,0.0,0.0,-1.0,-1.9497244542236258e-16,1.0,1.0,0.0,0.0,0.0,0.0,0.0,0.0,-1.0000000000000044,2.8108036481973015e-16,1.0,1.0,0.0,0.0,0.0,0.0,0.0,0.0,-1.0000000000000009,1.6917677855533798e-16
17,0,117,4,1.025814003238129,0.0,1.052294369239436,28,1.060991147266854,0.437185817395943,1.316833653510794,5,1.233175996953519,0.0,1.520723039462305,19,18,16,12,1.1855999554502201e-13,19.5631459585184,1.0,1.0,0.0,0.0,0.0,0.0,0.0,0.0,-0.9999999999999301,1.175654057608195e-14,1.0,1.0,0.0,0.0,0.0,0.0,0.0,0.0,-1.0000000000000075,0.0,1.0,1.0,0.0,0.0,0.0,0.0,0.0,0.0,-1.0000000000000069,-2.2775486100096513e-15,1.0,1.0,0.0,0.0,0.0,0.0,0.0,0.0,-0.999999999999992,5.763355800093152e-15
18,0,117,5,1.233175996953519,0.0,1.520723039462305,29,1.060991147267965,-0.437185817398794,1.316833653515644,4,1.025814003238129,0.0,1.052294369239436,16,18,19,12,2.5656961150926726e-14,19.37130834245956,1.0,1.0,0.0,0.0,0.0,0.0,0.0,0.0,-0.999999999999984,1.0100100042482515e-15,1.0,1.0,0.0,0.0,0.0,0.0,0.0,0.0,-0.999999999999992,5.763355800093152e-15,1.0,1.0,0.0,0.0,0.0,0.0,0.0,0.0,-0.9999999999999983,4.113893653615833e-15,1.0,1.0,0.0,0.0,0.0,0.0,0.0,0.0,-1.0000000000000075,0.0
19,0,117,4,1.025814003238129,0.0,1.052294369239436,35,0.8225089173671093,0.4312485579682416,0.862496237898102,28,1.060991147266854,0.437185817395943,1.316833653510794,19,19,18,12,5.711119889862807e-14,18.707546963081796,1.0,1.0,0.0,0.0,0.0,0.0,0.0,0.0,-0.9999999999999604,4.9307167412457135e-15,1.0,1.0,0.0,0.0,0.0,0.0,0.0,0.0,-1.0000000000000075,0.0,1.0,1.0,0.0,0.0,0.0,0.0,0.0,0.0,-1.0000000000000044,2.8108036481973015e-16,1.0,1.0,0.0,0.0,0.0,0.0,0.0,0.0,-1.0000000000000069,-2.2775486100096513e-15
20,0,117,29,1.060991147267965,-0.437185817398794,1.316833653515644,30,0.8225089173517094,-0.4312485579288287,0.8624962378387755,4,1.025814003238129,0.0,1.052294369239436,18,19,19,12,3.065877635776103e-14,18.79575241767961,1.0,1.0,0.0,0.0,0.0,0.0,0.0,0.0,-1.000000000000021,-3.125245347057144e-15,1.0,1.0,0.0,0.0,0.0,0.0,0.0,0.0,-0.9999999999999983,4.113893653615833e-15,1.0,1.0,0.0,0.0,0.0,0.0,0.0,0.0,-0.9999999999999997,2.795086403571087e-16,1.0,1.0,0.0,0.0,0.0,0.0,0.0,0.0,-1.0000000000000075,0.0
21,0,117,28,1.060991147266854,0.437185817395943,1.316833653510794,65,1.233783046917338,0.3621452454499451,1.653369785662631,5,1.233175996953519,0.0,1.520723039462305,18,14,16,11,2.226864195098453e-13,17.814489384924887,0.9999999999999999,1.0,0.0,0.0,0.0,0.0,0.0,0.0,-1.0000000000001241,-1.751720455911636e-14,1.0,1.0,0.0,0.0,0.0,0.0,0.0,0.0,-1.0000000000000069,-2.2775486100096513e-15,0.9999999999999999,1.0,0.0,0.0,0.0,0.0,0.0,0.0,-1.000000000000004,-2.079445887427241e-15,1.0,1.0,0.0,0.0,0.0,0.0,0.0,0.0,-0.999999999999992,5.763355800093152e-15
22,0,117,5,1.233175996953519,0.0,1.520723039462305,66,1.23630015401756,-0.3703921482037187,1.665628414274808,29,1.060991147267965,-0.437185817398794,1.316833653515644,16,14,18,11,8.35707116696301e-14,17.584416276534572,1.0,1.0,0.0,0.0,0.0,0.0,0.0,0.0,-1.000000000000049,-2.080341662143609e-15,1.0,1.0,0.0,0.0,0.0,0.0,0.0,0.0,-0.999999999999992,5.763355800093152e-15,1.0,1.0,0.0,0.0,0.0,0.0,0.0,0.0,-1.0000000000000298,3.832193298209304e-15,1.0,1.0,0.0,0.0,0.0,0.0,0.0,0.0,-0.9999999999999983,4.113893653615833e-15
23,0,117,6,1.291948376042502,0.5752124769519023,2.0,57,1.019484689762031,0.7549331677678591,1.609273120455199,7,0.9462935785116285,1.050965490997519,2.0,12,15,12,18,1.01695446629157e-14,27.836374758355916,1.0,1.0,0.0,0.0,0.0,0.0,0.0,0.0,-1.0000000000000022,-5.728652564415074e-15,1.0,1.0,0.0,0.0,0.0,0.0,0.0,0.0,-1.0000000000000266,-2.4642146976072143e-14,1.0,1.0,0.0,0.0,0.0,0.0,0.0,0.0,-0.9999999999999994,-1.310940691439638e-15,1.0,1.0,0.0,0.0,0.0,0.0,0.0,0.0,-0.9999999999999923,7.433189328034475e-15
24,0,117,6,1.291948376042502,0.5752124769519023,2.0,65,1.233783046917338,0.3621452454499451,1.653369785662631,57,1.019484689762031,0.7549331677678591,1.609273120455199,12,14,15,18,6.774139375046269e-15,26.118726936770372,1.0,1.0,0.0,0.0,0.0,0.0,0.0,0.0,-1.0000000000000024,-2.3332472765456435e-15,1.0,1.0,0.0,0.0,0.0,0.0,0.0,0.0,-1.0000000000000266,-2.4642146976072143e-14,0.9999999999999999,1.0,0.0,0.0,0.0,0.0,0.0,0.0,-1.000000000000004,-2.079445887427241e-15,1.0,1.0,0.0,0.0,0.0,0.0,0.0,0.0,-0.9999999999999994,-1.310940691439638e-15
25,0,117,7,0.9462935785116285,1.050965490997519,2.0,27,0.6152604886202295,1.065662426179895,1.514181875428824,8,0.4370160244488182,1.344997023927916,2.000000000000001,12,16,13,18,1.1613023527669525e-14,28.035277708894753,0.9999999999999999,1.0,0.0,0.0,0.0,0.0,0.0,0.0,-0.9999999999999925,-3.930098817082666e-15,1.0,1.0,0.0,0.0,0.0,0.0,0.0,0.0,-0.9999999999999923,7.433189328034475e-15,1.0,1.0,0.0,0.0,0.0,0.0,0.0,0.0,-0.9999999999999968,-2.5874034504814753e-15,1.0,1.0,0.0,0.0,0.0,0.0,0.0,0.0,-1.000000000000004,-1.0945730766237186e-14
26,0,117,7,0.9462935785116285,1.050965490997519,2.0,57,1.019484689762031,0.7549331677678591,1.609273120455199,27,0.6152604886202295,1.065662426179895,1.514181875428824,12,15,16,19,1.2843594221933052e-14,26.337218085631925,1.0,1.0,0.0,0.0,0.0,0.0,0.0,0.0,-0.9999999999999944,1.7413639756814871e-15,1.0,1.0,0.0,0.0,0.0,0.0,0.0,0.0,-0.9999999999999923,7.433189328034475e-15,1.0,1.0,0.0,0.0,0.0,0.0,0.0,0.0,-0.9999999999999994,-1.310940691439638e-15,1.0,1.0,0.0,0.0,0.0,0.0,0.0,0.0,-0.9999999999999968,-2.5874034504814753e-15
27,0,117,8,0.4370160244488182,1.344997023927916,2.000000000000001,49,0.09018407656398272,1.172196032987358,1.382176707416997,9,-0.1478255704071379,1.406466352506808,2.0,13,17,12,19,7.579946696144934e-16,29.80212277132782,1.0,1.0,0.0,0.0,0.0,0.0,0.0,0.0,-1.000000000000001,1.86821769423965e-15,1.0,1.0,0.0,0.0,0.0,0.0,0.0,0.0,-1.000000000000004,-1.0945730766237186e-14,1.0,1.0,0.0,0.0,0.0,0.0,0.0,0.0,-1.0000000000000016,-3.3711950633318285e-16,1.0,1.0,0.0,0.0,0.0,0.0,0.0,0.0,-0.9999999999999928,0.0
28,0,117,27,0.6152604886202295,1.065662426179895,1.514181875428824,49,0.09018407656398272,1.172196032987358,1.382176707416997,8,0.4370160244488182,1.344997023927916,2.000000000000001,16,17,13,11,1.7437063266114153e-14,19.584394511609755,1.0,1.0,0.0,0.0,0.0,0.0,0.0,0.0,-0.9999999999999908,-1.436728152513508e-15,1.0,1.0,0.0,0.0,0.0,0.0,0.0,0.0,-0.9999999999999968,-2.5874034504814753e-15,1.0,1.0,0.0,0.0,0.0,0.0,0.0,0.0,-1.0000000000000016,-3.3711950633318285e-16,1.0,1.0,0.0,0.0,0.0,0.0,0.0,0.0,-1.000000000000004,-1.0945730766237186e-14
29,0,117,9,-0.1478255704071379,1.406466352506808,2.0,22,-0.4098305893781906,1.168299049478135,1.532883781001589,10,-0.7071067811865528,1.224744871391586,2.0,12,15,12,17,3.65102433263482e-15,29.092388963862938,0.9999999999999999,1.0,0.0,0.0,0.0,0.0,0.0,0.0,-0.9999999999999982,-3.457785560157441e-16,1.0,1.0,0.0,0.0,0.0,0.0,0.0,0.0,-0.9999999999999928,0.0,1.0,1.0,0.0,0.0,0.0,0.0,0.0,0.0,-1.0000000000000047,-2.9111638037396814e-15,1.0,1.0,0.0,0.0,0.0,0.0,0.0,0.0,-0.9999999999999968,-6.1278047169740296e-15
30,0,117,9,-0.1478255704071379,1.406466352506808,2.0,49,0.09018407656398272,1.172196032987358,1.382176707416997,22,-0.4098305893781906,1.168299049478135,1.532883781001589,12,17,15,20,3.127478860391018e-15,28.79096911491947,1.0,1.0,0.0,0.0,0.0,0.0,0.0,0.0,-1.0000000000000002,2.905434255465987e-15,1.0,1.0,0.0,0.0,0.0,0.0,0.0,0.0,-0.9999999999999928,0.0,1.0,1.0,0.0,0.0,0.0,0.0,0.0,0.0,-1.0000000000000016,-3.3711950633318285e-16,1.0,1.0,0.0,0.0,0.0,0.0,0.0,0.0,-1.0000000000000047,-2.9111638037396814e-15
31,0,117,10,-0.7071067811865528,1.224744871391586,2.0,42,-0.8910669554356709,0.7892348935587914,1.416892036280153,11,-1.144122805635372,0.831253875554903,2.000000000000002,12,17,12,19,1.369436022371749e-14,28.882014323422148,1.0,1.0,0.0,0.0,0.0,0.0,0.0,0.0,-0.9999999999999933,3.7168392821561176e-16,1.0,1.0,0.0,0.0,0.0,0.0,0.0,0.0,-0.9999999999999968,-6.1278047169740296e-15,1.0,1.0,0.0,0.0,0.0,0.0,0.0,0.0,-1.0,3.462699600675708e-15,1.0,1.0,0.0,0.0,0.0,0.0,0.0,0.0,-0.9999999999999886,1.1363139341579632e-14
32,0,117,22,-0.4098305893781906,1.168299049478135,1.532883781001589,42,-0.8910669554356709,0.7892348935587914,1.416892036280153,10,-0.7071067811865528,1.224744871391586,2.0,15,17,12,20,1.1973935407741925e-14,29.78585877748784,1.0,1.0,0.0,0.0,0.0,0.0,0.0,0.0,-0.9999999999999917,-4.679409961635424e-15,1.0,1.0,0.0,0.0,0.0,0.0,0.0,0.0,-1.0000000000000047,-2.9111638037396814e-15,1.0,1.0,0.0,0.0,0.0,0.0,0.0,0.0,-1.0,3.462699600675708e-15,1.0,1.0,0.0,0.0,0.0,0.0,0.0,0.0,-0.9999999999999968,-6.1278047169740296e-15
33,0,117,11,-1.144122805635372,0.831253875554903,2.000000000000002,60,-1.184799595680534,0.4650062544526141,1.619980898604806,12,-1.383309602960452,0.2940315329303932,2.0,12,14,11,16,2.375496778968639e-15,27.786422321351854,1.0,1.0,0.0,0.0,0.0,0.0,0.0,0.0,-1.0000000000000013,4.595942828218952e-15,1.0,1.0,0.0,0.0,0.0,0.0,0.0,0.0,-0.9999999999999886,1.1363139341579632e-14,1.0,1.0,0.0,0.0,0.0,0.0,0.0,0.0,-1.000000000000004,4.183963314197484e-15,1.0,1.0,0.0,0.0,0.0,0.0,0.0,0.0,-1.000000000000018,5.5910220137106206e-15
34,0,117,42,-0.8910669554356709,0.7892348935587914,1.416892036280153,60,-1.184799595680534,0.4650062544526141,1.619980898604806,11,-1.144122805635372,0.831253875554903,2.000000000000002,17,14,12,19,8.396584961402182e-16,27.943932733336844,1.0,1.0,0.0,0.0,0.0,0.0,0.0,0.0,-1.0000000000000013,2.26896597281022e-15,1.0,1.0,0.0,0.0,0.0,0.0,0.0,0.0,-1.0,3.462699600675708e-15,1.0,1.0,0.0,0.0,0.0,0.0,0.0,0.0,-1.000000000000004,4.183963314197484e-15,1.0,1.0,0.0,0.0,0.0,0.0,0.0,0.0,-0.9999999999999886,1.1363139341579632e-14
35,0,117,12,-1.383309602960452,0.2940315329303932,2.0,23,-1.255262403285246,0.005873810641113158,1.575718202752899,13,-1.383309602960451,-0.2940315329304003,2.000000000000002,11,14,11,16,1.018001568010031e-15,27.64830970712208,1.0,1.0,0.0,0.0,0.0,0.0,0.0,0.0,-0.9999999999999993,-3.142660615401569e-16,1.0,1.0,0.0,0.0,0.0,0.0,0.0,0.0,-1.000000000000018,5.5910220137106206e-15,1.0,1.0,0.0,0.0,0.0,0.0,0.0,0.0,-0.9999999999999986,2.0072451617154898e-16,1.0,1.0,0.0,0.0,0.0,0.0,0.0,0.0,-0.999999999999989,2.034987969587654e-14
36,0,117,12,-1.383309602960452,0.2940315329303932,2.0,60,-1.184799595680534,0.4650062544526141,1.619980898604806,23,-1.255262403285246,0.005873810641113158,1.575718202752899,11,14,14,17,2.8414861625427324e-15,25.22267289120063,0.9999999999999999,1.0,0.0,0.0,0.0,0.0,0.0,0.0,-1.000000000000003,3.819851985208207e-15,1.0,1.0,0.0,0.0,0.0,0.0,0.0,0.0,-1.000000000000018,5.5910220137106206e-15,1.0,1.0,0.0,0.0,0.0,0.0,0.0,0.0,-1.000000000000004,4.183963314197484e-15,1.0,1.0,0.0,0.0,0.0,0.0,0.0,0.0,-0.9999999999999986,2.0072451617154898e-16
37,0,117,13,-1.383309602960451,-0.2940315329304003,2.000000000000002,59,-1.185336310112589,-0.4646352152467527,1.620908051318724,14,-1.144122805635367,-0.8312538755549093,2.0,11,14,12,16,5.0797206161134436e-15,27.786422321351843,1.0,1.0,0.0,0.0,0.0,0.0,0.0,0.0,-1.0000000000000042,3.802063580887809e-15,1.0,1.0,0.0,0.0,0.0,0.0,0.0,0.0,-0.999999999999989,2.034987969587654e-14,1.0,1.0,0.0,0.0,0.0,0.0,0.0,0.0,-1.0000000000000084,-3.1485973508488503e-16,1.0,1.0,0.0,0.0,0.0,0.0,0.0,0.0,-1.0000000000000036,-2.0731587445825594e-15
38,0,117,23,-1.255262403285246,0.005873810641113158,1.575718202752899,59,-1.185336310112589,-0.4646352152467527,1.620908051318724,13,-1.383309602960451,-0.2940315329304003,2.000000000000002,14,14,11,17,2.1116207429129257e-15,25.180644609026615,1.0,1.0,0.0,0.0,0.0,0.0,0.0,0.0,-1.0000000000000033,7.218646656188646e-15,1.0,1.0,0.0,0.0,0.0,0.0,0.0,0.0,-0.9999999999999986,2.0072451617154898e-16,1.0,1.0,0.0,0.0,0.0,0.0,0.0,0.0,-1.0000000000000084,-3.1485973508488503e-16,1.0,1.0,0.0,0.0,0.0,0.0,0.0,0.0,-0.999999999999989,2.034987969587654e-14
39,0,117,14,-1.144122805635367,-0.8312538755549093,2.0,48,-0.8864438922085777,-0.8132189450735278,1.447107826660394,15,-0.7071067811865438,-1.224744871391591,1.999999999999999,12,17,12,19,6.032606495458319e-15,28.798076012183436,1.0,1.0,0.0,0.0,0.0,0.0,0.0,0.0,-1.000000000000003,1.846424424425569e-16,1.0,1.0,0.0,0.0,0.0,0.0,0.0,0.0,-1.0000000000000036,-2.0731587445825594e-15,1.0,1.0,0.0,0.0,0.0,0.0,0.0,0.0,-0.9999999999999999,-2.2431839193730483e-16,0.9999999999999999,1.0,0.0,0.0,0.0,0.0,0.0,0.0,-1.000000000000006,4.7610241559426464e-15
40,0,117,14,-1.144122805635367,-0.8312538755549093,2.0,59,-1.185336310112589,-0.4646352152467527,1.620908051318724,48,-0.8864438922085777,-0.8132189450735278,1.447107826660394,12,14,17,19,1.503934469721886e-14,27.88377454093737,1.0,1.0,0.0,0.0,0.0,0.0,0.0,0.0,-0.9999999999999926,1.6235616724176265e-16,1.0,1.0,0.0,0.0,0.0,0.0,0.0,0.0,-1.0000000000000036,-2.0731587445825594e-15,1.0,1.0,0.0,0.0,0.0,0.0,0.0,0.0,-1.0000000000000084,-3.1485973508488503e-16,1.0,1.0,0.0,0.0,0.0,0.0,0.0,0.0,-0.9999999999999999,-2.2431839193730483e-16
41,0,117,15,-0.7071067811865438,-1.224744871391591,1.999999999999999,21,-0.4207724652971629,-1.1690379286767,1.543699146236961,16,-0.1478255704071295,-1.406466352506809,2.000000000000001,12,15,12,17,3.800081108248399e-15,29.13289366890654,0.9999999999999999,1.0,0.0,0.0,0.0,0.0,0.0,0.0,-1.0000000000000047,5.525792298602916e-15,0.9999999999999999,1.0,0.0,0.0,0.0,0.0,0.0,0.0,-1.000000000000006,4.7610241559426464e-15,1.0,1.0,0.0,0.0,0.0,0.0,0.0,0.0,-1.000000000000001,-1.3528378684312133e-15,1.0,1.0,0.0,0.0,0.0,0.0,0.0,0.0,-0.9999999999999976,8.164765551394004e-15
42,0,117,15,-0.7071067811865438,-1.224744871391591,1.999999999999999,48,-0.8864438922085777,-0.8132189450735278,1.447107826660394,21,-0.4207724652971629,-1.1690379286767,1.543699146236961,12,17,15,20,6.475874236842503e-15,30.04914895530984,1.0,1.0,0.0,0.0,0.0,0.0,0.0,0.0,-0.9999999999999973,7.027145087916894e-16,0.9999999999999999,1.0,0.0,0.0,0.0,0.0,0.0,0.0,-1.000000000000006,4.7610241559426464e-15,1.0,1.0,0.0,0.0,0.0,0.0,0.0,0.0,-0.9999999999999999,-2.2431839193730483e-16,1.0,1.0,0.0,0.0,0.0,0.0,0.0,0.0,-1.000000000000001,-1.3528378684312133e-15
43,0,117,16,-0.1478255704071295,-1.406466352506809,2.000000000000001,50,0.09473834485558136,-1.171727834023741,1.381921471011943,17,0.4370160244488233,-1.344997023927914,2.0,12,17,13,19,4.38473384250651e-15,30.020346483049074,1.0,1.0,0.0,0.0,0.0,0.0,0.0,0.0,-0.9999999999999988,1.4981539784811027e-15,1.0,1.0,0.0,0.0,0.0,0.0,0.0,0.0,-0.9999999999999976,8.164765551394004e-15,1.0,1.0,0.0,0.0,0.0,0.0,0.0,0.0,-0.9999999999999968,1.2469322457600287e-15,0.9999999999999999,1.0,0.0,0.0,0.0,0.0,0.0,0.0,-1.000000000000001,-6.733588956152943e-16
44,0,117,21,-0.4207724652971629,-1.1690379286767,1.543699146236961,50,0.09473834485558136,-1.171727834023741,1.381921471011943,16,-0.1478255704071295,-1.406466352506809,2.000000000000001,15,17,12,20,3.327283089512114e-15,29.344102091736165,1.0,1.0,0.0,0.0,0.0,0.0,0.0,0.0,-0.9999999999999952,-6.220634922264232e-15,1.0,1.0,0.0,0.0,0.0,0.0,0.0,0.0,-1.000000000000001,-1.3528378684312133e-15,1.0,1.0,0.0,0.0,0.0,0.0,0.0,0.0,-0.9999999999999968,1.2469322457600287e-15,1.0,1.0,0.0,0.0,0.0,0.0,0.0,0.0,-0.9999999999999976,8.164765551394004e-15
45,0,117,17,0.4370160244488233,-1.344997023927914,2.0,26,0.6391857584661778,-1.060518031186532,1.533256928297741,18,0.9462935785116314,-1.050965490997517,2.000000000000001,13,16,12,18,1.0092180610726108e-14,28.03527770878567,1.0,1.0,0.0,0.0,0.0,0.0,0.0,0.0,-1.0000000000000027,-4.763110092525357e-15,0.9999999999999999,1.0,0.0,0.0,0.0,0.0,0.0,0.0,-1.000000000000001,-6.733588956152943e-16,1.0,1.0,0.0,0.0,0.0,0.0,0.0,0.0,-1.000000000000005,-1.0792399211805489e-15,1.0,1.0,0.0,0.0,0.0,0.0,0.0,0.0,-0.9999999999999901,3.3908612771565018e-15
46,0,117,17,0.4370160244488233,-1.344997023927914,2.0,50,0.09473834485558136,-1.171727834023741,1.381921471011943,26,0.6391857584661778,-1.060518031186532,1.533256928297741,13,17,16,11,4.595771811792447e-14,19.76090656889625,1.0,1.0,0.0,0.0,0.0,0.0,0.0,0.0,-1.0000000000000187,-9.098313700369275e-15,0.9999999999999999,1.0,0.0,0.0,0.0,0.0,0.0,0.0,-1.000000000000001,-6.733588956152943e-16,1.0,1.0,0.0,0.0,0.0,0.0,0.0,0.0,-0.9999999999999968,1.2469322457600287e-15,1.0,1.0,0.0,0.0,0.0,0.0,0.0,0.0,-1.000000000000005,-1.0792399211805489e-15
47,0,117,18,0.9462935785116314,-1.050965490997517,2.000000000000001,58,1.037569761678101,-0.7366297879451797,1.619174454836912,19,1.291948376042502,-0.5752124769519015,2.0,12,15,12,18,3.4488712562791022e-15,27.836374758246087,0.9999999999999999,1.0,0.0,0.0,0.0,0.0,0.0,0.0,-0.9999999999999981,-3.2588702744643e-16,1.0,1.0,0.0,0.0,0.0,0.0,0.0,0.0,-0.9999999999999901,3.3908612771565018e-15,1.0,1.0,0.0,0.0,0.0,0.0,0.0,0.0,-0.9999999999999816,4.524316089883572e-15,1.0,1.0,0.0,0.0,0.0,0.0,0.0,0.0,-1.0000000000000153,-7.29937025866593e-15
48,0,117,26,0.6391857584661778,-1.060518031186532,1.533256928297741,58,1.037569761678101,-0.7366297879451797,1.619174454836912,18,0.9462935785116314,-1.050965490997517,2.000000000000001,16,15,12,19,1.1084816064023264e-14,26.322257693711673,1.0,1.0,0.0,0.0,0.0,0.0,0.0,0.0,-1.0000000000000033,-4.423477916272325e-15,1.0,1.0,0.0,0.0,0.0,0.0,0.0,0.0,-1.000000000000005,-1.0792399211805489e-15,1.0,1.0,0.0,0.0,0.0,0.0,0.0,0.0,-0.9999999999999816,4.524316089883572e-15,1.0,1.0,0.0,0.0,0.0,0.0,0.0,0.0,-0.9999999999999901,3.3908612771565018e-15
49,0,117,58,1.037569761678101,-0.7366297879451797,1.619174454836912,66,1.23630015401756,-0.3703921482037187,1.665628414274808,19,1.291948376042502,-0.5752124769519015,2.0,15,14,12,18,3.2916838509095665e-14,26.095669637442832,1.0,1.0,0.0,0.0,0.0,0.0,0.0,0.0,-0.9999999999999863,6.049441313166877e-15,1.0,1.0,0.0,0.0,0.0,0.0,0.0,0.0,-0.9999999999999816,4.524316089883572e-15,1.0,1.0,0.0,0.0,0.0,0.0,0.0,0.0,-1.0000000000000298,3.832193298209304e-15,1.0,1.0,0.0,0.0,0.0,0.0,0.0,0.0,-1.0000000000000153,-7.29937025866593e-15
50,0,117,20,-0.4276800835925469,0.04823284041660432,0.1852366607963815,45,-0.6831586817332066,-0.2971501962939525,0.5550040235849871,43,-0.6903923803565459,0.2484059321883043,0.5383471460007181,17,19,18,12,2.0374454701553946e-15,20.651126068563606,1.0,1.0,0.0,0.0,0.0,0.0,0.0,0.0,-1.0000000000000038,7.197827663240294e-17,1.0,1.0,0.0,0.0,0.0,0.0,0.0,0.0,-1.0000000000000009,9.767026096853884e-17,1.0,1.0,0.0,0.0,0.0,0.0,0.0,0.0,-1.0000000000000007,7.145925628419966e-16,1.0,1.0,0.0,0.0,0.0,0.0,0.0,0.0,-0.9999999999999986,5.768498257916676e-16
51,0,117,43,-0.6903923803565459,0.2484059321883043,0.5383471460007181,54,-0.3242551654510844,0.4985040710257232,0.3536477211509294,20,-0.4276800835925469,0.04823284041660432,0.1852366607963815,18,16,17,11,3.09037741599e-15,18.639421279485912,0.9999999999999999,1.0,0.0,0.0,0.0,0.0,0.0,0.0,-1.0000000000000053,-9.277524950207713e-17,1.0,1.0,0.0,0.0,0.0,0.0,0.0,0.0,-0.9999999999999986,5.768498257916676e-16,1.0,1.0,0.0,0.0,0.0,0.0,0.0,0.0,-0.9999999999999992,-6.805251968835982e-17,1.0,1.0,0.0,0.0,0.0,0.0,0.0,0.0,-1.0000000000000009,9.767026096853884e-17
52,0,117,20,-0.4276800835925469,0.04823284041660432,0.1852366607963815,52,-0.2452376964857841,-0.4136157013061548,0.2312194761446358,45,-0.6831586817332066,-0.2971501962939525,0.5550040235849871,17,17,19,12,1.2339497462060006e-15,19.32225224324833,0.9999999999999999,1.0,0.0,0.0,0.0,0.0,0.0,0.0,-0.9999999999999963,-7.644516981192812e-16,1.0,1.0,0.0,0.0,0.0,0.0,0.0,0.0,-1.0000000000000009,9.767026096853884e-17,1.0,1.0,0.0,0.0,0.0,0.0,0.0,0.0,-1.0,1.0343059061088252e-16,1.0,1.0,0.0,0.0,0.0,0.0,0.0,0.0,-1.0000000000000007,7.145925628419966e-16
53,0,117,20,-0.4276800835925469,0.04823284041660432,0.1852366607963815,54,-0.3242551654510844,0.4985040710257232,0.3536477211509294,53,0.1805212244019888,0.4183414725060064,0.2075975000780869,17,16,17,11,1.1048901454012e-15,18.007734482686267,1.0,1.0,0.0,0.0,0.0,0.0,0.0,0.0,-1.0000000000000033,6.084403045521436e-17,1.0,1.0,0.0,0.0,0.0,0.0,0.0,0.0,-1.0000000000000009,9.767026096853884e-17,1.0,1.0,0.0,0.0,0.0,0.0,0.0,0.0,-0.9999999999999992,-6.805251968835982e-17,1.0,1.0,0.0,0.0,0.0,0.0,0.0,0.0,-0.9999999999999988,-4.0422068658558415e-16
54,0,117,21,-0.4207724652971629,-1.1690379286767,1.543699146236961,48,-0.8864438922085777,-0.8132189450735278,1.447107826660394,47,-0.4749250082072299,-0.9387226863332535,1.106754045257357,15,17,20,12,4.5264474615782825e-14,21.676704256886417,0.9999999999999999,1.0,0.0,0.0,0.0,0.0,0.0,0.0,-0.9999999999999749,6.184624148977313e-15,1.0,1.0,0.0,0.0,0.0,0.0,0.0,0.0,-1.000000000000001,-1.3528378684312133e-15,1.0,1.0,0.0,0.0,0.0,0.0,0.0,0.0,-0.9999999999999999,-2.2431839193730483e-16,1.0,1.0,0.0,0.0,0.0,0.0,0.0,0.0,-1.0000000000000013,1.787051256619374e-15
55,0,117,47,-0.4749250082072299,-0.9387226863332535,1.106754045257357,50,0.09473834485558136,-1.171727834023741,1.381921471011943,21,-0.4207724652971629,-1.1690379286767,1.543699146236961,20,17,15,12,7.663681596466337e-15,21.899924974425375,1.0,1.0,0.0,0.0,0.0,0.0,0.0,0.0,-1.000000000000001,-5.665280152141056e-15,1.0,1.0,0.0,0.0,0.0,0.0,0.0,0.0,-1.0000000000000013,1.787051256619374e-15,1.0,1.0,0.0,0.0,0.0,0.0,0.0,0.0,-0.9999999999999968,1.2469322457600287e-15,1.0,1.0,0.0,0.0,0.0,0.0,0.0,0.0,-1.000000000000001,-1.3528378684312133e-15
56,0,117,40,-0.4770089530261069,0.934073862069264,1.100031521068053,42,-0.8910669554356709,0.7892348935587914,1.416892036280153,22,-0.4098305893781906,1.168299049478135,1.532883781001589,20,17,15,12,7.630798823814993e-14,21.592135924016908,1.0,1.0,0.0,0.0,0.0,0.0,0.0,0.0,-1.0000000000000397,-1.5023677278841286e-14,0.9999999999999999,1.0,0.0,0.0,0.0,0.0,0.0,0.0,-0.9999999999999969,-4.681179131668033e-16,1.0,1.0,0.0,0.0,0.0,0.0,0.0,0.0,-1.0,3.462699600675708e-15,1.0,1.0,0.0,0.0,0.0,0.0,0.0,0.0,-1.0000000000000047,-2.9111638037396814e-15
57,0,117,22,-0.4098305893781906,1.168299049478135,1.532883781001589,49,0.09018407656398272,1.172196032987358,1.382176707416997,40,-0.4770089530261069,0.934073862069264,1.100031521068053,15,17,20,12,2.651195132578068e-14,21.9602708127568,1.0,1.0,0.0,0.0,0.0,0.0,0.0,0.0,-0.9999999999999862,5.861803067752767e-15,1.0,1.0,0.0,0.0,0.0,0.0,0.0,0.0,-1.0000000000000047,-2.9111638037396814e-15,1.0,1.0,0.0,0.0,0.0,0.0,0.0,0.0,-1.0000000000000016,-3.3711950633318285e-16,0.9999999999999999,1.0,0.0,0.0,0.0,0.0,0.0,0.0,-0.9999999999999969,-4.681179131668033e-16
58,0,117,23,-1.255262403285246,0.005873810641113158,1.575718202752899,64,-1.081775198597819,-0.2492094474490366,1.232342928999205,59,-1.185336310112589,-0.4646352152467527,1.620908051318724,14,19,14,11,1.9360768223643802e-13,17.808754364218267,1.0,1.0,0.0,0.0,0.0,0.0,0.0,0.0,-0.9999999999998982,2.840649617221471e-14,1.0,1.0,0.0,0.0,0.0,0.0,0.0,0.0,-0.9999999999999986,2.0072451617154898e-16,1.0,1.0,0.0,0.0,0.0,0.0,0.0,0.0,-1.0000000000000024,-1.3632307727259788e-15,1.0,1.0,0.0,0.0,0.0,0.0,0.0,0.0,-1.0000000000000084,-3.1485973508488503e-16
59,0,117,60,-1.184799595680534,0.4650062544526141,1.619980898604806,61,-1.071976854364251,0.2820278495964054,1.228674084240647,23,-1.255262403285246,0.005873810641113158,1.575718202752899,14,19,14,11,1.4816332240152204e-13,17.838271844284918,1.0,1.0,0.0,0.0,0.0,0.0,0.0,0.0,-1.0000000000000797,-1.8933362335153824e-14,1.0,1.0,0.0,0.0,0.0,0.0,0.0,0.0,-1.000000000000004,4.183963314197484e-15,1.0,1.0,0.0,0.0,0.0,0.0,0.0,0.0,-0.9999999999999897,1.1380139228483904e-15,1.0,1.0,0.0,0.0,0.0,0.0,0.0,0.0,-0.9999999999999986,2.0072451617154898e-16
60,0,117,61,-1.071976854364251,0.2820278495964054,1.228674084240647,64,-1.081775198597819,-0.2492094474490366,1.232342928999205,23,-1.255262403285246,0.005873810641113158,1.575718202752899,19,19,14,12,4.197460044699916e-14,20.17565164547305,1.0,1.0,0.0,0.0,0.0,0.0,0.0,0.0,-0.9999999999999775,6.447463658994154e-15,1.0,1.0,0.0,0.0,0.0,0.0,0.0,0.0,-0.9999999999999897,1.1380139228483904e-15,1.0,1.0,0.0,0.0,0.0,0.0,0.0,0.0,-1.0000000000000024,-1.3632307727259788e-15,1.0,1.0,0.0,0.0,0.0,0.0,0.0,0.0,-0.9999999999999986,2.0072451617154898e-16
61,0,117,30,0.8225089173517094,-0.4312485579288287,0.8624962378387755,31,0.455788770189831,-0.7853872390480808,0.8245765182907259,24,0.5373566556803074,-0.4260302110364884,0.4702539161197193,19,18,18,12,2.3401581384105045e-14,18.12771861057366,1.0,1.0,0.0,0.0,0.0,0.0,0.0,0.0,-0.9999999999999772,3.750633848239776e-15,1.0,1.0,0.0,0.0,0.0,0.0,0.0,0.0,-0.9999999999999997,2.795086403571087e-16,1.0,1.0,0.0,0.0,0.0,0.0,0.0,0.0,-1.000000000000001,2.6730594372537368e-16,1.0,1.0,0.0,0.0,0.0,0.0,0.0,0.0,-1.0000000000000002,-1.5362927898647992e-16
62,0,117,31,0.455788770189831,-0.7853872390480808,0.8245765182907259,32,0.08234411789835942,-0.6831672237589155,0.473498009370923,24,0.5373566556803074,-0.4260302110364884,0.4702539161197193,18,18,18,12,3.7835686663960435e-15,18.56693184447301,1.0,1.0,0.0,0.0,0.0,0.0,0.0,0.0,-0.9999999999999958,3.418772900580581e-16,1.0,1.0,0.0,0.0,0.0,0.0,0.0,0.0,-1.000000000000001,2.6730594372537368e-16,1.0,1.0,0.0,0.0,0.0,0.0,0.0,0.0,-1.0000000000000007,3.977109182646662e-16,1.0,1.0,0.0,0.0,0.0,0.0,0.0,0.0,-1.0000000000000002,-1.5362927898647992e-16
63,0,117,32,0.08234411789835942,-0.6831672237589155,0.473498009370923,51,0.1777504155603436,-0.4112733991480156,0.2007410190786378,24,0.5373566556803074,-0.4260302110364884,0.4702539161197193,18,15,18,11,1.5676323982512003e-16,18.1779226289529,1.0,1.0,0.0,0.0,0.0,0.0,0.0,0.0,-0.9999999999999996,-1.207925163311691e-16,1.0,1.0,0.0,0.0,0.0,0.0,0.0,0.0,-1.0000000000000007,3.977109182646662e-16,1.0,1.0,0.0,0.0,0.0,0.0,0.0,0.0,-0.9999999999999978,-9.081868991969189e-17,1.0,1.0,0.0,0.0,0.0,0.0,0.0,0.0,-1.0000000000000002,-1.5362927898647992e-16
64,0,117,25,0.5373566556801945,0.426030211034505,0.470253916117908,36,0.4557887701695252,0.7853872390433109,0.824576518264723,35,0.8225089173671093,0.4312485579682416,0.862496237898102,19,18,19,12,1.0482865602253327e-15,18.464502684621994,0.9999999999999999,1.0,0.0,0.0,0.0,0.0,0.0,0.0,-0.999999999999999,1.6010814052520758e-16,1.0,1.0,0.0,0.0,0.0,0.0,0.0,0.0,-1.0,-1.9497244542236258e-16,1.0,1.0,0.0,0.0,0.0,0.0,0.0,0.0,-0.9999999999999996,4.4273333160700634e-16,1.0,1.0,0.0,0.0,0.0,0.0,0.0,0.0,-1.0000000000000044,2.8108036481973015e-16
65,0,117,25,0.5373566556801945,0.426030211034505,0.470253916117908,37,0.0888462653764752,0.7213761751169144,0.5282772448976563,36,0.4557887701695252,0.7853872390433109,0.824576518264723,19,18,18,12,6.988870378477172e-16,18.62672899555504,0.9999999999999999,1.0,0.0,0.0,0.0,0.0,0.0,0.0,-1.0000000000000009,1.8929138185240797e-16,1.0,1.0,0.0,0.0,0.0,0.0,0.0,0.0,-1.0,-1.9497244542236258e-16,1.0,1.0,0.0,0.0,0.0,0.0,0.0,0.0,-0.9999999999999996,1.9760167604100239e-16,1.0,1.0,0.0,0.0,0.0,0.0,0.0,0.0,-0.9999999999999996,4.4273333160700634e-16
66,0,117,25,0.5373566556801945,0.426030211034505,0.470253916117908,53,0.1805212244019888,0.4183414725060064,0.2075975000780869,37,0.0888462653764752,0.7213761751169144,0.5282772448976563,19,17,18,12,1.0152095017573311e-15,18.226855099766993,0.9999999999999999,1.0,0.0,0.0,0.0,0.0,0.0,0.0,-0.9999999999999968,-6.501250351804038e-16,1.0,1.0,0.0,0.0,0.0,0.0,0.0,0.0,-1.0,-1.9497244542236258e-16,1.0,1.0,0.0,0.0,0.0,0.0,0.0,0.0,-0.9999999999999988,-4.0422068658558415e-16,1.0,1.0,0.0,0.0,0.0,0.0,0.0,0.0,-0.9999999999999996,1.9760167604100239e-16
67,0,117,50,0.09473834485558136,-1.171727834023741,1.381921471011943,62,0.4252923553900004,-0.9839746839713787,1.149079766249749,26,0.6391857584661778,-1.060518031186532,1.533256928297741,17,17,16,12,2.8267545698166658e-14,20.292712518310015,1.0,1.0,0.0,0.0,0.0,0.0,0.0,0.0,-1.0000000000000142,-6.507174415513591e-15,1.0,1.0,0.0,0.0,0.0,0.0,0.0,0.0,-0.9999999999999968,1.2469322457600287e-15,1.0,1.0,0.0,0.0,0.0,0.0,0.0,0.0,-1.0000000000000056,-4.070912299949076e-15,1.0,1.0,0.0,0.0,0.0,0.0,0.0,0.0,-1.000000000000005,-1.0792399211805489e-15
68,0,117,56,0.7827973037494579,-0.7458254493633082,1.169027219675402,58,1.037569761678101,-0.7366297879451797,1.619174454836912,26,0.6391857584661778,-1.060518031186532,1.533256928297741,18,15,16,12,1.3864939119092167e-14,19.403058738027664,1.0,1.0,0.0,0.0,0.0,0.0,0.0,0.0,-1.000000000000002,-1.0312225440291666e-14,1.0,1.0,0.0,0.0,0.0,0.0,0.0,0.0,-1.000000000000002,-1.1331100460920726e-15,1.0,1.0,0.0,0.0,0.0,0.0,0.0,0.0,-0.9999999999999816,4.524316089883572e-15,1.0,1.0,0.0,0.0,0.0,0.0,0.0,0.0,-1.000000000000005,-1.0792399211805489e-15
69,0,117,26,0.6391857584661778,-1.060518031186532,1.533256928297741,62,0.4252923553900004,-0.9839746839713787,1.149079766249749,56,0.7827973037494579,-0.7458254493633082,1.169027219675402,16,17,18,11,5.3915832323782283e-14,18.13513025420416,1.0,1.0,0.0,0.0,0.0,0.0,0.0,0.0,-1.000000000000028,-1.1061223573251243e-14,1.0,1.0,0.0,0.0,0.0,0.0,0.0,0.0,-1.000000000000005,-1.0792399211805489e-15,1.0,1.0,0.0,0.0,0.0,0.0,0.0,0.0,-1.0000000000000056,-4.070912299949076e-15,1.0,1.0,0.0,0.0,0.0,0.0,0.0,0.0,-1.000000000000002,-1.1331100460920726e-15
70,0,117,27,0.6152604886202295,1.065662426179895,1.514181875428824,63,0.3988929608519456,1.002605977530441,1.164334340397003,49,0.09018407656398272,1.172196032987358,1.382176707416997,16,17,17,12,5.3611600497602554e-15,20.113699498441534,1.0,1.0,0.0,0.0,0.0,0.0,0.0,0.0,-1.0000000000000007,-4.0288924202100676e-15,1.0,1.0,0.0,0.0,0.0,0.0,0.0,0.0,-0.9999999999999968,-2.5874034504814753e-15,1.0,1.0,0.0,0.0,0.0,0.0,0.0,0.0,-0.9999999999999997,-6.221262051873844e-16,1.0,1.0,0.0,0.0,0.0,0.0,0.0,0.0,-1.0000000000000016,-3.3711950633318285e-16
71,0,117,27,0.6152604886202295,1.065662426179895,1.514181875428824,57,1.019484689762031,0.7549331677678591,1.609273120455199,55,0.7539224833235071,0.7643387152627636,1.152612782510216,16,15,18,12,3.0909947700153453e-14,19.472687054880456,1.0,1.0,0.0,0.0,0.0,0.0,0.0,0.0,-0.9999999999999858,7.817308787950197e-15,1.0,1.0,0.0,0.0,0.0,0.0,0.0,0.0,-0.9999999999999968,-2.5874034504814753e-15,1.0,1.0,0.0,0.0,0.0,0.0,0.0,0.0,-0.9999999999999994,-1.310940691439638e-15,1.0,1.0,0.0,0.0,0.0,0.0,0.0,0.0,-0.9999999999999938,7.212307168268207e-16
72,0,117,55,0.7539224833235071,0.7643387152627636,1.152612782510216,63,0.3988929608519456,1.002605977530441,1.164334340397003,27,0.6152604886202295,1.065662426179895,1.514181875428824,18,17,16,11,3.3646523982347895e-14,18.412798874968768,1.0,1.0,0.0,0.0,0.0,0.0,0.0,0.0,-0.9999999999999859,1.255228651446992e-14,1.0,1.0,0.0,0.0,0.0,0.0,0.0,0.0,-0.9999999999999938,7.212307168268207e-16,1.0,1.0,0.0,0.0,0.0,0.0,0.0,0.0,-0.9999999999999997,-6.221262051873844e-16,1.0,1.0,0.0,0.0,0.0,0.0,0.0,0.0,-0.9999999999999968,-2.5874034504814753e-15
73,0,117,35,0.8225089173671093,0.4312485579682416,0.862496237898102,55,0.7539224833235071,0.7643387152627636,1.152612782510216,28,1.060991147266854,0.437185817395943,1.316833653510794,19,18,18,12,3.780107504772989e-14,17.978990581093434,1.0,1.0,0.0,0.0,0.0,0.0,0.0,0.0,-0.9999999999999747,4.4943843089751966e-15,1.0,1.0,0.0,0.0,0.0,0.0,0.0,0.0,-1.0000000000000044,2.8108036481973015e-16,1.0,1.0,0.0,0.0,0.0,0.0,0.0,0.0,-0.9999999999999938,7.212307168268207e-16,1.0,1.0,0.0,0.0,0.0,0.0,0.0,0.0,-1.0000000000000069,-2.2775486100096513e-15
74,0,117,55,0.7539224833235071,0.7643387152627636,1.152612782510216,57,1.019484689762031,0.7549331677678591,1.609273120455199,28,1.060991147266854,0.437185817395943,1.316833653510794,18,15,18,12,4.950624879208661e-14,18.206605237076673,1.0,1.0,0.0,0.0,0.0,0.0,0.0,0.0,-0.9999999999999688,-8.978765258954983e-16,1.0,1.0,0.0,0.0,0.0,0.0,0.0,0.0,-0.9999999999999938,7.212307168268207e-16,1.0,1.0,0.0,0.0,0.0,0.0,0.0,0.0,-0.9999999999999994,-1.310940691439638e-15,1.0,1.0,0.0,0.0,0.0,0.0,0.0,0.0,-1.0000000000000069,-2.2775486100096513e-15
75,0,117,57,1.019484689762031,0.7549331677678591,1.609273120455199,65,1.233783046917338,0.3621452454499451,1.653369785662631,28,1.060991147266854,0.437185817395943,1.316833653510794,15,14,18,11,7.495598581649282e-14,17.515356774632778,1.0,1.0,0.0,0.0,0.0,0.0,0.0,0.0,-0.9999999999999557,1.2371769813824242e-15,1.0,1.0,0.0,0.0,0.0,0.0,0.0,0.0,-0.9999999999999994,-1.310940691439638e-15,0.9999999999999999,1.0,0.0,0.0,0.0,0.0,0.0,0.0,-1.000000000000004,-2.079445887427241e-15,1.0,1.0,0.0,0.0,0.0,0.0,0.0,0.0,-1.0000000000000069,-2.2775486100096513e-15
76,0,117,29,1.060991147267965,-0.437185817398794,1.316833653515644,56,0.7827973037494579,-0.7458254493633082,1.169027219675402,30,0.8225089173517094,-0.4312485579288287,0.8624962378387755,18,18,19,12,4.452953444612782e-14,17.92024646802049,1.0,1.0,0.0,0.0,0.0,0.0,0.0,0.0,-0.99999999999997,4.7835501645472106e-15,1.0,1.0,0.0,0.0,0.0,0.0,0.0,0.0,-0.9999999999999983,4.113893653615833e-15,1.0,1.0,0.0,0.0,0.0,0.0,0.0,0.0,-1.000000000000002,-1.1331100460920726e-15,1.0,1.0,0.0,0.0,0.0,0.0,0.0,0.0,-0.9999999999999997,2.795086403571087e-16
77,0,117,29,1.060991147267965,-0.437185817398794,1.316833653515644,58,1.037569761678101,-0.7366297879451797,1.619174454836912,56,0.7827973037494579,-0.7458254493633082,1.169027219675402,18,15,18,12,1.3976081100255542e-13,18.048300512675816,0.9999999999999999,1.0,0.0,0.0,0.0,0.0,0.0,0.0,-0.9999999999999218,1.386152001006268e-14,1.0,1.0,0.0,0.0,0.0,0.0,0.0,0.0,-0.9999999999999983,4.113893653615833e-15,1.0,1.0,0.0,0.0,0.0,0.0,0.0,0.0,-0.9999999999999816,4.524316089883572e-15,1.0,1.0,0.0,0.0,0.0,0.0,0.0,0.0,-1.000000000000002,-1.1331100460920726e-15
78,0,117,29,1.060991147267965,-0.437185817398794,1.316833653515644,66,1.23630015401756,-0.3703921482037187,1.665628414274808,58,1.037569761678101,-0.7366297879451797,1.619174454836912,18,14,15,11,5.757669029773516e-14,17.376079535474847,1.0,1.0,0.0,0.0,0.0,0.0,0.0,0.0,-0.999999999999973,1.2501635497953808e-14,1.0,1.0,0.0,0.0,0.0,0.0,0.0,0.0,-0.9999999999999983,4.113893653615833e-15,1.0,1.0,0.0,0.0,0.0,0.0,0.0,0.0,-1.0000000000000298,3.832193298209304e-15,1.0,1.0,0.0,0.0,0.0,0.0,0.0,0.0,-0.9999999999999816,4.524316089883572e-15
79,0,117,30,0.8225089173517094,-0.4312485579288287,0.8624962378387755,56,0.7827973037494579,-0.7458254493633082,1.169027219675402,31,0.455788770189831,-0.7853872390480808,0.8245765182907259,19,18,18,12,1.269531251947259e-14,18.75363903795271,0.9999999999999999,1.0,0.0,0.0,0.0,0.0,0.0,0.0,-0.999999999999993,4.923751347096494e-15,1.0,1.0,0.0,0.0,0.0,0.0,0.0,0.0,-0.9999999999999997,2.795086403571087e-16,1.0,1.0,0.0,0.0,0.0,0.0,0.0,0.0,-1.000000000000002,-1.1331100460920726e-15,1.0,1.0,0.0,0.0,0.0,0.0,0.0,0.0,-1.000000000000001,2.6730594372537368e-16
80,0,117,31,0.455788770189831,-0.7853872390480808,0.8245765182907259,33,0.02548505221092744,-0.9582935553570809,0.9189760261251084,32,0.08234411789835942,-0.6831672237589155,0.473498009370923,18,19,18,12,8.684207654022947e-16,19.122795294472002,1.0,1.0,0.0,0.0,0.0,0.0,0.0,0.0,-1.0000000000000004,1.1459765215585838e-15,1.0,1.0,0.0,0.0,0.0,0.0,0.0,0.0,-1.000000000000001,2.6730594372537368e-16,1.0,1.0,0.0,0.0,0.0,0.0,0.0,0.0,-0.9999999999999981,1.1412931543085201e-15,1.0,1.0,0.0,0.0,0.0,0.0,0.0,0.0,-1.0000000000000007,3.977109182646662e-16
81,0,117,31,0.455788770189831,-0.7853872390480808,0.8245765182907259,62,0.4252923553900004,-0.9839746839713787,1.149079766249749,33,0.02548505221092744,-0.9582935553570809,0.9189760261251084,18,17,19,11,1.245717790317318e-14,18.355857757183852,1.0,1.0,0.0,0.0,0.0,0.0,0.0,0.0,-1.0000000000000098,-1.1329030519965837e-15,1.0,1.0,0.0,0.0,0.0,0.0,0.0,0.0,-1.000000000000001,2.6730594372537368e-16,1.0,1.0,0.0,0.0,0.0,0.0,0.0,0.0,-1.0000000000000056,-4.070912299949076e-15,1.0,1.0,0.0,0.0,0.0,0.0,0.0,0.0,-0.9999999999999981,1.1412931543085201e-15
82,0,117,56,0.7827973037494579,-0.7458254493633082,1.169027219675402,62,0.4252923553900004,-0.9839746839713787,1.149079766249749,31,0.455788770189831,-0.7853872390480808,0.8245765182907259,18,17,18,11,4.136324719913528e-14,17.17077814810767,1.0,1.0,0.0,0.0,0.0,0.0,0.0,0.0,-1.0000000000000269,-9.83291329978083e-15,1.0,1.0,0.0,0.0,0.0,0.0,0.0,0.0,-1.000000000000002,-1.1331100460920726e-15,1.0,1.0,0.0,0.0,0.0,0.0,0.0,0.0,-1.0000000000000056,-4.070912299949076e-15,1.0,1.0,0.0,0.0,0.0,0.0,0.0,0.0,-1.000000000000001,2.6730594372537368e-16
83,0,117,33,0.02548505221092744,-0.9582935553570809,0.9189760261251084,34,-0.4190728303436924,-0.7159079249883141,0.6881461941933468,32,0.08234411789835942,-0.6831672237589155,0.473498009370923,19,19,18,12,7.804242812017381e-16,20.08632219287624,1.0,1.0,0.0,0.0,0.0,0.0,0.0,0.0,-1.0000000000000004,-3.3633507135167545e-16,1.0,1.0,0.0,0.0,0.0,0.0,0.0,0.0,-0.9999999999999981,1.1412931543085201e-15,0.9999999999999999,1.0,0.0,0.0,0.0,0.0,0.0,0.0,-1.0000000000000007,-1.8072978117376793e-16,1.0,1.0,0.0,0.0,0.0,0.0,0.0,0.0,-1.0000000000000007,3.977109182646662e-16
84,0,117,34,-0.4190728303436924,-0.7159079249883141,0.6881461941933468,52,-0.2452376964857841,-0.4136157013061548,0.2312194761446358,32,0.08234411789835942,-0.6831672237589155,0.473498009370923,19,17,18,12,4.950448619468208e-15,20.27937373292536,1.0,1.0,0.0,0.0,0.0,0.0,0.0,0.0,-0.9999999999999946,1.1756903357426756e-15,0.9999999999999999,1.0,0.0,0.0,0.0,0.0,0.0,0.0,-1.0000000000000007,-1.8072978117376793e-16,1.0,1.0,0.0,0.0,0.0,0.0,0.0,0.0,-1.0,1.0343059061088252e-16,1.0,1.0,0.0,0.0,0.0,0.0,0.0,0.0,-1.0000000000000007,3.977109182646662e-16
85,0,117,32,0.08234411789835942,-0.6831672237589155,0.473498009370923,52,-0.2452376964857841,-0.4136157013061548,0.2312194761446358,51,0.1777504155603436,-0.4112733991480156,0.2007410190786378,18,17,15,11,7.498137253070726e-16,18.295545935673758,1.0,1.0,0.0,0.0,0.0,0.0,0.0,0.0,-1.0000000000000009,-2.502133642257521e-16,1.0,1.0,0.0,0.0,0.0,0.0,0.0,0.0,-1.0000000000000007,3.977109182646662e-16,1.0,1.0,0.0,0.0,0.0,0.0,0.0,0.0,-1.0,1.0343059061088252e-16,1.0,1.0,0.0,0.0,0.0,0.0,0.0,0.0,-0.9999999999999978,-9.081868991969189e-17
86,0,117,33,0.02548505221092744,-0.9582935553570809,0.9189760261251084,47,-0.4749250082072299,-0.9387226863332535,1.106754045257357,34,-0.4190728303436924,-0.7159079249883141,0.6881461941933468,19,20,19,12,2.996295511868645e-14,20.710087997958375,1.0,1.0,0.0,0.0,0.0,0.0,0.0,0.0,-1.0000000000000195,-8.646673045883444e-15,1.0,1.0,0.0,0.0,0.0,0.0,0.0,0.0,-0.9999999999999981,1.1412931543085201e-15,1.0,1.0,0.0,0.0,0.0,0.0,0.0,0.0,-1.0000000000000013,1.787051256619374e-15,0.9999999999999999,1.0,0.0,0.0,0.0,0.0,0.0,0.0,-1.0000000000000007,-1.8072978117376793e-16
87,0,117,33,0.02548505221092744,-0.9582935553570809,0.9189760261251084,50,0.09473834485558136,-1.171727834023741,1.381921471011943,47,-0.4749250082072299,-0.9387226863332535,1.106754045257357,19,17,20,13,4.0694284269139215e-15,23.249333449455577,1.0,1.0,0.0,0.0,0.0,0.0,0.0,0.0,-0.9999999999999998,-3.84738382198889e-15,1.0,1.0,0.0,0.0,0.0,0.0,0.0,0.0,-0.9999999999999981,1.1412931543085201e-15,1.0,1.0,0.0,0.0,0.0,0.0,0.0,0.0,-0.9999999999999968,1.2469322457600287e-15,1.0,1.0,0.0,0.0,0.0,0.0,0.0,0.0,-1.0000000000000013,1.787051256619374e-15
88,0,117,33,0.02548505221092744,-0.9582935553570809,0.9189760261251084,62,0.4252923553900004,-0.9839746839713787,1.149079766249749,50,0.09473834485558136,-1.171727834023741,1.381921471011943,19,17,17,12,4.5670144388480253e-14,21.05999850673232,1.0,1.0,0.0,0.0,0.0,0.0,0.0,0.0,-1.0000000000000286,-5.702115501974618e-15,1.0,1.0,0.0,0.0,0.0,0.0,0.0,0.0,-0.9999999999999981,1.1412931543085201e-15,1.0,1.0,0.0,0.0,0.0,0.0,0.0,0.0,-1.0000000000000056,-4.070912299949076e-15,1.0,1.0,0.0,0.0,0.0,0.0,0.0,0.0,-0.9999999999999968,1.2469322457600287e-15
89,0,117,34,-0.4190728303436924,-0.7159079249883141,0.6881461941933468,46,-0.8317781396973949,-0.5418503105394947,0.9854566327102059,45,-0.6831586817332066,-0.2971501962939525,0.5550040235849871,19,20,19,12,1.7135719385175282e-14,20.984795151539668,1.0,1.0,0.0,0.0,0.0,0.0,0.0,0.0,-0.9999999999999835,8.154409231854807e-16,0.9999999999999999,1.0,0.0,0.0,0.0,0.0,0.0,0.0,-1.0000000000000007,-1.8072978117376793e-16,1.0,1.0,0.0,0.0,0.0,0.0,0.0,0.0,-0.999999999999996,1.1069264690503531e-15,1.0,1.0,0.0,0.0,0.0,0.0,0.0,0.0,-1.0000000000000007,7.145925628419966e-16
90,0,117,45,-0.6831586817332066,-0.2971501962939525,0.5550040235849871,52,-0.2452376964857841,-0.4136157013061548,0.2312194761446358,34,-0.4190728303436924,-0.7159079249883141,0.6881461941933468,19,17,19,12,3.666515421766395e-15,19.90557899063964,1.0,1.0,0.0,0.0,0.0,0.0,0.0,0.0,-0.9999999999999949,1.1380174296589415e-16,1.0,1.0,0.0,0.0,0.0,0.0,0.0,0.0,-1.0000000000000007,7.145925628419966e-16,1.0,1.0,0.0,0.0,0.0,0.0,0.0,0.0,-1.0,1.0343059061088252e-16,0.9999999999999999,1.0,0.0,0.0,0.0,0.0,0.0,0.0,-1.0000000000000007,-1.8072978117376793e-16
91,0,117,34,-0.4190728303436924,-0.7159079249883141,0.6881461941933468,47,-0.4749250082072299,-0.9387226863332535,1.106754045257357,46,-0.8317781396973949,-0.5418503105394947,0.9854566327102059,19,20,20,12,7.37877113990518e-15,21.17757091942128,1.0,1.0,0.0,0.0,0.0,0.0,0.0,0.0,-0.9999999999999943,9.394775970792718e-16,0.9999999999999999,1.0,0.0,0.0,0.0,0.0,0.0,0.0,-1.0000000000000007,-1.8072978117376793e-16,1.0,1.0,0.0,0.0,0.0,0.0,0.0,0.0,-1.0000000000000013,1.787051256619374e-15,1.0,1.0,0.0,0.0,0.0,0.0,0.0,0.0,-0.999999999999996,1.1069264690503531e-15
92,0,117,36,0.4557887701695252,0.7853872390433109,0.824576518264723,55,0.7539224833235071,0.7643387152627636,1.152612782510216,35,0.8225089173671093,0.4312485579682416,0.862496237898102,18,18,19,12,3.0210028355619067e-15,18.991461655341187,1.0,1.0,0.0,0.0,0.0,0.0,0.0,0.0,-1.0000000000000018,-1.0226013912366247e-15,1.0,1.0,0.0,0.0,0.0,0.0,0.0,0.0,-0.9999999999999996,4.4273333160700634e-16,1.0,1.0,0.0,0.0,0.0,0.0,0.0,0.0,-0.9999999999999938,7.212307168268207e-16,1.0,1.0,0.0,0.0,0.0,0.0,0.0,0.0,-1.0000000000000044,2.8108036481973015e-16
93,0,117,37,0.0888462653764752,0.7213761751169144,0.5282772448976563,38,-0.02240859596837939,0.9576747860649886,0.9176431410378957,36,0.4557887701695252,0.7853872390433109,0.824576518264723,18,19,18,12,2.001609755167502e-15,19.070080514100496,0.9999999999999999,1.0,0.0,0.0,0.0,0.0,0.0,0.0,-1.0000000000000016,-5.583198231547983e-16,1.0,1.0,0.0,0.0,0.0,0.0,0.0,0.0,-0.9999999999999996,1.9760167604100239e-16,1.0,1.0,0.0,0.0,0.0,0.0,0.0,0.0,-1.0,1.4355322640942386e-15,1.0,1.0,0.0,0.0,0.0,0.0,0.0,0.0,-0.9999999999999996,4.4273333160700634e-16
94,0,117,38,-0.02240859596837939,0.9576747860649886,0.9176431410378957,63,0.3988929608519456,1.002605977530441,1.164334340397003,36,0.4557887701695252,0.7853872390433109,0.824576518264723,19,17,18,11,8.72074047648013e-15,18.26279199233499,1.0,1.0,0.0,0.0,0.0,0.0,0.0,0.0,-1.0000000000000064,-1.171223909029066e-15,1.0,1.0,0.0,0.0,0.0,0.0,0.0,0.0,-1.0,1.4355322640942386e-15,1.0,1.0,0.0,0.0,0.0,0.0,0.0,0.0,-0.9999999999999997,-6.221262051873844e-16,1.0,1.0,0.0,0.0,0.0,0.0,0.0,0.0,-0.9999999999999996,4.4273333160700634e-16
95,0,117,36,0.4557887701695252,0.7853872390433109,0.824576518264723,63,0.3988929608519456,1.002605977530441,1.164334340397003,55,0.7539224833235071,0.7643387152627636,1.152612782510216,18,17,18,11,6.477359605387191e-14,17.400813731954898,1.0,1.0,0.0,0.0,0.0,0.0,0.0,0.0,-0.9999999999999583,1.6145827575290055e-14,1.0,1.0,0.0,0.0,0.0,0.0,0.0,0.0,-0.9999999999999996,4.4273333160700634e-16,1.0,1.0,0.0,0.0,0.0,0.0,0.0,0.0,-0.9999999999999997,-6.221262051873844e-16,1.0,1.0,0.0,0.0,0.0,0.0,0.0,0.0,-0.9999999999999938,7.212307168268207e-16
96,0,117,37,0.0888462653764752,0.7213761751169144,0.5282772448976563,39,-0.422073825135499,0.7004226358422858,0.6687381826647671,38,-0.02240859596837939,0.9576747860649886,0.9176431410378957,18,18,19,12,5.778935775170005e-15,20.197567064338404,1.0,1.0,0.0,0.0,0.0,0.0,0.0,0.0,-0.9999999999999947,8.93954466819316e-16,1.0,1.0,0.0,0.0,0.0,0.0,0.0,0.0,-0.9999999999999996,1.9760167604100239e-16,1.0,1.0,0.0,0.0,0.0,0.0,0.0,0.0,-1.0000000000000002,1.0561476353193854e-15,1.0,1.0,0.0,0.0,0.0,0.0,0.0,0.0,-1.0,1.4355322640942386e-15
97,0,117,37,0.0888462653764752,0.7213761751169144,0.5282772448976563,54,-0.3242551654510844,0.4985040710257232,0.3536477211509294,39,-0.422073825135499,0.7004226358422858,0.6687381826647671,18,16,18,11,7.029928454289407e-16,18.735866613053776,1.0,1.0,0.0,0.0,0.0,0.0,0.0,0.0,-0.9999999999999997,-8.140151478914564e-16,1.0,1.0,0.0,0.0,0.0,0.0,0.0,0.0,-0.9999999999999996,1.9760167604100239e-16,1.0,1.0,0.0,0.0,0.0,0.0,0.0,0.0,-0.9999999999999992,-6.805251968835982e-17,1.0,1.0,0.0,0.0,0.0,0.0,0.0,0.0,-1.0000000000000002,1.0561476353193854e-15
98,0,117,53,0.1805212244019888,0.4183414725060064,0.2075975000780869,54,-0.3242551654510844,0.4985040710257232,0.3536477211509294,37,0.0888462653764752,0.7213761751169144,0.5282772448976563,17,16,18,11,7.379058269770766e-16,18.073675956062903,1.0,1.0,0.0,0.0,0.0,0.0,0.0,0.0,-1.0,7.379058269770766e-16,1.0,1.0,0.0,0.0,0.0,0.0,0.0,0.0,-0.9999999999999988,-4.0422068658558415e-16,1.0,1.0,0.0,0.0,0.0,0.0,0.0,0.0,-0.9999999999999992,-6.805251968835982e-17,1.0,1.0,0.0,0.0,0.0,0.0,0.0,0.0,-0.9999999999999996,1.9760167604100239e-16
99,0,117,39,-0.422073825135499,0.7004226358422858,0.6687381826647671,40,-0.4770089530261069,0.934073862069264,1.100031521068053,38,-0.02240859596837939,0.9576747860649886,0.9176431410378957,18,20,19,12,2.666775862980044e-15,20.144493492718883,1.0,1.0,0.0,0.0,0.0,0.0,0.0,0.0,-0.9999999999999981,4.463298137297309e-16,1.0,1.0,0.0,0.0,0.0,0.0,0.0,0.0,-1.0000000000000002,1.0561476353193854e-15,0.9999999999999999,1.0,0.0,0.0,0.0,0.0,0.0,0.0,-0.9999999999999969,-4.681179131668033e-16,1.0,1.0,0.0,0.0,0.0,0.0,0.0,0.0,-1.0,1.4355322640942386e-15
100,0,117,40,-0.4770089530261069,0.934073862069264,1.100031521068053,49,0.09018407656398272,1.172196032987358,1.382176707416997,38,-0.02240859596837939,0.9576747860649886,0.9176431410378957,20,17,19,13,4.178408871700085e-14,22.839099770541544,0.9999999999999999,1.0,0.0,0.0,0.0,0.0,0.0,0.0,-0.9999999999999752,7.145130348695963e-15,0.9999999999999999,1.0,0.0,0.0,0.0,0.0,0.0,0.0,-0.9999999999999969,-4.681179131668033e-16,1.0,1.0,0.0,0.0,0.0,0.0,0.0,0.0,-1.0000000000000016,-3.3711950633318285e-16,1.0,1.0,0.0,0.0,0.0,0.0,0.0,0.0,-1.0,1.4355322640942386e-15
101,0,117,49,0.09018407656398272,1.172196032987358,1.382176707416997,63,0.3988929608519456,1.002605977530441,1.164334340397003,38,-0.02240859596837939,0.9576747860649886,0.9176431410378957,17,17,19,12,1.391717976081058e-14,20.444211402549158,1.0,1.0,0.0,0.0,0.0,0.0,0.0,0.0,-0.99999999999999,-2.9367495439142413e-16,1.0,1.0,0.0,0.0,0.0,0.0,0.0,0.0,-1.0000000000000016,-3.3711950633318285e-16,1.0,1.0,0.0,0.0,0.0,0.0,0.0,0.0,-0.9999999999999997,-6.221262051873844e-16,1.0,1.0,0.0,0.0,0.0,0.0,0.0,0.0,-1.0,1.4355322640942386e-15
102,0,117,39,-0.422073825135499,0.7004226358422858,0.6687381826647671,41,-0.8214636740680937,0.5225803040336514,0.9478927419773548,40,-0.4770089530261069,0.934073862069264,1.100031521068053,18,20,20,12,3.1778169011187734e-15,20.27339364277192,1.0,1.0,0.0,0.0,0.0,0.0,0.0,0.0,-1.0000000000000024,-7.353262469434289e-16,1.0,1.0,0.0,0.0,0.0,0.0,0.0,0.0,-1.0000000000000002,1.0561476353193854e-15,1.0,1.0,0.0,0.0,0.0,0.0,0.0,0.0,-0.9999999999999939,9.829151350648275e-16,0.9999999999999999,1.0,0.0,0.0,0.0,0.0,0.0,0.0,-0.9999999999999969,-4.681179131668033e-16
103,0,117,39,-0.422073825135499,0.7004226358422858,0.6687381826647671,43,-0.6903923803565459,0.2484059321883043,0.5383471460007181,41,-0.8214636740680937,0.5225803040336514,0.9478927419773548,18,18,20,12,1.6153861925252928e-14,21.069103008041843,1.0,1.0,0.0,0.0,0.0,0.0,0.0,0.0,-1.0000000000000169,-1.6665037065067453e-16,1.0,1.0,0.0,0.0,0.0,0.0,0.0,0.0,-1.0000000000000002,1.0561476353193854e-15,1.0,1.0,0.0,0.0,0.0,0.0,0.0,0.0,-0.9999999999999986,5.768498257916676e-16,1.0,1.0,0.0,0.0,0.0,0.0,0.0,0.0,-0.9999999999999939,9.829151350648275e-16
104,0,117,39,-0.422073825135499,0.7004226358422858,0.6687381826647671,54,-0.3242551654510844,0.4985040710257232,0.3536477211509294,43,-0.6903923803565459,0.2484059321883043,0.5383471460007181,18,16,18,11,3.1236302181975698e-15,19.232806397490197,1.0,1.0,0.0,0.0,0.0,0.0,0.0,0.0,-0.9999999999999943,-6.511280655279626e-16,1.0,1.0,0.0,0.0,0.0,0.0,0.0,0.0,-1.0000000000000002,1.0561476353193854e-15,1.0,1.0,0.0,0.0,0.0,0.0,0.0,0.0,-0.9999999999999992,-6.805251968835982e-17,1.0,1.0,0.0,0.0,0.0,0.0,0.0,0.0,-0.9999999999999986,5.768498257916676e-16
105,0,117,41,-0.8214636740680937,0.5225803040336514,0.9478927419773548,42,-0.8910669554356709,0.7892348935587914,1.416892036280153,40,-0.4770089530261069,0.934073862069264,1.100031521068053,20,17,20,13,2.6559325638559727e-15,22.92733475635424,1.0,1.0,0.0,0.0,0.0,0.0,0.0,0.0,-0.9999999999999996,1.9897987490808788e-15,1.0,1.0,0.0,0.0,0.0,0.0,0.0,0.0,-0.9999999999999939,9.829151350648275e-16,1.0,1.0,0.0,0.0,0.0,0.0,0.0,0.0,-1.0,3.462699600675708e-15,0.9999999999999999,1.0,0.0,0.0,0.0,0.0,0.0,0.0,-0.9999999999999969,-4.681179131668033e-16
106,0,117,41,-0.8214636740680937,0.5225803040336514,0.9478927419773548,61,-1.071976854364251,0.2820278495964054,1.228674084240647,42,-0.8910669554356709,0.7892348935587914,1.416892036280153,20,19,17,13,2.0271595004399115e-15,22.413668489560898,1.0,1.0,0.0,0.0,0.0,0.0,0.0,0.0,-1.0000000000000022,1.3035095734355581e-15,1.0,1.0,0.0,0.0,0.0,0.0,0.0,0.0,-0.9999999999999939,9.829151350648275e-16,1.0,1.0,0.0,0.0,0.0,0.0,0.0,0.0,-0.9999999999999897,1.1380139228483904e-15,1.0,1.0,0.0,0.0,0.0,0.0,0.0,0.0,-1.0,3.462699600675708e-15
107,0,117,43,-0.6903923803565459,0.2484059321883043,0.5383471460007181,44,-0.9541915350670384,0.002200655338470827,0.9104863284775099,41,-0.8214636740680937,0.5225803040336514,0.9478927419773548,18,19,20,12,2.5521807953295374e-14,20.66195471843734,1.0,1.0,0.0,0.0,0.0,0.0,0.0,0.0,-1.0000000000000235,-3.206325158329729e-15,1.0,1.0,0.0,0.0,0.0,0.0,0.0,0.0,-0.9999999999999986,5.768498257916676e-16,0.9999999999999999,1.0,0.0,0.0,0.0,0.0,0.0,0.0,-1.0000000000000042,-1.933671099374916e-16,1.0,1.0,0.0,0.0,0.0,0.0,0.0,0.0,-0.9999999999999939,9.829151350648275e-16
108,0,117,44,-0.9541915350670384,0.002200655338470827,0.9104863284775099,61,-1.071976854364251,0.2820278495964054,1.228674084240647,41,-0.8214636740680937,0.5225803040336514,0.9478927419773548,19,19,20,12,5.418976222767667e-15,20.10593679693251,1.0,1.0,0.0,0.0,0.0,0.0,0.0,0.0,-1.0000000000000024,-2.5323963587422597e-15,0.9999999999999999,1.0,0.0,0.0,0.0,0.0,0.0,0.0,-1.0000000000000042,-1.933671099374916e-16,1.0,1.0,0.0,0.0,0.0,0.0,0.0,0.0,-0.9999999999999897,1.1380139228483904e-15,1.0,1.0,0.0,0.0,0.0,0.0,0.0,0.0,-0.9999999999999939,9.829151350648275e-16
109,0,117,42,-0.8910669554356709,0.7892348935587914,1.416892036280153,61,-1.071976854364251,0.2820278495964054,1.228674084240647,60,-1.184799595680534,0.4650062544526141,1.619980898604806,17,19,14,12,1.4145930946491447e-14,20.753897861241484,1.0,1.0,0.0,0.0,0.0,0.0,0.0,0.0,-1.0000000000000107,3.1735482376609955e-15,1.0,1.0,0.0,0.0,0.0,0.0,0.0,0.0,-1.0,3.462699600675708e-15,1.0,1.0,0.0,0.0,0.0,0.0,0.0,0.0,-0.9999999999999897,1.1380139228483904e-15,1.0,1.0,0.0,0.0,0.0,0.0,0.0,0.0,-1.000000000000004,4.183963314197484e-15
110,0,117,43,-0.6903923803565459,0.2484059321883043,0.5383471460007181,45,-0.6831586817332066,-0.2971501962939525,0.5550040235849871,44,-0.9541915350670384,0.002200655338470827,0.9104863284775099,18,19,19,12,6.415857160436897e-15,19.49927892741731,1.0,1.0,0.0,0.0,0.0,0.0,0.0,0.0,-0.9999999999999927,-2.4548098731404253e-16,1.0,1.0,0.0,0.0,0.0,0.0,0.0,0.0,-0.9999999999999986,5.768498257916676e-16,1.0,1.0,0.0,0.0,0.0,0.0,0.0,0.0,-1.0000000000000007,7.145925628419966e-16,0.9999999999999999,1.0,0.0,0.0,0.0,0.0,0.0,0.0,-1.0000000000000042,-1.933671099374916e-16
111,0,117,45,-0.6831586817332066,-0.2971501962939525,0.5550040235849871,46,-0.8317781396973949,-0.5418503105394947,0.9854566327102059,44,-0.9541915350670384,0.002200655338470827,0.9104863284775099,19,20,19,12,4.557113146944708e-16,21.04167355828453,1.0,1.0,0.0,0.0,0.0,0.0,0.0,0.0,-1.0000000000000009,8.998005245445335e-16,1.0,1.0,0.0,0.0,0.0,0.0,0.0,0.0,-1.0000000000000007,7.145925628419966e-16,1.0,1.0,0.0,0.0,0.0,0.0,0.0,0.0,-0.999999999999996,1.1069264690503531e-15,0.9999999999999999,1.0,0.0,0.0,0.0,0.0,0.0,0.0,-1.0000000000000042,-1.933671099374916e-16
112,0,117,46,-0.8317781396973949,-0.5418503105394947,0.9854566327102059,64,-1.081775198597819,-0.2492094474490366,1.232342928999205,44,-0.9541915350670384,0.002200655338470827,0.9104863284775099,20,19,19,12,8.66771455114275e-15,20.016387149719044,1.0,1.0,0.0,0.0,0.0,0.0,0.0,0.0,-0.9999999999999921,-1.1022480655586266e-15,1.0,1.0,0.0,0.0,0.0,0.0,0.0,0.0,-0.999999999999996,1.1069264690503531e-15,1.0,1.0,0.0,0.0,0.0,0.0,0.0,0.0,-1.0000000000000024,-1.3632307727259788e-15,0.9999999999999999,1.0,0.0,0.0,0.0,0.0,0.0,0.0,-1.0000000000000042,-1.933671099374916e-16
113,0,117,44,-0.9541915350670384,0.002200655338470827,0.9104863284775099,64,-1.081775198597819,-0.2492094474490366,1.232342928999205,61,-1.071976854364251,0.2820278495964054,1.228674084240647,19,19,19,12,3.547426048028019e-14,20.16705007402939,1.0,1.0,0.0,0.0,0.0,0.0,0.0,0.0,-0.9999999999999761,5.9423280252510306e-15,0.9999999999999999,1.0,0.0,0.0,0.0,0.0,0.0,0.0,-1.0000000000000042,-1.933671099374916e-16,1.0,1.0,0.0,0.0,0.0,0.0,0.0,0.0,-1.0000000000000024,-1.3632307727259788e-15,1.0,1.0,0.0,0.0,0.0,0.0,0.0,0.0,-0.9999999999999897,1.1380139228483904e-15
114,0,117,47,-0.4749250082072299,-0.9387226863332535,1.106754045257357,48,-0.8864438922085777,-0.8132189450735278,1.447107826660394,46,-0.8317781396973949,-0.5418503105394947,0.9854566327102059,20,17,20,13,5.018775716646291e-14,22.873565134692853,1.0,1.0,0.0,0.0,0.0,0.0,0.0,0.0,-0.9999999999999714,8.887460650407089e-15,1.0,1.0,0.0,0.0,0.0,0.0,0.0,0.0,-1.0000000000000013,1.787051256619374e-15,1.0,1.0,0.0,0.0,0.0,0.0,0.0,0.0,-0.9999999999999999,-2.2431839193730483e-16,1.0,1.0,0.0,0.0,0.0,0.0,0.0,0.0,-0.999999999999996,1.1069264690503531e-15
115,0,117,48,-0.8864438922085777,-0.8132189450735278,1.447107826660394,64,-1.081775198597819,-0.2492094474490366,1.232342928999205,46,-0.8317781396973949,-0.5418503105394947,0.9854566327102059,17,19,20,13,5.888867199178989e-15,22.489087145692075,1.0,1.0,0.0,0.0,0.0,0.0,0.0,0.0,-1.0000000000000033,-7.818412859032695e-16,1.0,1.0,0.0,0.0,0.0,0.0,0.0,0.0,-0.9999999999999999,-2.2431839193730483e-16,1.0,1.0,0.0,0.0,0.0,0.0,0.0,0.0,-1.0000000000000024,-1.3632307727259788e-15,1.0,1.0,0.0,0.0,0.0,0.0,0.0,0.0,-0.999999999999996,1.1069264690503531e-15
116,0,117,59,-1.185336310112589,-0.4646352152467527,1.620908051318724,64,-1.081775198597819,-0.2492094474490366,1.232342928999205,48,-0.8864438922085777,-0.8132189450735278,1.447107826660394,14,19,17,12,7.714246232878196e-14,20.93772149621116,0.9999999999999999,1.0,0.0,0.0,0.0,0.0,0.0,0.0,-1.0000000000000413,-1.0307036246347534e-14,1.0,1.0,0.0,0.0,0.0,0.0,0.0,0.0,-1.0000000000000084,-3.1485973508488503e-16,1.0,1.0,0.0,0.0,0.0,0.0,0.0,0.0,-1.0000000000000024,-1.3632307727259788e-15,1.0,1.0,0.0,0.0,0.0,0.0,0.0,0.0,-0.9999999999999999,-2.2431839193730483e-16
