iter,volume,error_percent
0,1.1283953783756735e-09,12.839537837567347
1,1.1397944177209086e-09,13.979441772090858
2,1.1502016230972328e-09,15.020162309723275
3,1.1596085867757898e-09,15.96085867757897
4,1.1680160032939856e-09,16.801600329398557
5,1.1754331250238852e-09,17.54331250238851
6,1.1818772745624622e-09,18.187727456246215
7,1.1873729889229315e-09,18.737298892293143
8,1.1919511678455449e-09,19.19511678455448
9,1.1956481870713953e-09,19.56481870713952
10,1.1985050111161091e-09,19.850501111610907
11,1.2005662134742584e-09,20.05662134742584
12,1.2018791244685951e-09,20.187912446859503
13,1.202493003771983e-09,20.2493003771983
14,1.2024582744567376e-09,20.245827445673754
15,1.2018258259614751e-09,20.182582596147505
16,1.200646390772703e-09,20.06463907727029
17,1.1989700001446952e-09,19.897000014469516
18,1.196845516669892e-09,19.684551666989194
19,1.1943202444168453e-09,19.432024441684526
20,1.1914396107488078e-09,19.143961074880774
21,1.1882469005807945e-09,18.82469005807944
22,1.1847830915422582e-09,18.478309154225812
23,1.1810867259995763e-09,18.10867259995762
24,1.1771938300588517e-09,17.71938300588516
25,1.1731378785019364e-09,17.313787850193634
26,1.1689497985176397e-09,16.894979851763967
27,1.1646580045956889e-09,16.465800459568882
28,1.1602884605336263e-09,16.028846053362624
29,1.155864761950244e-09,15.586476195024396
30,1.1514082354858228e-09,15.140823548582269
31,1.1469380501091262e-09,14.69380501091261
32,1.14247133674383e-09,14.247133674382997
33,1.1380233134851905e-09,13.802331348519042
34,1.133607413043193e-09,13.360741304319287
35,1.1292354107336692e-09,12.923541073366918
36,1.1249175508500905e-09,12.491755085009046
37,1.1206626700166167e-09,12.066267001661659
38,1.116478316390618e-09,11.647831639061803
39,1.112370863804464e-09,11.237086380446398
40,1.108345620204985e-09,10.834562020498494
41,1.1044069300661218e-09,10.440693006612173
42,1.10055803745448e-09,10.055803745447994
43,1.0968013184831566e-09,9.680131848315652
44,1.0931387167616416e-09,9.31387167616415
45,1.0895717833442996e-09,8.957178334429948
46,1.08610139298764e-09,8.610139298764002
47,1.0827279278433804e-09,8.272792784338035
48,1.0794513547646245e-09,7.9451354764624424
49,1.0762712713813018e-09,7.627127138130173
50,1.0731868198458526e-09,7.318681984585254
51,1.070196913007082e-09,7.0196913007081845
52,1.0673003598418393e-09,6.7300359841839255
53,1.064495722430602e-09,6.449572243060188
54,1.0617813931290572e-09,6.178139312905712
55,1.0591556234713197e-09,5.915562347131964
56,1.056616549867272e-09,5.661654986727193
57,1.0541622163624585e-09,5.416221636245848
58,1.0517905949477617e-09,5.179059494776163
59,1.0494996034124735e-09,4.94996034124734
60,1.047287121069598e-09,4.728712106959803
61,1.0451510026471607e-09,4.515100264716066
62,1.0430890902754218e-09,4.3089090275421755
63,1.04109922404345e-09,4.109922404344994
64,1.0391792511166112e-09,3.9179251116611145
65,1.0373270335543924e-09,3.7327033554392317
66,1.0355404550353311e-09,3.5540455035331076
67,1.0338174266076942e-09,3.381742660769417
68,1.032155891462654e-09,3.2155891462653963
69,1.0305538290055767e-09,3.055382900557666
70,1.0290092581418144e-09,2.9009258141814334
71,1.027520240066089e-09,2.7520240066088997
72,1.026084880303827e-09,2.6084880303826954
73,1.0247013304639883e-09,2.4701330463988205
74,1.0233677894390105e-09,2.336778943901042
75,1.0220825043386058e-09,2.2082504338605697
76,1.0208437710053626e-09,2.0843771005362495
77,1.0196499342442972e-09,1.964993424429715
78,1.0184993879491462e-09,1.8499387949146147
79,1.0173905748271551e-09,1.7390574827155083
80,1.0163219861059669e-09,1.6321986105966795
81,1.0152921609607964e-09,1.5292160960796297
82,1.0142996859125095e-09,1.4299685912509446
83,1.0133431940340886e-09,1.3343194034088524
84,1.0124213641432635e-09,1.2421364143263423
85,1.011532919857738e-09,1.1532919857738004
86,1.010676628630868e-09,1.0676628630867906
87,1.0098513006840116e-09,0.9851300684011491
88,1.0090557879817286e-09,0.9055787981728554
89,1.0082889831527853e-09,0.8288983152785241
90,1.0075498183275805e-09,0.7549818327580454
91,1.0068372640656088e-09,0.6837264065608784
92,1.0061503282085242e-09,0.6150328208524123
93,1.0054880547587453e-09,0.5488054758745194
94,1.0048495227528695e-09,0.4849522752869456
95,1.0042338451626093e-09,0.42338451626091916
96,1.0036401678087287e-09,0.36401678087285905
97,1.0030676682463958e-09,0.3067668246395746
98,1.0025155547285383e-09,0.25155547285382
99,1.0019830651850233e-09,0.19830651850232758
100,1.0014694661095018e-09,0.1469466109501689
101,1.0009740516866105e-09,0.09740516866104085
102,1.0004961427274517e-09,0.04961427274515891
103,1.0000350857573185e-09,0.0035085757318444096
104,9.995902520720353e-10,0.04097479279648067
105,9.99161036879825e-10,0.08389631201749928
106,9.987468583669196e-10,0.12531416330804518
107,9.98347156907837e-10,0.16528430921629728
108,9.979613942255766e-10,0.20386057744234623
109,9.97589052577748e-10,0.24109474222519778
110,9.97229634027051e-10,0.2770365972949124
111,9.968826596659307e-10,0.31173403340693245
112,9.965476689000404e-10,0.34523310999596135
113,9.96224218789271e-10,0.3775781210729146
114,9.959118833125678e-10,0.40881166874322283
115,9.95610252792904e-10,0.4389747207096156
116,9.95318933225358e-10,0.4681066774642092
117,9.95037545694168e-10,0.4962454305832127
118,9.947657257692847e-10,0.5234274230715319
119,9.94503122995694e-10,0.549687700430605
120,9.942494003024584e-10,0.575059969754171
121,9.940042335174277e-10,0.599576648257239
122,9.937673108569715e-10,0.6232689143028557
123,9.93538332442114e-10,0.646166755788613
124,9.933170098416325e-10,0.6682990158367558
125,9.931030656236807e-10,0.6896934376319407
126,9.928962329327797e-10,0.7103767067220331
127,9.926962550723116e-10,0.7303744927688491
128,9.925028851155792e-10,0.7497114884420839
129,9.923158855160324e-10,0.7684114483967662
130,9.921350277317434e-10,0.7864972268256649
131,9.919600919222016e-10,0.8039908077798434
132,9.917908665511717e-10,0.8209133448828407
133,9.916271480856062e-10,0.8372851914393847
134,9.914687406939039e-10,0.8531259306096174
135,9.913154559346994e-10,0.8684544065300689
136,9.911671124545428e-10,0.8832887545457244
137,9.910235357553328e-10,0.8976464244667235
138,9.908845578777728e-10,0.9115442122227214
139,9.90750017171958e-10,0.9249982828042066
140,9.90619758041802e-10,0.9380241958198164
141,9.904936307304116e-10,0.9506369269588416
142,9.90371491064446e-10,0.9628508935554081
143,9.90253200249299e-10,0.9746799750701107
144,9.90138624670464e-10,0.9861375329535965
145,9.90027635672324e-10,0.9972364327676083
146,9.899201093757215e-10,1.007989062427854
147,9.898159265055462e-10,1.0184073494453856
148,9.89714972191761e-10,1.0285027808239133
149,9.896171358032032e-10,1.0382864196796833
150,9.895223107951673e-10,1.047768920483272
151,9.894303945360947e-10,1.0569605463905318
152,9.893412881685355e-10,1.0658711831464611
153,9.892548964690205e-10,1.0745103530979552
154,9.891711276879327e-10,1.0828872312067404
155,9.890898934222988e-10,1.09101065777013
156,9.890111085037087e-10,1.098889149629135
157,9.889346908569548e-10,1.1065309143045268
158,9.88860561385794e-10,1.1139438614206134
159,9.887886438574772e-10,1.1211356142522897
160,9.887188648104672e-10,1.1281135189532903
161,9.886511534152634e-10,1.1348846584736698
162,9.885854413965457e-10,1.1414558603454334
163,9.88521662940549e-10,1.147833705945098
164,9.884597545945117e-10,1.154024540548838
165,9.883996551563736e-10,1.1600344843626496
166,9.883413056271405e-10,1.1658694372859593
167,9.882846491083786e-10,1.17153508916215
168,9.882296307084333e-10,1.1770369291566793
169,9.881761975049822e-10,1.182380249501789
170,9.881242984146242e-10,1.1875701585375849
171,9.880738841971707e-10,1.1926115802829387
172,9.880249073028223e-10,1.1975092697177732
173,9.879773218914516e-10,1.2022678108548412
174,9.879310836914384e-10,1.2068916308561641
175,9.878861500133116e-10,1.211384998668845
176,9.878424796341559e-10,1.21575203658442
177,9.87800032757464e-10,1.2199967242536032
178,9.877587709960582e-10,1.2241229003941831
179,9.877186572674111e-10,1.2281342732588936
180,9.876796557736118e-10,1.2320344226388225
181,9.876417319370169e-10,1.235826806298319
182,9.876048524062732e-10,1.2395147593726823
183,9.875689849304054e-10,1.2431015069594633
184,9.875340983701284e-10,1.246590162987171
185,9.875001626617113e-10,1.2499837338288733
186,9.87467148740723e-10,1.2532851259277054
187,9.874350285476065e-10,1.2564971452393516
188,9.874037749500229e-10,1.2596225049977192
189,9.873733617494685e-10,1.2626638250531523
190,9.87343763616089e-10,1.2656236383911126
191,9.87314956071267e-10,1.2685043928733108
192,9.872869154440062e-10,1.2713084555993892
193,9.872596188709102e-10,1.274038112908989
194,9.872330442256842e-10,1.2766955774315838
195,9.87207170139316e-10,1.2792829860684076
196,9.871819759253476e-10,1.2818024074652439
197,9.871574415850266e-10,1.2842558414973424
198,9.871335477845884e-10,1.2866452215411657
199,9.871102758200021e-10,1.2889724179997928
200,9.870876075766096e-10,1.2912392423390426
201,9.870655255641773e-10,1.293447443582276
202,9.870440128264784e-10,1.2955987173521621
203,9.870230529788144e-10,1.2976947021185663
204,9.87002630155518e-10,1.299736984448211
205,9.869827289879803e-10,1.3017271012019767
206,9.869633346234318e-10,1.3036665376568308
207,9.869444326660924e-10,1.305556733390762
208,9.869260091856068e-10,1.3073990814393255
209,9.869080506909426e-10,1.3091949309057487
210,9.86890544108068e-10,1.3109455891932023
211,9.868734767985752e-10,1.3126523201424865
212,9.868568364973424e-10,1.3143163502657667
213,9.868406113361284e-10,1.3159388663871654
214,9.868247898037722e-10,1.3175210196227831
215,9.868093607723541e-10,1.3190639227645942
216,9.86794313430195e-10,1.3205686569805073
217,9.867796373218113e-10,1.3220362678188757
218,9.867653222918074e-10,1.323467770819264
219,9.867513585160826e-10,1.3248641483917423
220,9.86737736457475e-10,1.3262263542525
221,9.867244468921098e-10,1.3275553107890243
222,9.867114808427068e-10,1.3288519157293295
223,9.866988296247593e-10,1.3301170375240752
224,9.86686484810513e-10,1.3313515189487093
225,9.866744382275428e-10,1.3325561772457246
226,9.86662681954061e-10,1.3337318045938966
227,9.866512082877352e-10,1.3348791712264847
228,9.866400097751809e-10,1.3359990224819212
229,9.866290791665923e-10,1.337092083340772
230,9.866184094399117e-10,1.3381590560088397
231,9.866079937718174e-10,1.339200622818271
232,9.865978255390722e-10,1.340217446092789
233,9.865878983220744e-10,1.341210167792564
234,9.865782058747219e-10,1.3421794125278188
235,9.865687421382735e-10,1.3431257861726589
236,9.865595012419821e-10,1.3440498758017945
237,9.865504774589631e-10,1.344952254103693
238,9.865416652428886e-10,1.345833475711144
239,9.86533059206289e-10,1.3466940793710995
240,9.865246541072291e-10,1.3475345892770951
241,9.865164448650134e-10,1.3483555134986625
242,9.865084265334531e-10,1.3491573466546944
243,9.865005943109916e-10,1.349940568900851
244,9.86492943519337e-10,1.3507056480663118
245,9.864854696364999e-10,1.3514530363500181
246,9.864781682413476e-10,1.352183175865242
247,9.864710350435971e-10,1.3528964956402922
248,9.864640658852087e-10,1.3535934114791346
249,9.864572566981954e-10,1.3542743301804678
250,9.864506035557802e-10,1.354939644421983
251,9.86444102615271e-10,1.3555897384729152
252,9.864377501469975e-10,1.3562249853002557
253,9.86431542531582e-10,1.3568457468418025
254,9.86425476230182e-10,1.3574523769818005
255,9.864195478202656e-10,1.358045217973445
256,9.8641375394914e-10,1.3586246050860045
257,9.864080913816752e-10,1.359190861832484
258,9.864025569459942e-10,1.3597443054005833
259,9.863971475625967e-10,1.360285243740339
260,9.863918602353295e-10,1.3608139764670533
261,9.863866920506265e-10,1.3613307949373536
262,9.863816401650725e-10,1.3618359834927563
263,9.863767018188922e-10,1.3623298181107812
264,9.863718743128002e-10,1.362812568719984
265,9.863671550338714e-10,1.363284496612865
266,9.863625414230402e-10,1.3637458576959856
267,9.863580309857228e-10,1.364196901427725
268,9.863536213106669e-10,1.36463786893332
269,9.863493100348973e-10,1.3650689965102718
270,9.863450948644364e-10,1.3654905135563613
271,9.863409735501693e-10,1.3659026449830718
272,9.863369439168912e-10,1.366305608310884
273,9.86333003832902e-10,1.3666996167098044
274,9.863291512249494e-10,1.3670848775050644
275,9.863253840767259e-10,1.3674615923274183
276,9.863217004195327e-10,1.3678299580467408
277,9.863180983324971e-10,1.3681901667502936
278,9.863145759429961e-10,1.3685424057003939
279,9.863111314267372e-10,1.3688868573262867
280,9.863077630130091e-10,1.3692236986990929
281,9.863044689492549e-10,1.3695531050745204
282,9.863012475659567e-10,1.3698752434043346
283,9.862980971985504e-10,1.3701902801449648
284,9.862950162429886e-10,1.3704983757011453
285,9.862920031307034e-10,1.370799686929667
286,9.862890563354032e-10,1.3710943664596846
287,9.862861743503538e-10,1.3713825649646276
288,9.862833557355083e-10,1.3716644264491757
289,9.862805990547694e-10,1.3719400945230706
290,9.862779029377272e-10,1.372209706227289
291,9.862752660167952e-10,1.3724733983204909
292,9.86272686978103e-10,1.3727313021897078
293,9.862701645315159e-10,1.3729835468484184
294,9.86267697413018e-10,1.373230258698216
295,9.862652844081278e-10,1.3734715591872262
296,9.862629243112549e-10,1.373707568874521
297,9.862606159503398e-10,1.3739384049660306
298,9.86258358184249e-10,1.3741641815751051
299,9.862561498983044e-10,1.3743850101695634
300,9.862539900096716e-10,1.374600999032849
301,9.862518774490266e-10,1.3748122550973496
302,9.862498111805887e-10,1.3750188819411326
303,9.862477901883307e-10,1.3752209811669378
304,9.86245813480017e-10,1.3754186519983054
305,9.862438801014467e-10,1.3756119898553374
306,9.86241989095816e-10,1.3758010904184084
307,9.862401395447995e-10,1.375986045520055
308,9.86238330545904e-10,1.3761669454096113
309,9.862365612255256e-10,1.3763438774474415
310,9.862348307149484e-10,1.3765169285051704
311,9.862331381807037e-10,1.3766861819296403
312,9.862314828007448e-10,1.376851719925523
313,9.86229863768954e-10,1.3770136231046093
314,9.862282803054379e-10,1.3771719694562168
315,9.86226731646199e-10,1.3773268353801116
316,9.862252170349856e-10,1.377478296501447
317,9.862237357513068e-10,1.377626424869329
318,9.86222287073489e-10,1.3777712926511096
319,9.862208703060865e-10,1.377912969391358
320,9.862194847681463e-10,1.3780515231853812
321,9.862181297851168e-10,1.378187021488331
322,9.862168047088298e-10,1.3783195291170256
323,9.862155089067185e-10,1.3784491093281588
324,9.862142417516061e-10,1.3785758248393916
325,9.862130026273562e-10,1.3786997372643888
326,9.862117909471588e-10,1.3788209052841285
327,9.862106061283612e-10,1.3789393871638898
328,9.862094475984754e-10,1.3790552401524707
329,9.862083148005927e-10,1.3791685199407366
330,9.862072071885277e-10,1.3792792811472367
331,9.862061242350944e-10,1.3793875764905705
332,9.86205065415408e-10,1.3794934584592142
333,9.862040302189842e-10,1.3795969781015855
334,9.862030181498569e-10,1.3796981850143175
335,9.862020287273122e-10,1.3797971272687835
336,9.862010614617687e-10,1.3798938538231367
337,9.862001158989617e-10,1.3799884101038409
338,9.861991915811209e-10,1.380080841887919
339,9.861982880507876e-10,1.3801711949212505
340,9.861974048927667e-10,1.380259510723339
341,9.86196541666935e-10,1.3803458333065008
342,9.861956979528426e-10,1.380430204715747
343,9.861948733490465e-10,1.3805126650953523
344,9.861940674609344e-10,1.3805932539065675
345,9.861932798854436e-10,1.3806720114556497
346,9.861925102497119e-10,1.3807489750288195
347,9.861917581738616e-10,1.3808241826138508
348,9.861910233025338e-10,1.3808976697466289
349,9.861903052603043e-10,1.3809694739695735
350,9.861896037139392e-10,1.3810396286060895
351,9.86188918314591e-10,1.3811081685409066
352,9.861882487219765e-10,1.381175127802353
353,9.861875946120736e-10,1.3812405387926445
354,9.86186955664494e-10,1.3813044335506164
355,9.86186331566924e-10,1.3813668433076096
356,9.861857220048096e-10,1.381427799519049
357,9.861851266779737e-10,1.3814873322026366
358,9.861845453015804e-10,1.3815454698419645
359,9.86183977576382e-10,1.381602242361801
360,9.861834232250301e-10,1.381657677496995
361,9.861828819722945e-10,1.381711802770555
362,9.861823535503877e-10,1.3817646449612324
363,9.861818376861311e-10,1.381816231386895
364,9.86181334119108e-10,1.3818665880892147
365,9.861808426069565e-10,1.3819157393043562
366,9.861803628968839e-10,1.3819637103116205
367,9.861798947438685e-10,1.3820105256131525
368,9.861794379118104e-10,1.3820562088189614
369,9.861789921671903e-10,1.382100783280976
370,9.86178557277956e-10,1.3821442722044046
371,9.861781330348367e-10,1.3821866965163374
372,9.86177719201504e-10,1.3822280798496143
373,9.861773155804876e-10,1.3822684419512488
374,9.861769219478972e-10,1.3823078052102908
375,9.861765381088934e-10,1.3823461891106692
376,9.861761638556219e-10,1.3823836144378199
377,9.861757989977054e-10,1.38242010022947
378,9.861754433423264e-10,1.3824556657673654
379,9.861750966978792e-10,1.3824903302120897
380,9.861747588784405e-10,1.3825241121559546
381,9.861744297116051e-10,1.3825570288394924
382,9.861741090104749e-10,1.3825890989525185
383,9.861737966095218e-10,1.3826203390478262
384,9.861734923362223e-10,1.3826507663777776
385,9.86173196021937e-10,1.3826803978063102
386,9.861729075150182e-10,1.382709248498188
387,9.861726266424568e-10,1.3827373357543282
388,9.861723532525553e-10,1.3827646747444786
389,9.861720871979852e-10,1.382791280201491
390,9.861718283191616e-10,1.3828171680838508
391,9.861715764847288e-10,1.3828423515271244
392,9.861713315438692e-10,1.3828668456130886
393,9.861710933475904e-10,1.382890665240962
394,9.86170861769768e-10,1.3829138230232023
395,9.86170636674558e-10,1.382936332544203
396,9.861704179284814e-10,1.3829582071518678
397,9.861702053965315e-10,1.3829794603468597
398,9.861699989561712e-10,1.3830001043828875
399,9.861697984924282e-10,1.3830201507571824
400,9.861696038712073e-10,1.3830396128792732
401,9.861694149813865e-10,1.3830585018613593
402,9.861692317027472e-10,1.3830768297252907
403,9.861690539230658e-10,1.3830946076934267
404,9.861688815272495e-10,1.3831118472750552
405,9.861687144128702e-10,1.3831285587129882
406,9.86168552470966e-10,1.3831447529034069
407,9.86168395590963e-10,1.3831604409037104
408,9.86168243675352e-10,1.383175632464807
409,9.861680966245707e-10,1.3831903375429322
410,9.8616795433171e-10,1.3832045668290025
411,9.861678167113651e-10,1.383218328863492
412,9.861676836607872e-10,1.3832316339212871
413,9.86167555087766e-10,1.3832444912234045
414,9.861674309132591e-10,1.383256908674092
415,9.8616731103222e-10,1.383268896778006
416,9.86167195366903e-10,1.383280463309714
417,9.861670838296245e-10,1.3832916170375575
418,9.861669763408726e-10,1.3833023659127484
419,9.86166872805278e-10,1.3833127194722032
420,9.861667731616992e-10,1.3833226838300898
421,9.861666773150904e-10,1.3833322684909615
422,9.861665852037405e-10,1.3833414796259578
423,9.861664967342043e-10,1.3833503265795728
424,9.861664118523286e-10,1.383358814767151
425,9.861663304759456e-10,1.3833669524054495
426,9.861662525347361e-10,1.3833747465263935
427,9.861661779538787e-10,1.3833822046121407
428,9.861661066718239e-10,1.383389332817619
429,9.861660386289641e-10,1.3833961371035945
430,9.861659737436755e-10,1.3834026256324585
431,9.861659119620169e-10,1.3834088037983177
432,9.861658532185619e-10,1.383414678143819
433,9.861657974571653e-10,1.383420254283472
434,9.861657446154879e-10,1.3834255384512193
435,9.86165694629868e-10,1.3834305370132087
436,9.861656474474424e-10,1.3834352552557654
437,9.86165603007557e-10,1.3834396992443152
438,9.861655612558002e-10,1.3834438744199902
439,9.861655221469198e-10,1.383447785308027
440,9.861654856152116e-10,1.3834514384788446
441,9.86165451614716e-10,1.3834548385284038
442,9.861654200926943e-10,1.3834579907305804
443,9.861653910000248e-10,1.3834608999975244
444,9.861653642880997e-10,1.3834635711900392
445,9.861653399120982e-10,1.3834660087901816
446,9.861653178251742e-10,1.3834682174825856
447,9.861652979659232e-10,1.3834702034076822
448,9.861652803105525e-10,1.3834719689447526
449,9.861652648014082e-10,1.383473519859184
450,9.861652514044388e-10,1.383474859556127
451,9.86165240067671e-10,1.3834759932329026
452,9.86165230756776e-10,1.3834769243224134
453,9.861652234222936e-10,1.3834776577706411
454,9.861652180333445e-10,1.3834781966655547
455,9.861652145520743e-10,1.3834785447925806
456,9.861652129341871e-10,1.3834787065812915
457,9.861652131423449e-10,1.3834786857655188
458,9.861652151426845e-10,1.3834784857315539
459,9.861652188953194e-10,1.3834781104680616
460,9.861652243721433e-10,1.3834775627856777
461,9.861652315320956e-10,1.3834768467904437
462,9.861652403430016e-10,1.3834759656998443
463,9.861652507689531e-10,1.3834749231046912
464,9.861652627876879e-10,1.383473721231217
465,9.861652763544668e-10,1.3834723645533311
466,9.861652914459866e-10,1.3834708554013464
467,9.861653080287104e-10,1.3834691971289634
468,9.861653260703408e-10,1.383467392965929
469,9.861653455507678e-10,1.3834654449232229
470,9.86165366430986e-10,1.3834633569014154
471,9.861653886883232e-10,1.3834611311676843
472,9.861654122937203e-10,1.3834587706279775
473,9.861654372204794e-10,1.3834562779520614
474,9.86165463439137e-10,1.383453656086312
475,9.861654909297643e-10,1.383450907023573
476,9.861655196588674e-10,1.3834480341132638
477,9.861655496108003e-10,1.3834450389199762
478,9.86165580755863e-10,1.3834419244137024
479,9.861656130729104e-10,1.3834386927089637
480,9.861656465282917e-10,1.3834353471708343
481,9.86165681113415e-10,1.3834318886585069
482,9.861657167911204e-10,1.3834283208879663
483,9.861657535631731e-10,1.3834246436826922
484,9.8616579138067e-10,1.3834208619329968
485,9.861658302357535e-10,1.3834169764246607
486,9.861658701077172e-10,1.383412989228282
487,9.861659109740475e-10,1.3834089025952603
488,9.8616595281499e-10,1.3834047185010068
489,9.861659956088911e-10,1.3834004391108936
490,9.861660393371939e-10,1.383396066280618
491,9.861660839877482e-10,1.383391601225184
492,9.861661295397896e-10,1.383387046021043
493,9.861661759649539e-10,1.3833824035046172
494,9.86166223257823e-10,1.3833776742177104
495,9.861662713985058e-10,1.3833728601494228
496,9.861663203606984e-10,1.3833679639301686
497,9.861663701442225e-10,1.3833629855777525
498,9.861664207207236e-10,1.3833579279276464
499,9.8616647207992e-10,1.3833527920080146
500,9.861665242038532e-10,1.3833475796146877
501,9.861665770766448e-10,1.3833422923355212
502,9.861666306868143e-10,1.3833369313185797
503,9.861666850048278e-10,1.383331499517229
504,9.86166740036145e-10,1.383325996385509
505,9.861667957597218e-10,1.3833204240278294
506,9.861668521602607e-10,1.3833147839739366
507,9.861669092190174e-10,1.383309078098263
508,9.861669669352512e-10,1.3833033064748832
509,9.86167025284418e-10,1.3832974715582071
510,9.86167084260688e-10,1.3832915739312113
511,9.861671438443347e-10,1.3832856155665347
512,9.861672040379622e-10,1.3832795962037816
513,9.861672648115517e-10,1.3832735188448313
514,9.861673261682444e-10,1.3832673831755622
515,9.861673880816617e-10,1.3832611918338324
516,9.861674505602564e-10,1.3832549439743673
517,9.861675135705555e-10,1.383248642944456
518,9.861675771173038e-10,1.3832422882696278
519,9.861676411841952e-10,1.3832358815804833
520,9.861677057617572e-10,1.383229423824289
521,9.861677708428823e-10,1.3832229157117792
522,9.861678364044688e-10,1.3832163595531248
523,9.86167902455507e-10,1.383209754449304
524,9.861679689749391e-10,1.3832031025060916
525,9.861680359576234e-10,1.3831964042376632
526,9.86168103389161e-10,1.3831896610839123
527,9.86168171271e-10,1.3831828729
528,9.861682395835505e-10,1.3831760416449586
529,9.861683083159745e-10,1.38316916840256
530,9.861683774774291e-10,1.3831622522570948
531,9.86168447037639e-10,1.3831552962361062
532,9.861685170038362e-10,1.38314829961639
533,9.861685873598742e-10,1.383141264012582
534,9.861686581064197e-10,1.3831341893580322
535,9.861687292289505e-10,1.3831270771049597
536,9.861688007162645e-10,1.3831199283735531
537,9.861688725720946e-10,1.383112742790547
538,9.861689447814122e-10,1.383105521858784
539,9.861690173393457e-10,1.383098266065432
540,9.861690902364399e-10,1.3830909763560206
541,9.861691634675373e-10,1.383083653246276
542,9.861692370308406e-10,1.383076296915945
543,9.861693109157768e-10,1.383068908422329
544,9.861693851096477e-10,1.3830614890352342
545,9.86169459617847e-10,1.3830540382152965
546,9.861695344259646e-10,1.3830465574035473
547,9.86169609529813e-10,1.3830390470187062
548,9.861696849265202e-10,1.38303150734799
549,9.861697606058239e-10,1.3830239394176203
550,9.861698365683633e-10,1.3830163431636766
551,9.86169912804493e-10,1.3830087195507133
552,9.861699893038753e-10,1.383001069612479
553,9.8617006607178e-10,1.3829933928219973
554,9.86170143092505e-10,1.3829856907495055
555,9.861702203651774e-10,1.3829779634822708
556,9.861702978870918e-10,1.3829702112908229
557,9.861703756530327e-10,1.3829624346967404
558,9.861704536582431e-10,1.3829546341756935
559,9.861705318946818e-10,1.3829468105318259
560,9.861706103601763e-10,1.382938963982376
561,9.861706890506774e-10,1.382931094932269
562,9.861707679606797e-10,1.3829232039320354
563,9.861708470826675e-10,1.3829152917332512
564,9.861709264187579e-10,1.3829073581242206
565,9.861710059567057e-10,1.3828994043294394
566,9.8617108570487e-10,1.3828914295130001
567,9.861711656453723e-10,1.3828834354627713
568,9.86171245789319e-10,1.3828754210680974
569,9.861713261140228e-10,1.3828673885977278
570,9.861714066293782e-10,1.3828593370621893
571,9.86171487325311e-10,1.382851267468905
572,9.861715682080926e-10,1.3828431791907483
573,9.86171649263068e-10,1.382835073693214
574,9.86171730489043e-10,1.3828269510957059
575,9.861718118923358e-10,1.3828188107664232
576,9.861718934504328e-10,1.382810654956724
577,9.861719751799448e-10,1.382802482005527
578,9.86172057063559e-10,1.3827942936440991
579,9.861721391051237e-10,1.3827860894876374
580,9.86172221300463e-10,1.3827778699537017
581,9.861723036445814e-10,1.3827696355418682
582,9.861723861403443e-10,1.3827613859655803
583,9.861724687768753e-10,1.3827531223124778
584,9.861725515591613e-10,1.3827448440838739
585,9.861726344757465e-10,1.3827365524253517
586,9.861727175319772e-10,1.3827282468022835
587,9.86172800716233e-10,1.3827199283767138
588,9.861728840355023e-10,1.3827115964497778
589,9.86172967480543e-10,1.3827032519457054
590,9.861730510523024e-10,1.3826948947697637
591,9.861731347500317e-10,1.3826865249968332
592,9.861732185704383e-10,1.382678142956173
593,9.861733024971507e-10,1.3826697502849392
594,9.861733865517284e-10,1.3826613448271683
595,9.86173470718286e-10,1.3826529281713984
596,9.861735549905343e-10,1.3826445009465764
597,9.861736393796524e-10,1.3826360620347677
598,9.86173723870634e-10,1.382627612936602
599,9.861738084683404e-10,1.382619153165966
600,9.86173893170158e-10,1.382610682984207
601,9.861739779746537e-10,1.382602202534635
602,9.861740628786665e-10,1.3825937121333558
603,9.86174147878353e-10,1.382585212164699
604,9.861742329727293e-10,1.3825767027270786
605,9.86174318159191e-10,1.3825681840809112
606,9.86174403437209e-10,1.3825596562791156
607,9.861744888091412e-10,1.3825511190858837
608,9.861745742645336e-10,1.382542573546648
609,9.861746598135301e-10,1.3825340186469945
610,9.861747454395494e-10,1.3825254560450697
611,9.861748311526134e-10,1.3825168847386613
612,9.861749169465088e-10,1.3825083053491265
613,9.861750028196607e-10,1.3824997180339402
614,9.8617508877228e-10,1.382491122772009
615,9.861751748010628e-10,1.3824825198937296
616,9.86175260906664e-10,1.3824739093336098
617,9.861753470857585e-10,1.382465291424156
618,9.861754333344863e-10,1.3824566665513716
619,9.861755196586233e-10,1.3824480341376777
620,9.86175606045843e-10,1.3824393954156977
621,9.86175692505085e-10,1.3824307494914976
622,9.861757790327639e-10,1.3824220967236187
623,9.861758656242576e-10,1.382413437574248
624,9.861759522824882e-10,1.3824047717511845
625,9.86176039004552e-10,1.3823960995448092
626,9.86176125788711e-10,1.382387421128913
627,9.861762126326738e-10,1.3823787367326255
628,9.861762995375666e-10,1.3823700462433461
629,9.861763865015823e-10,1.3823613498417724
630,9.861764735159748e-10,1.3823526484025244
631,9.86176560593913e-10,1.382343940608709
632,9.861766477268766e-10,1.3823352273123437
633,9.861767349096514e-10,1.3823265090348622
634,9.86176822154969e-10,1.3823177845031094
635,9.861769094373618e-10,1.3823090562638296
636,9.86176996785237e-10,1.3823003214762988
637,9.86177084175248e-10,1.3822915824752133
638,9.861771716092952e-10,1.3822828390704869
639,9.861772591038222e-10,1.382274089617788
640,9.861773466446965e-10,1.3822653355303551
641,9.861774342248057e-10,1.3822565775194389
642,9.861775218557252e-10,1.382247814427483
643,9.861776095297736e-10,1.382239047022649
644,9.861776972489469e-10,1.382230275105317
645,9.861777850087435e-10,1.3822214991256598
646,9.861778728109796e-10,1.3822127189020492
647,9.861779606616663e-10,1.382203933833373
648,9.86178048547596e-10,1.3821951452404106
649,9.861781364703727e-10,1.3821863529627312
650,9.861782244369397e-10,1.3821775563060401
651,9.861783124404695e-10,1.3821687559530513
652,9.861784004849221e-10,1.3821599515077931
653,9.861784885600228e-10,1.3821511439977274
654,9.861785766761404e-10,1.3821423323859625
655,9.861786648294459e-10,1.382133517055421
656,9.86178753012408e-10,1.3821246987592095
657,9.861788412340813e-10,1.3821158765918755
658,9.861789294874123e-10,1.3821070512587768
659,9.86179017774606e-10,1.382098222539407
660,9.861791060975008e-10,1.382089390249926
661,9.861791944456023e-10,1.3820805554397775
662,9.861792828277859e-10,1.3820717172214174
663,9.861793712464937e-10,1.3820628753506412
664,9.861794596910194e-10,1.3820540308980687
665,9.861795481652008e-10,1.38204518347993
666,9.861796366666107e-10,1.38203633333894
667,9.861797252009368e-10,1.3820274799063295
668,9.861798137622647e-10,1.3820186237735328
669,9.861799023499483e-10,1.382009765005173
670,9.861799909656303e-10,1.3820009034369725
671,9.861800796060541e-10,1.381992039394592
672,9.86180168277295e-10,1.3819831722705087
673,9.86180256968051e-10,1.3819743031948994
674,9.861803456861978e-10,1.3819654313802265
675,9.861804344289494e-10,1.3819565571050634
676,9.861805231973317e-10,1.38194768026684
677,9.861806119924997e-10,1.38193880075004
678,9.861807008041178e-10,1.3819299195882262
679,9.86180789642939e-10,1.3819210357061047
680,9.861808785005228e-10,1.381912149947731
681,9.861809673871054e-10,1.3819032612894686
682,9.861810562925378e-10,1.3818943707462272
683,9.86181145219485e-10,1.3818854780515095
684,9.861812341661544e-10,1.3818765833845659
685,9.861813231418717e-10,1.381867685812833
686,9.86181412123296e-10,1.3818587876704072
687,9.861815011337719e-10,1.38184988662282
688,9.86181590159639e-10,1.3818409840360975
689,9.861816792076857e-10,1.3818320792314351
690,9.861817682795504e-10,1.381823172044968
691,9.861818573589635e-10,1.3818142641036577
692,9.86181946462435e-10,1.381805353756513
693,9.86182035588136e-10,1.381796441186403
694,9.861821247254894e-10,1.3817875274510643
695,9.86182213885809e-10,1.3817786114191002
696,9.861823030602261e-10,1.3817696939773927
697,9.861823922499713e-10,1.3817607750028782
698,9.861824814653735e-10,1.3817518534626565
699,9.861825706838268e-10,1.381742931617329
700,9.861826599271377e-10,1.381734007286241
701,9.861827491844194e-10,1.3817250815580657
702,9.861828384495958e-10,1.381716155040429
703,9.861829277401897e-10,1.3817072259810321
704,9.86183017043552e-10,1.381698295644799
705,9.861831063567564e-10,1.3816893643243657
706,9.861831956917913e-10,1.3816804308208788
707,9.861832850365906e-10,1.3816714963409467
708,9.861833744017553e-10,1.3816625598244747
709,9.86183463771197e-10,1.3816536228803096
710,9.861835531590794e-10,1.381644684092069
711,9.861836425563881e-10,1.3816357443611942
712,9.861837319698275e-10,1.381626803017255
713,9.861838213989294e-10,1.38161786010707
714,9.861839108419109e-10,1.3816089158089175
715,9.861840002967461e-10,1.3815999703253945
716,9.861840897573648e-10,1.3815910242635274
717,9.861841792358162e-10,1.381582076418383
718,9.861842687234775e-10,1.3815731276522556
719,9.861843582267365e-10,1.3815641773263552
720,9.86184447738006e-10,1.381555226199413
721,9.861845372586792e-10,1.3815462741320905
722,9.861846267953676e-10,1.381537320463243
723,9.861847163424647e-10,1.3815283657535335
724,9.861848059031261e-10,1.3815194096873926
725,9.861848954711695e-10,1.381510452883055
726,9.861849850459354e-10,1.381501495406468
727,9.861850746367053e-10,1.381492536329472
728,9.861851642375094e-10,1.381483576249065
729,9.861852538448869e-10,1.381474615511318
730,9.86185343467844e-10,1.3814656532155971
731,9.861854330957733e-10,1.3814566904226788
732,9.861855227330202e-10,1.3814477266979825
733,9.861856123856182e-10,1.3814387614381842
734,9.86185702043535e-10,1.3814297956465085
735,9.861857917114128e-10,1.381420828858721
736,9.861858813909449e-10,1.3814118609055193
737,9.86185971077678e-10,1.3814028922322152
738,9.86186060768013e-10,1.3813939231987153
739,9.861861504722714e-10,1.3813849527728637
740,9.86186240188783e-10,1.3813759811217092
741,9.86186329905148e-10,1.3813670094851962
742,9.861864196392474e-10,1.3813580360752697
743,9.861865093706798e-10,1.3813490629320264
744,9.861865991239204e-10,1.3813400876079625
745,9.8618668888006e-10,1.3813311119940135
746,9.8618677863813e-10,1.3813221361870005
747,9.86186868407839e-10,1.3813131592161028
748,9.861869581902973e-10,1.3813041809702717
749,9.86187047975768e-10,1.3812952024232024
750,9.861871377627215e-10,1.3812862237278605
751,9.86187227566976e-10,1.3812772433024085
752,9.861873173735933e-10,1.3812682626406725
753,9.861874071921337e-10,1.3812592807866384
754,9.86187497019025e-10,1.3812502980975032
755,9.861875868513921e-10,1.3812413148607952
756,9.86187676686602e-10,1.3812323313398058
757,9.861877665306224e-10,1.381223346937766
758,9.861878563835309e-10,1.3812143616469204
759,9.861879462368976e-10,1.3812053763102488
760,9.861880361074407e-10,1.381196389255937
761,9.86188125975058e-10,1.3811874024941988
762,9.861882158558098e-10,1.3811784144190218
763,9.861883057398403e-10,1.3811694260159713
764,9.861883956309528e-10,1.38116043690473
765,9.861884855279202e-10,1.3811514472079895
766,9.861885754336187e-10,1.3811424566381392
767,9.861886653402945e-10,1.3811334659705576
768,9.861887552591282e-10,1.381124474087186
769,9.861888451858956e-10,1.3811154814104447
770,9.861889351119508e-10,1.3811064888049236
771,9.861890250453667e-10,1.381097495463336
772,9.861891149859546e-10,1.3810885014045413
773,9.861892049324212e-10,1.38107950675789
774,9.861892948897668e-10,1.3810705110233308
775,9.861893848412822e-10,1.3810615158717892
776,9.861894748045082e-10,1.3810525195491874
777,9.861895647774619e-10,1.3810435222538209
778,9.861896547483068e-10,1.3810345251693237
779,9.861897447290802e-10,1.3810255270919822
780,9.861898347150378e-10,1.381016528496226
781,9.861899247033485e-10,1.3810075296651574
782,9.861900147003702e-10,1.3809985299629852
783,9.861901047041767e-10,1.3809895295823387
784,9.861901947161658e-10,1.3809805283834242
785,9.86190284724717e-10,1.380971527528307
786,9.86190374739915e-10,1.3809625260085086
787,9.861904647671962e-10,1.3809535232803856
788,9.861905547907773e-10,1.3809445209222808
789,9.861906448249803e-10,1.380935517501973
790,9.861907348646922e-10,1.3809265135307836
791,9.861908249080135e-10,1.380917509198654
792,9.86190914951523e-10,1.3809085048477059
793,9.861910050022685e-10,1.380899499773161
794,9.861910950604472e-10,1.3808904939552906
795,9.861911851249883e-10,1.3808814875011737
796,9.861912751866499e-10,1.3808724813350193
797,9.861913652648104e-10,1.3808634735189702
798,9.861914553356102e-10,1.380854466438988
799,9.861915454163333e-10,1.3808454583666783
800,9.861916354995321e-10,1.3808364500467936
801,9.861917255898406e-10,1.3808274410159471
802,9.861918156844946e-10,1.3808184315505412
803,9.861919057834732e-10,1.3808094216526856
804,9.861919958848434e-10,1.3808004115156711
805,9.861920859958377e-10,1.380791400416232
806,9.861921761040662e-10,1.3807823895933815
807,9.86192266225123e-10,1.380773377487698
808,9.86192356342573e-10,1.3807643657427064
809,9.861924464705244e-10,1.3807553529475678
810,9.86192536593395e-10,1.380746340660504
811,9.861926267314819e-10,1.380737326851821
812,9.861927168697376e-10,1.3807283130262427
813,9.861928070101803e-10,1.3807192989819788
814,9.861928971514286e-10,1.3807102848571473
815,9.86192987308981e-10,1.3807012691019016
816,9.861930774574213e-10,1.380692254257878
817,9.86193167619174e-10,1.3806832380826104
818,9.86193257782073e-10,1.3806742217927164
819,9.861933479457697e-10,1.3806652054230408
820,9.86193438116881e-10,1.3806561883119013
821,9.86193528292044e-10,1.3806471707956085
822,9.861936184708113e-10,1.3806381529188718
823,9.861937086518694e-10,1.3806291348130681
824,9.861937988351197e-10,1.380620116488041
825,9.861938890268175e-10,1.3806110973182557
826,9.861939792228566e-10,1.3806020777143455
827,9.861940694182023e-10,1.3805930581797732
828,9.861941596223447e-10,1.380584037765536
829,9.861942498257176e-10,1.3805750174282474
830,9.86194340034853e-10,1.3805659965147032
831,9.861944302469756e-10,1.3805569753024434
832,9.86194520466002e-10,1.3805479533997982
833,9.861946106824043e-10,1.3805389317595758
834,9.861947009108445e-10,1.3805299089155576
835,9.861947911367601e-10,1.3805208863239948
836,9.861948813738857e-10,1.380511862611437
837,9.861949716056156e-10,1.380502839438449
838,9.86195061843556e-10,1.380493815644414
839,9.86195152082056e-10,1.3804847917943994
840,9.861952423307611e-10,1.380475766923892
841,9.861953325780838e-10,1.3804667421916272
842,9.861954228389943e-10,1.3804577161005736
843,9.861955130907358e-10,1.3804486909264289
844,9.861956033505197e-10,1.3804396649480373
845,9.861956936150258e-10,1.3804306384974288
846,9.86195783882021e-10,1.380421611797901
847,9.861958741557885e-10,1.3804125844211603
848,9.861959644289861e-10,1.380403557101392
849,9.861960547057974e-10,1.3803945294202697
850,9.86196144985006e-10,1.3803855014994098
851,9.861962352770615e-10,1.3803764722938556
852,9.861963255592444e-10,1.3803674440755622
853,9.86196415853611e-10,1.3803584146389145
854,9.861965061467234e-10,1.3803493853276674
855,9.861965964468375e-10,1.3803403553162532
856,9.861966867529415e-10,1.3803313247058568
857,9.861967770561766e-10,1.3803222943823474
858,9.861968673648946e-10,1.3803132635105413
859,9.861969576737606e-10,1.3803042326239496
860,9.861970479881006e-10,1.38029520118995
861,9.861971383128703e-10,1.3802861687129793
862,9.86197228635415e-10,1.3802771364584996
863,9.861973189581224e-10,1.3802681041877656
864,9.861974092910047e-10,1.3802590708995375
865,9.861974996223918e-10,1.3802500377608222
866,9.861975899547534e-10,1.3802410045246651
867,9.861976802974055e-10,1.380231970259454
868,9.861977706401776e-10,1.3802229359822487
869,9.861978609828198e-10,1.3802139017180302
870,9.861979513361822e-10,1.3802048663817856
871,9.861980416839004e-10,1.3801958316099676
872,9.861981320455375e-10,1.3801867954462528
873,9.861982224029319e-10,1.3801777597068199
874,9.861983127598603e-10,1.3801687240139775
875,9.861984031288376e-10,1.3801596871162436
876,9.861984934915745e-10,1.3801506508425552
877,9.861985838673763e-10,1.3801416132623763
878,9.861986742429727e-10,1.3801325757027323
879,9.861987646161565e-10,1.3801235383843562
880,9.861988549955983e-10,1.3801145004401765
881,9.861989453840839e-10,1.3801054615916197
882,9.861990357696857e-10,1.3800964230314385
883,9.861991261611801e-10,1.3800873838819947
884,9.86199216560189e-10,1.3800783439810986
885,9.861993069551655e-10,1.380069304483453
886,9.86199397354753e-10,1.3800602645246958
887,9.861994877604083e-10,1.380051223959181
888,9.861995781602057e-10,1.380042183979434
889,9.861996685712634e-10,1.3800331428736665
890,9.861997589864392e-10,1.3800241013560872
891,9.86199849401972e-10,1.3800150598028151
892,9.861999398206636e-10,1.3800060179336429
893,9.862000302434995e-10,1.3799969756500532
894,9.862001206725366e-10,1.3799879327463467
895,9.862002110982215e-10,1.3799788901778551
896,9.862003015287043e-10,1.3799698471295783
897,9.862003919653208e-10,1.3799608034679263
898,9.862004823992178e-10,1.3799517600782305
899,9.862005728407055e-10,1.3799427159294517
900,9.862006632845905e-10,1.3799336715409563
901,9.862007537326906e-10,1.37992462673095
902,9.86200844183238e-10,1.3799155816762017
903,9.86200934634716e-10,1.3799065365284164
904,9.862010250934833e-10,1.379897490651678
905,9.86201115551072e-10,1.3798884448928128
906,9.862012060120816e-10,1.3798793987918465
907,9.862012964820174e-10,1.3798703517982698
908,9.862013869469896e-10,1.3798613053010425
909,9.862014774182017e-10,1.3798522581798316
910,9.862015678927e-10,1.3798432107300025
911,9.862016583733505e-10,1.379834162664958
912,9.862017488487775e-10,1.3798251151222571
913,9.86201839336205e-10,1.3798160663795034
914,9.862019298202225e-10,1.379807017977755
915,9.8620202030991e-10,1.3797979690090156
916,9.862021108054812e-10,1.3797889194518818
917,9.862022013051525e-10,1.379779869484756
918,9.862022917979317e-10,1.3797708202068373
919,9.862023823012332e-10,1.3797617698766826
920,9.862024728032092e-10,1.3797527196790835
921,9.862025633112e-10,1.3797436688800002
922,9.862026538246941e-10,1.3797346175305936
923,9.862027443380184e-10,1.3797255661981649
924,9.86202834855242e-10,1.3797165144758035
925,9.862029253727682e-10,1.3797074627231876
926,9.862030158997015e-10,1.3796984100298606
927,9.8620310642488e-10,1.3796893575119993
928,9.86203196952339e-10,1.379680304766105
929,9.862032874853756e-10,1.379671251462443
930,9.862033780169033e-10,1.379662198309679
931,9.862034685565267e-10,1.379653144347333
932,9.862035590955327e-10,1.379644090446736
933,9.86203649645559e-10,1.379635035444107
934,9.862037401833434e-10,1.3796259816656637
935,9.862038307403834e-10,1.3796169259616682
936,9.86203921295209e-10,1.3796078704791088
937,9.862040118451002e-10,1.3795988154899834
938,9.862041024027134e-10,1.3795897597286644
939,9.862041929681565e-10,1.3795807031843568
940,9.862042835333e-10,1.3795716466700136
941,9.862043740997859e-10,1.3795625900214192
942,9.862044646709613e-10,1.3795535329038755
943,9.862045552425847e-10,1.3795444757415398
944,9.86204645813616e-10,1.3795354186384097
945,9.862047364001596e-10,1.3795263599840468
946,9.862048269791995e-10,1.3795173020800613
947,9.86204917565933e-10,1.3795082434067147
948,9.862050081517077e-10,1.3794991848292384
949,9.862050987468308e-10,1.379490125316924
950,9.862051893400519e-10,1.3794810659948198
951,9.862052799367427e-10,1.379472006325734
952,9.862053705364666e-10,1.3794629463533417
953,9.86205461142685e-10,1.3794538857315093
954,9.862055517453125e-10,1.379444825468756
955,9.862056423573333e-10,1.379435764266677
956,9.862057329613317e-10,1.3794267038668393
957,9.862058235811695e-10,1.3794176418830537
958,9.862059141966022e-10,1.3794085803397835
959,9.86206004821053e-10,1.3793995178947003
960,9.862060954443779e-10,1.3793904555622172
961,9.862061860704227e-10,1.3793813929577359
962,9.862062767004738e-10,1.3793723299526308
963,9.862063673340935e-10,1.3793632665906592
964,9.862064579701633e-10,1.3793542029836767
965,9.862065486067857e-10,1.3793451393214384
966,9.862066392452483e-10,1.3793360754751733
967,9.862067298885885e-10,1.379327011141161
968,9.862068205359718e-10,1.379317946402823
969,9.862069111889424e-10,1.3793088811057657
970,9.862070018374419e-10,1.37929981625582
971,9.86207092497739e-10,1.3792907502261083
972,9.86207183155563e-10,1.379281684443703
973,9.862072738135993e-10,1.3792726186400803
974,9.862073644803467e-10,1.379263551965333
975,9.86207455150798e-10,1.3792544849202157
976,9.862075458227132e-10,1.3792454177286873
977,9.862076364913917e-10,1.3792363508608347
978,9.862077271683127e-10,1.379227283168738
979,9.86207817852741e-10,1.3792182147259129
980,9.862079085278692e-10,1.379209147213087
981,9.862079992169609e-10,1.379200078303918
982,9.86208089900855e-10,1.3791910099145082
983,9.862081805941365e-10,1.3791819405863517
984,9.862082712820904e-10,1.3791728717909613
985,9.862083619856394e-10,1.379163801436067
986,9.862084526839124e-10,1.379154731608769
987,9.862085433909386e-10,1.3791456609061483
988,9.862086340933125e-10,1.379136590668755
989,9.862087247989546e-10,1.3791275201045423
990,9.862088155118578e-10,1.3791184488142307
991,9.862089062295507e-10,1.37910937704494
992,9.862089969396594e-10,1.3791003060340707
993,9.86209087662024e-10,1.3790912337976091
994,9.862091783835153e-10,1.3790821616484772
995,9.862092691132503e-10,1.3790730886749771
996,9.862093598409006e-10,1.3790640159099472
997,9.86209450571724e-10,1.3790549428276109
998,9.86209541308724e-10,1.379045869127598
999,9.86209632042657e-10,1.3790367957343035
