triangle_id,Vcorrection,V_patch_A,V_patch_B,V_patch_C,scaling_factor,Vcorrection_scal,V_patch_A_scal,V_patch_B_scal,V_patch_C_scal,side
0,0.0001472234993083,4.9473241310401856e-05,4.8277016687496334e-05,4.947324131040182e-05,1.0,0.0001472234993083,4.9473241310401856e-05,4.8277016687496334e-05,4.947324131040182e-05,outside
1,0.0001516895573037,5.098060647239818e-05,4.972834435890364e-05,5.0980606472398183e-05,1.0,0.0001516895573037,5.098060647239818e-05,4.972834435890364e-05,5.0980606472398183e-05,outside
2,7.06937390828246e-05,2.3564579694274865e-05,2.3564579694274865e-05,2.3564579694274872e-05,1.0,7.06937390828246e-05,2.3564579694274865e-05,2.3564579694274865e-05,2.3564579694274872e-05,outside
3,6.968959807140962e-05,2.3229866023803204e-05,2.3229866023803204e-05,2.322986602380321e-05,1.0,6.968959807140962e-05,2.3229866023803204e-05,2.3229866023803204e-05,2.322986602380321e-05,outside
4,7.168108835626033e-05,2.389369611875344e-05,2.389369611875344e-05,2.3893696118753447e-05,1.0,7.168108835626033e-05,2.389369611875344e-05,2.389369611875344e-05,2.3893696118753447e-05,outside
5,6.838098273715017e-05,2.279366091238339e-05,2.279366091238339e-05,2.2793660912383385e-05,1.0,6.838098273715017e-05,2.279366091238339e-05,2.279366091238339e-05,2.2793660912383385e-05,outside
6,0.0001504007941859,5.054372142159273e-05,4.9313351342714566e-05,5.054372142159271e-05,1.0,0.0001504007941859,5.054372142159273e-05,4.9313351342714566e-05,5.054372142159271e-05,outside
7,0.0001518232350343,5.102713079218202e-05,4.9768973449935984e-05,5.1027130792181994e-05,1.0,0.0001518232350343,5.102713079218202e-05,4.9768973449935984e-05,5.1027130792181994e-05,outside
8,0.0002165412502842,7.227229816230271e-05,7.199665395959455e-05,7.227229816230275e-05,1.0,0.0002165412502842,7.227229816230271e-05,7.199665395959455e-05,7.227229816230275e-05,outside
9,9.591103435692416e-05,3.179168213971818e-05,3.200536181152669e-05,3.21139904056793e-05,1.0,9.591103435692416e-05,3.179168213971818e-05,3.200536181152669e-05,3.21139904056793e-05,outside
10,0.0002129056466149,7.09737603978006e-05,7.095812581929875e-05,7.097376039780063e-05,1.0,0.0002129056466149,7.09737603978006e-05,7.095812581929875e-05,7.097376039780063e-05,outside
11,0.0002387231535788,7.961935489453447e-05,7.961754204583413e-05,7.948625663843142e-05,1.0,0.0002387231535788,7.961935489453447e-05,7.961754204583413e-05,7.948625663843142e-05,outside
12,0.0002109010733684,7.035630003453213e-05,7.018847329933576e-05,7.035630003453209e-05,1.0,0.0002109010733684,7.035630003453213e-05,7.018847329933576e-05,7.035630003453209e-05,outside
13,0.00021599840001420003,7.196650300151005e-05,7.201617661794393e-05,7.201572039474603e-05,1.0,0.00021599840001420003,7.196650300151005e-05,7.201617661794393e-05,7.201572039474603e-05,outside
14,0.00021243291681270003,7.12101553253419e-05,7.001260616201622e-05,7.121015532534191e-05,1.0,0.00021243291681270003,7.12101553253419e-05,7.001260616201622e-05,7.121015532534191e-05,outside
15,0.00021679579762110001,7.243395721174307e-05,7.243775675928284e-05,7.192408365007409e-05,1.0,0.00021679579762110001,7.243395721174307e-05,7.243775675928284e-05,7.192408365007409e-05,outside
16,0.0002149874360977,7.293908232062048e-05,6.910927145645907e-05,7.293908232062045e-05,1.0,0.0002149874360977,7.293908232062048e-05,6.910927145645907e-05,7.293908232062045e-05,outside
17,0.0002141903456239,2.8292545594185525e-05,9.294890001485723e-05,9.294890001485726e-05,1.0,0.0002141903456239,2.8292545594185525e-05,9.294890001485723e-05,9.294890001485726e-05,outside
18,0.0002149874361011,7.180966838216696e-05,7.136809933676612e-05,7.180966838216693e-05,1.0,0.0002149874361011,7.180966838216696e-05,7.136809933676612e-05,7.180966838216693e-05,outside
19,0.0002149874360852,7.225042278937024e-05,7.225042278937024e-05,7.048659050645951e-05,1.0,0.0002149874360852,7.225042278937024e-05,7.225042278937024e-05,7.048659050645951e-05,outside
20,0.0002149874360884,7.16796073006176e-05,7.162822148716483e-05,7.167960730061757e-05,1.0,0.0002149874360884,7.16796073006176e-05,7.162822148716483e-05,7.167960730061757e-05,outside
21,0.0002149874361033,7.154215164742819e-05,7.172264222793589e-05,7.172264222793591e-05,1.0,0.0002149874361033,7.154215164742819e-05,7.172264222793589e-05,7.172264222793591e-05,outside
22,0.0002149874360878,7.169604282490141e-05,7.15953504379972e-05,7.169604282490137e-05,1.0,0.0002149874360878,7.169604282490141e-05,7.15953504379972e-05,7.169604282490137e-05,outside
23,0.0002149874360935,7.166693103056428e-05,7.166693103056428e-05,7.165357403237143e-05,1.0,0.0002149874360935,7.166693103056428e-05,7.166693103056428e-05,7.165357403237143e-05,outside
24,0.0002149874360949,7.190174778210886e-05,7.118394053068231e-05,7.190174778210883e-05,1.0,0.0002149874360949,7.190174778210886e-05,7.118394053068231e-05,7.190174778210883e-05,outside
25,0.0002149874361013,7.146166655210812e-05,7.176288477459594e-05,7.176288477459594e-05,1.0,0.0002149874361013,7.146166655210812e-05,7.176288477459594e-05,7.176288477459594e-05,outside
26,0.00021498743609030003,7.336009306262406e-05,6.826724996505193e-05,7.336009306262402e-05,1.0,0.00021498743609030003,7.336009306262406e-05,6.826724996505193e-05,7.336009306262402e-05,outside
27,0.0002149874360976,7.322126585840793e-05,7.322126585840793e-05,6.854490438078413e-05,1.0,0.0002149874360976,7.322126585840793e-05,7.322126585840793e-05,6.854490438078413e-05,outside
28,0.0002149874360949,7.190174778210886e-05,7.118394053068231e-05,7.190174778210883e-05,1.0,0.0002149874360949,7.190174778210886e-05,7.118394053068231e-05,7.190174778210883e-05,outside
29,0.0002149874360977,7.322126585844219e-05,7.322126585844219e-05,6.854490438081562e-05,1.0,0.0002149874360977,7.322126585844219e-05,7.322126585844219e-05,6.854490438081562e-05,outside
30,0.0002149874360878,7.169604282490141e-05,7.15953504379972e-05,7.169604282490137e-05,1.0,0.0002149874360878,7.169604282490141e-05,7.15953504379972e-05,7.169604282490137e-05,outside
31,0.0002149874361013,7.146166655210812e-05,7.176288477459594e-05,7.176288477459594e-05,1.0,0.0002149874361013,7.146166655210812e-05,7.176288477459594e-05,7.176288477459594e-05,outside
32,0.0002149874360884,7.16796073006176e-05,7.162822148716483e-05,7.167960730061757e-05,1.0,0.0002149874360884,7.16796073006176e-05,7.162822148716483e-05,7.167960730061757e-05,outside
33,0.0002149874360935,7.166693103056428e-05,7.166693103056428e-05,7.165357403237143e-05,1.0,0.0002149874360935,7.166693103056428e-05,7.166693103056428e-05,7.165357403237143e-05,outside
34,0.000214987436101,7.180966838213354e-05,7.136809933673289e-05,7.180966838213356e-05,1.0,0.000214987436101,7.180966838213354e-05,7.136809933673289e-05,7.180966838213356e-05,outside
35,0.0002149874361033,7.154215164742819e-05,7.172264222793589e-05,7.172264222793591e-05,1.0,0.0002149874361033,7.154215164742819e-05,7.172264222793589e-05,7.172264222793591e-05,outside
36,0.0002125666699635,7.210866888397654e-05,6.834933219554693e-05,7.210866888397655e-05,1.0,0.0002125666699635,7.210866888397654e-05,6.834933219554693e-05,7.210866888397655e-05,outside
37,0.0002129903296498,7.159045531828583e-05,7.156985607535072e-05,6.983001825616345e-05,1.0,0.0002129903296498,7.159045531828583e-05,7.156985607535072e-05,6.983001825616345e-05,outside
38,0.00021396004106210003,7.172260385432826e-05,7.051483335344346e-05,7.172260385432829e-05,1.0,0.00021396004106210003,7.172260385432826e-05,7.051483335344346e-05,7.172260385432829e-05,outside
39,0.0002093618999997,2.5891197902516166e-05,9.173535104859193e-05,9.173535104859193e-05,1.0,0.0002093618999997,2.5891197902516166e-05,9.173535104859193e-05,9.173535104859193e-05,outside
40,0.00021070459593770002,7.029074783763171e-05,7.012310026243657e-05,7.029074783763172e-05,1.0,0.00021070459593770002,7.029074783763171e-05,7.012310026243657e-05,7.029074783763172e-05,outside
41,0.0002105584457621,7.035641352280861e-05,7.034863909446585e-05,6.985339314482554e-05,1.0,0.0002105584457621,7.035641352280861e-05,7.034863909446585e-05,6.985339314482554e-05,outside
42,0.0002093159308853,6.97771122520216e-05,6.976170638125682e-05,6.97771122520216e-05,1.0,0.0002093159308853,6.97771122520216e-05,6.976170638125682e-05,6.97771122520216e-05,outside
43,0.0002102308390623,7.004296930992484e-05,7.009410272538489e-05,7.009376702699027e-05,1.0,0.0002102308390623,7.004296930992484e-05,7.009410272538489e-05,7.009376702699027e-05,outside
44,0.0002155187823536,7.193102707281861e-05,7.165672820796278e-05,7.193102707281861e-05,1.0,0.0002155187823536,7.193102707281861e-05,7.165672820796278e-05,7.193102707281861e-05,outside
45,0.00025322560537830005,8.445419663724012e-05,8.445788098610795e-05,8.431352775495194e-05,1.0,0.00025322560537830005,8.445419663724012e-05,8.445788098610795e-05,8.431352775495194e-05,outside
46,9.823122355533028e-05,3.288613115655951e-05,3.278437944209754e-05,3.2560712956673245e-05,1.0,9.823122355533028e-05,3.288613115655951e-05,3.278437944209754e-05,3.2560712956673245e-05,outside
47,0.0001060900005597,3.53633335199e-05,3.53633335199e-05,3.536333351990001e-05,1.0,0.0001060900005597,3.53633335199e-05,3.53633335199e-05,3.536333351990001e-05,outside
48,8.768217382472193e-05,2.9227391274907307e-05,2.9227391274907307e-05,2.9227391274907314e-05,1.0,8.768217382472193e-05,2.9227391274907307e-05,2.9227391274907307e-05,2.9227391274907314e-05,outside
49,6.954061419806668e-05,2.3124323983321905e-05,2.2903572267686252e-05,2.351271794705852e-05,1.0,6.954061419806668e-05,2.3124323983321905e-05,2.2903572267686252e-05,2.351271794705852e-05,outside
50,6.323701039045021e-05,2.1259229072008826e-05,2.0932742542345728e-05,2.1045038776095656e-05,1.0,6.323701039045021e-05,2.1259229072008826e-05,2.0932742542345728e-05,2.1045038776095656e-05,outside
51,9.635623081476244e-05,3.211874360492081e-05,3.211874360492081e-05,3.211874360492082e-05,1.0,9.635623081476244e-05,3.211874360492081e-05,3.211874360492081e-05,3.211874360492082e-05,outside
52,0.0001060119307056,3.53373102352e-05,3.53373102352e-05,3.53373102352e-05,1.0,0.0001060119307056,3.53373102352e-05,3.53373102352e-05,3.53373102352e-05,outside
53,0.000106012022714,3.53380533521144e-05,3.533662864617829e-05,3.533734071570732e-05,1.0,0.000106012022714,3.53380533521144e-05,3.533662864617829e-05,3.533734071570732e-05,outside
54,8.625687436274822e-05,2.8826859717026466e-05,2.867820990653523e-05,2.8751804739186523e-05,1.0,8.625687436274822e-05,2.8826859717026466e-05,2.867820990653523e-05,2.8751804739186523e-05,outside
55,6.672757463148402e-05,2.2194521107810546e-05,2.2033236211701878e-05,2.24998173119716e-05,1.0,6.672757463148402e-05,2.2194521107810546e-05,2.2033236211701878e-05,2.24998173119716e-05,outside
56,7.045098697455976e-05,2.382957142666646e-05,2.319183497265005e-05,2.3429580575243245e-05,1.0,7.045098697455976e-05,2.382957142666646e-05,2.319183497265005e-05,2.3429580575243245e-05,outside
57,0.00021344663846270003,7.123961915940526e-05,7.096740014388951e-05,7.123961915940522e-05,1.0,0.00021344663846270003,7.123961915940526e-05,7.096740014388951e-05,7.123961915940522e-05,outside
58,9.742971061110612e-05,3.261635269609167e-05,3.2516167783476665e-05,3.229719013153779e-05,1.0,9.742971061110612e-05,3.261635269609167e-05,3.2516167783476665e-05,3.229719013153779e-05,outside
59,0.000206231970587,6.874905920297523e-05,6.873385218104954e-05,6.874905920297523e-05,1.0,0.000206231970587,6.874905920297523e-05,6.873385218104954e-05,6.874905920297523e-05,outside
60,0.0002364136425386,7.88454302689887e-05,7.884952613363826e-05,7.871868613597304e-05,1.0,0.0002364136425386,7.88454302689887e-05,7.884952613363826e-05,7.871868613597304e-05,outside
61,0.0002103059172335,7.015776040324665e-05,6.999039642700667e-05,7.015776040324669e-05,1.0,0.0002103059172335,7.015776040324665e-05,6.999039642700667e-05,7.015776040324669e-05,outside
62,0.00020672945626570003,6.892598227471729e-05,6.8925064636358e-05,6.887840935462473e-05,1.0,0.00020672945626570003,6.892598227471729e-05,6.8925064636358e-05,6.887840935462473e-05,outside
63,0.0002123101408574,7.116895016424209e-05,6.997224052891584e-05,7.116895016424205e-05,1.0,0.0002123101408574,7.116895016424209e-05,6.997224052891584e-05,7.116895016424205e-05,outside
64,0.00021474798145490004,7.12455220358863e-05,7.17536675968899e-05,7.174879182212384e-05,1.0,0.00021474798145490004,7.12455220358863e-05,7.17536675968899e-05,7.174879182212384e-05,outside
65,0.0002149874360975,7.293908232055261e-05,6.910927145639478e-05,7.293908232055261e-05,1.0,0.0002149874360975,7.293908232055261e-05,6.910927145639478e-05,7.293908232055261e-05,outside
66,0.0002139724754524,9.286516218352786e-05,9.286516218352786e-05,2.824215108534426e-05,1.0,0.0002139724754524,9.286516218352786e-05,9.286516218352786e-05,2.824215108534426e-05,outside
67,0.000214987436101,7.180966838213354e-05,7.136809933673289e-05,7.180966838213356e-05,1.0,0.000214987436101,7.180966838213354e-05,7.136809933673289e-05,7.180966838213356e-05,outside
68,0.0002149874360852,7.04865905064595e-05,7.225042278937025e-05,7.225042278937023e-05,1.0,0.0002149874360852,7.04865905064595e-05,7.225042278937025e-05,7.225042278937023e-05,outside
69,0.0002149874360884,7.16796073006176e-05,7.162822148716483e-05,7.167960730061757e-05,1.0,0.0002149874360884,7.16796073006176e-05,7.162822148716483e-05,7.167960730061757e-05,outside
70,0.0002149874361033,7.17226422279359e-05,7.17226422279359e-05,7.154215164742819e-05,1.0,0.0002149874361033,7.17226422279359e-05,7.17226422279359e-05,7.154215164742819e-05,outside
71,0.0002149874360878,7.169604282490141e-05,7.15953504379972e-05,7.169604282490137e-05,1.0,0.0002149874360878,7.169604282490141e-05,7.15953504379972e-05,7.169604282490137e-05,outside
72,0.0002149874360935,7.165357403237145e-05,7.166693103056428e-05,7.166693103056425e-05,1.0,0.0002149874360935,7.165357403237145e-05,7.166693103056428e-05,7.166693103056425e-05,outside
73,0.0002149874360949,7.190174778210886e-05,7.118394053068231e-05,7.190174778210883e-05,1.0,0.0002149874360949,7.190174778210886e-05,7.118394053068231e-05,7.190174778210883e-05,outside
74,0.00021498743610140003,7.176288477462932e-05,7.176288477462932e-05,7.146166655214139e-05,1.0,0.00021498743610140003,7.176288477462932e-05,7.176288477462932e-05,7.146166655214139e-05,outside
75,0.00021498743609030003,7.336009306262406e-05,6.826724996505193e-05,7.336009306262402e-05,1.0,0.00021498743609030003,7.336009306262406e-05,6.826724996505193e-05,7.336009306262402e-05,outside
76,0.00021498743609770003,7.322126585844201e-05,7.322126585844201e-05,6.854490438081599e-05,1.0,0.00021498743609770003,7.322126585844201e-05,7.322126585844201e-05,6.854490438081599e-05,outside
77,0.0002149874360949,7.190174778210886e-05,7.118394053068231e-05,7.190174778210883e-05,1.0,0.0002149874360949,7.190174778210886e-05,7.118394053068231e-05,7.190174778210883e-05,outside
78,0.0002149874360977,6.854490438081565e-05,7.322126585844219e-05,7.322126585844216e-05,1.0,0.0002149874360977,6.854490438081565e-05,7.322126585844219e-05,7.322126585844216e-05,outside
79,0.0002149874360878,7.169604282490141e-05,7.15953504379972e-05,7.169604282490137e-05,1.0,0.0002149874360878,7.169604282490141e-05,7.15953504379972e-05,7.169604282490137e-05,outside
80,0.00021498743610140003,7.176288477462932e-05,7.176288477462932e-05,7.146166655214139e-05,1.0,0.00021498743610140003,7.176288477462932e-05,7.176288477462932e-05,7.146166655214139e-05,outside
81,0.0002149874360884,7.16796073006176e-05,7.162822148716483e-05,7.167960730061757e-05,1.0,0.0002149874360884,7.16796073006176e-05,7.162822148716483e-05,7.167960730061757e-05,outside
82,0.0002149874360935,7.165357403237145e-05,7.166693103056428e-05,7.166693103056425e-05,1.0,0.0002149874360935,7.165357403237145e-05,7.166693103056428e-05,7.166693103056425e-05,outside
83,0.00021357693793570002,7.133845206838918e-05,7.090003379892164e-05,7.133845206838917e-05,1.0,0.00021357693793570002,7.133845206838918e-05,7.090003379892164e-05,7.133845206838917e-05,outside
84,0.0002130505861548,7.107565240293093e-05,7.107683028888616e-05,7.089810346298292e-05,1.0,0.0002130505861548,7.107565240293093e-05,7.107683028888616e-05,7.089810346298292e-05,outside
85,0.0002075273917644,7.038041761488235e-05,6.676655653463533e-05,7.038041761488233e-05,1.0,0.0002075273917644,7.038041761488235e-05,6.676655653463533e-05,7.038041761488233e-05,outside
86,0.0002098491817887,6.879327379220052e-05,7.050204402991906e-05,7.055386396658042e-05,1.0,0.0002098491817887,6.879327379220052e-05,7.050204402991906e-05,7.055386396658042e-05,outside
87,0.0002072881925435,6.948347588958745e-05,6.832124076432511e-05,6.948347588958742e-05,1.0,0.0002072881925435,6.948347588958745e-05,6.832124076432511e-05,6.948347588958742e-05,outside
88,0.0002061056662375,2.1583771850116942e-05,9.226094719369152e-05,9.226094719369152e-05,1.0,0.0002061056662375,2.1583771850116942e-05,9.226094719369152e-05,9.226094719369152e-05,outside
89,0.0002093786857156,6.984843029942567e-05,6.968182511674867e-05,6.984843029942566e-05,1.0,0.0002093786857156,6.984843029942567e-05,6.968182511674867e-05,6.984843029942566e-05,outside
90,0.0002083432869687,6.961599946192357e-05,6.961095245347555e-05,6.911633505330087e-05,1.0,0.0002083432869687,6.961599946192357e-05,6.961095245347555e-05,6.911633505330087e-05,outside
91,0.0002111286754233,7.038140186467012e-05,7.036587169395974e-05,7.038140186467012e-05,1.0,0.0002111286754233,7.038140186467012e-05,7.036587169395974e-05,7.038140186467012e-05,outside
92,0.0002170292772445,7.230828998803907e-05,7.236071015964167e-05,7.236027709681925e-05,1.0,0.0002170292772445,7.230828998803907e-05,7.236071015964167e-05,7.236027709681925e-05,outside
93,0.0002159531510958,7.207608048484509e-05,7.180099012610986e-05,7.207608048484505e-05,1.0,0.0002159531510958,7.207608048484509e-05,7.180099012610986e-05,7.207608048484505e-05,outside
94,0.0002425530225496,8.089709188162099e-05,8.089448518464213e-05,8.076144548333689e-05,1.0,0.0002425530225496,8.089709188162099e-05,8.089448518464213e-05,8.076144548333689e-05,outside
95,0.0001006206537869,3.33493296985245e-05,3.358258095906767e-05,3.368874312930784e-05,1.0,0.0001006206537869,3.33493296985245e-05,3.358258095906767e-05,3.368874312930784e-05,outside
96,0.0002011364041389,6.709995264387835e-05,6.693763160871306e-05,6.70988198863086e-05,1.0,0.0002011364041389,6.709995264387835e-05,6.693763160871306e-05,6.70988198863086e-05,outside
97,0.0002058856160771,6.90727959340033e-05,6.77784878762657e-05,6.903433226683101e-05,1.0,0.0002058856160771,6.90727959340033e-05,6.77784878762657e-05,6.903433226683101e-05,outside
98,0.0002032604720406,6.744965489800748e-05,6.790599426308485e-05,6.790482287950766e-05,1.0,0.0002032604720406,6.744965489800748e-05,6.790599426308485e-05,6.790482287950766e-05,outside
99,0.00020187668687950003,6.81153138010884e-05,6.564605927732323e-05,6.81153138010884e-05,1.0,0.00020187668687950003,6.81153138010884e-05,6.564605927732323e-05,6.81153138010884e-05,outside
100,0.0002019764386665,6.741446543040713e-05,6.714750780568575e-05,6.74144654304071e-05,1.0,0.0002019764386665,6.741446543040713e-05,6.714750780568575e-05,6.74144654304071e-05,outside
101,0.0002019266371579,6.679204249983563e-05,6.756749238110624e-05,6.756710227695814e-05,1.0,0.0002019266371579,6.679204249983563e-05,6.756749238110624e-05,6.756710227695814e-05,outside
102,0.0002018766868756,6.729693155699206e-05,6.72828237616159e-05,6.729693155699204e-05,1.0,0.0002018766868756,6.729693155699206e-05,6.72828237616159e-05,6.729693155699204e-05,outside
103,0.0002019764386665,6.741446543040713e-05,6.714750780568575e-05,6.74144654304071e-05,1.0,0.0002019764386665,6.741446543040713e-05,6.714750780568575e-05,6.74144654304071e-05,outside
104,0.00020192663715130004,6.724483854394401e-05,6.734092305678368e-05,6.734087555057234e-05,1.0,0.00020192663715130004,6.724483854394401e-05,6.734092305678368e-05,6.734087555057234e-05,outside
105,0.0002082622855303,6.956815623705858e-05,6.91215146958177e-05,6.957261459742373e-05,1.0,0.0002082622855303,6.956815623705858e-05,6.91215146958177e-05,6.957261459742373e-05,outside
106,0.0002045746780134,6.815952734480869e-05,6.820804835024287e-05,6.820710231834842e-05,1.0,0.0002045746780134,6.815952734480869e-05,6.820804835024287e-05,6.820710231834842e-05,outside
107,0.00020908693792,6.958122974591826e-05,6.975364800459416e-05,6.975206016948758e-05,1.0,0.00020908693792,6.958122974591826e-05,6.975364800459416e-05,6.975206016948758e-05,outside
108,0.00020181230880540003,6.727547078326661e-05,6.726136723886676e-05,6.727547078326663e-05,1.0,0.00020181230880540003,6.727547078326661e-05,6.726136723886676e-05,6.727547078326663e-05,outside
109,0.0002019551258217,6.737292148138718e-05,6.720928285892561e-05,6.737292148138721e-05,1.0,0.0002019551258217,6.737292148138718e-05,6.720928285892561e-05,6.737292148138721e-05,outside
110,0.0002018838237269,6.731049495798332e-05,6.73105286267343e-05,6.726280014218239e-05,1.0,0.0002018838237269,6.731049495798332e-05,6.73105286267343e-05,6.726280014218239e-05,outside
111,0.0002017931057178,6.76879728044876e-05,6.64171601088248e-05,6.768797280448759e-05,1.0,0.0002017931057178,6.76879728044876e-05,6.64171601088248e-05,6.768797280448759e-05,outside
112,0.0002036179855223,6.96650483250416e-05,6.436256953630803e-05,6.959036766095037e-05,1.0,0.0002036179855223,6.96650483250416e-05,6.436256953630803e-05,6.959036766095037e-05,outside
113,0.0002023217596754,7.076579035955737e-05,7.076015494546791e-05,6.0795814370374714e-05,1.0,0.0002023217596754,7.076579035955737e-05,7.076015494546791e-05,6.0795814370374714e-05,outside
114,0.00020361255684630002,6.966311061278175e-05,6.432624568172616e-05,6.962320055179209e-05,1.0,0.00020361255684630002,6.966311061278175e-05,6.432624568172616e-05,6.962320055179209e-05,outside
115,0.0002123790018811,7.132714933165951e-05,7.132044789346174e-05,6.973140465597876e-05,1.0,0.0002123790018811,7.132714933165951e-05,7.132044789346174e-05,6.973140465597876e-05,outside
116,0.00020576553995440002,6.873431724373849e-05,6.828976881034763e-05,6.874145390031388e-05,1.0,0.00020576553995440002,6.873431724373849e-05,6.828976881034763e-05,6.874145390031388e-05,outside
117,0.0002073490266154,6.913321118491858e-05,6.908226279541725e-05,6.913355263506415e-05,1.0,0.0002073490266154,6.913321118491858e-05,6.908226279541725e-05,6.913355263506415e-05,outside
118,0.0002449259379287,8.168912264316218e-05,8.155134420265464e-05,8.168547108288315e-05,1.0,0.0002449259379287,8.168912264316218e-05,8.155134420265464e-05,8.168547108288315e-05,outside
119,0.0001914336249778,6.380457083517493e-05,6.381454996725595e-05,6.381450417536912e-05,1.0,0.0001914336249778,6.380457083517493e-05,6.381454996725595e-05,6.381450417536912e-05,outside
120,0.0002314969671799,7.720634038632811e-05,7.708251135631229e-05,7.72081154372596e-05,1.0,0.0002314969671799,7.720634038632811e-05,7.708251135631229e-05,7.72081154372596e-05,outside
121,9.832569921505108e-05,3.274895579640469e-05,3.278811852154775e-05,3.2788624897098644e-05,1.0,9.832569921505108e-05,3.274895579640469e-05,3.278811852154775e-05,3.2788624897098644e-05,outside
122,7.456879758423873e-05,2.485765218998309e-05,2.4802468769616373e-05,2.4908676624639275e-05,1.0,7.456879758423873e-05,2.485765218998309e-05,2.4802468769616373e-05,2.4908676624639275e-05,outside
123,0.0001046720283315,3.4895275026347545e-05,3.493575692310905e-05,3.484099638204341e-05,1.0,0.0001046720283315,3.4895275026347545e-05,3.493575692310905e-05,3.484099638204341e-05,outside
124,0.0002017334285607,6.806684393122848e-05,6.559974069824304e-05,6.806684393122848e-05,1.0,0.0002017334285607,6.806684393122848e-05,6.559974069824304e-05,6.806684393122848e-05,outside
125,0.000201679142586,6.804847688228955e-05,6.55821888214209e-05,6.804847688228955e-05,1.0,0.000201679142586,6.804847688228955e-05,6.55821888214209e-05,6.804847688228955e-05,outside
126,0.0002017063260853,3.5540088901803686e-05,8.302745323769667e-05,8.313878394579962e-05,1.0,0.0002017063260853,3.5540088901803686e-05,8.302745323769667e-05,8.313878394579962e-05,outside
127,0.0002129272552658,7.099269964838667e-05,7.094142041473139e-05,7.099313520268194e-05,1.0,0.0002129272552658,7.099269964838667e-05,7.094142041473139e-05,7.099313520268194e-05,outside
128,0.000205493914075,6.838308075948008e-05,6.855654228308957e-05,6.855429103243034e-05,1.0,0.000205493914075,6.838308075948008e-05,6.855654228308957e-05,6.855429103243034e-05,outside
129,0.00020548976465460003,6.820110596642623e-05,6.864660784264615e-05,6.864205084552763e-05,1.0,0.00020548976465460003,6.820110596642623e-05,6.864660784264615e-05,6.864205084552763e-05,outside
130,0.0002336424113401,7.792181219476366e-05,7.779621767261012e-05,7.792438147272623e-05,1.0,0.0002336424113401,7.792181219476366e-05,7.779621767261012e-05,7.792438147272623e-05,outside
131,8.946686520231341e-05,2.9820478798674417e-05,2.9747380523592838e-05,2.9899005880046158e-05,1.0,8.946686520231341e-05,2.9820478798674417e-05,2.9747380523592838e-05,2.9899005880046158e-05,outside
132,0.0001169690843829,3.89946066889005e-05,3.9020725445960325e-05,3.895375224803918e-05,1.0,0.0001169690843829,3.89946066889005e-05,3.9020725445960325e-05,3.895375224803918e-05,outside
133,9.765862861441931e-05,3.252572295409926e-05,3.256647660692697e-05,3.2566429053393094e-05,1.0,9.765862861441931e-05,3.252572295409926e-05,3.256647660692697e-05,3.2566429053393094e-05,outside
134,4.721985839665536e-05,1.573991716985962e-05,1.573995248809901e-05,1.5739988738696727e-05,1.0,4.721985839665536e-05,1.573991716985962e-05,1.573995248809901e-05,1.5739988738696727e-05,outside
135,7.580439817179719e-05,2.5324349693438364e-05,2.5211476170782078e-05,2.5268572307576746e-05,1.0,7.580439817179719e-05,2.5324349693438364e-05,2.5211476170782078e-05,2.5268572307576746e-05,outside
136,0.0001052401248647,3.503088599062208e-05,3.512303513909115e-05,3.5086203734986776e-05,1.0,0.0001052401248647,3.503088599062208e-05,3.512303513909115e-05,3.5086203734986776e-05,outside
137,5.133727396711839e-05,1.710721896592575e-05,1.711241123817974e-05,1.7117643763012894e-05,0.999999999999,5.1337273967169724e-05,1.7107218965942858e-05,1.7112411238196855e-05,1.711764376303001e-05,outside
138,8.047081332276319e-05,2.6888197555379046e-05,2.676053160848901e-05,2.682208415889514e-05,1.0,8.047081332276319e-05,2.6888197555379046e-05,2.676053160848901e-05,2.682208415889514e-05,outside
139,0.0001106632567052,3.68441153870065e-05,3.692548327848923e-05,3.689365803970428e-05,1.0,0.0001106632567052,3.68441153870065e-05,3.692548327848923e-05,3.689365803970428e-05,outside
140,0.0002019710015869,6.773675526886036e-05,6.648195948952932e-05,6.775228682851032e-05,1.0,0.0002019710015869,6.773675526886036e-05,6.648195948952932e-05,6.775228682851032e-05,outside
141,0.00020201994520330002,6.739454576797347e-05,6.723085366735307e-05,6.739454576797347e-05,1.0,0.00020201994520330002,6.739454576797347e-05,6.723085366735307e-05,6.739454576797347e-05,outside
142,0.0002017619752592,6.740557803783671e-05,6.740440506932595e-05,6.695199215203736e-05,1.0,0.0002017619752592,6.740557803783671e-05,6.740440506932595e-05,6.695199215203736e-05,outside
143,0.00020173342855690004,6.724917563090658e-05,6.723507729508686e-05,6.724917563090658e-05,1.0,0.00020173342855690004,6.724917563090658e-05,6.723507729508686e-05,6.724917563090658e-05,outside
144,0.0002016336767807,6.730005599722791e-05,6.703356478624417e-05,6.730005599722791e-05,1.0,0.0002016336767807,6.730005599722791e-05,6.703356478624417e-05,6.730005599722791e-05,outside
145,0.0002016836270402,6.725989096633942e-05,6.725984344549461e-05,6.716389262836599e-05,1.0,0.0002016836270402,6.725989096633942e-05,6.725984344549461e-05,6.716389262836599e-05,outside
146,0.0002114209959513,7.048967873447137e-05,7.044117909129859e-05,7.049013812553004e-05,1.0,0.0002114209959513,7.048967873447137e-05,7.044117909129859e-05,7.049013812553004e-05,outside
147,0.0002106796578544,7.037988618394731e-05,6.992335658975356e-05,7.03764150806991e-05,1.0,0.0002106796578544,7.037988618394731e-05,6.992335658975356e-05,7.03764150806991e-05,outside
148,0.0002115633084505,7.058004905228127e-05,7.057845398439004e-05,7.04048054138287e-05,1.0,0.0002115633084505,7.058004905228127e-05,7.057845398439004e-05,7.04048054138287e-05,outside
149,0.0002016549896292,6.727279354311727e-05,6.710940254296543e-05,6.727279354311727e-05,1.0,0.0002016549896292,6.727279354311727e-05,6.710940254296543e-05,6.727279354311727e-05,outside
150,0.0002017978066271,6.727063640463327e-05,6.725653381783348e-05,6.727063640463324e-05,1.0,0.0002017978066271,6.727063640463327e-05,6.725653381783348e-05,6.727063640463324e-05,outside
151,0.0002017265045278,6.721036628966405e-05,6.725805227461899e-05,6.725808596351696e-05,1.0,0.0002017265045278,6.721036628966405e-05,6.725805227461899e-05,6.725808596351696e-05,outside
152,0.0002033745761871,6.950541878265659e-05,6.428552577146066e-05,6.958363163298275e-05,1.0,0.0002033745761871,6.950541878265659e-05,6.428552577146066e-05,6.958363163298275e-05,outside
153,0.0002018170234725,6.769600168031313e-05,6.642502011187374e-05,6.769600168031314e-05,1.0,0.0002018170234725,6.769600168031313e-05,6.642502011187374e-05,6.769600168031314e-05,outside
154,0.0002022553454908,6.076968727329672e-05,7.074565008382067e-05,7.074000813368263e-05,1.0,0.0002022553454908,6.076968727329672e-05,7.074565008382067e-05,7.074000813368263e-05,outside
155,0.0001782595607267,5.942297882134498e-05,5.942291036949846e-05,5.941367153585655e-05,1.0,0.0001782595607267,5.942297882134498e-05,5.942291036949846e-05,5.941367153585655e-05,outside
156,0.000178183696485,5.939767703757294e-05,5.93882727671927e-05,5.939774668023435e-05,1.0,0.000178183696485,5.939767703757294e-05,5.93882727671927e-05,5.939774668023435e-05,outside
157,0.00023082545347730002,7.685921560369258e-05,7.698108728415371e-05,7.698515058945372e-05,1.0,0.00023082545347730002,7.685921560369258e-05,7.698108728415371e-05,7.698515058945372e-05,outside
158,9.71927737436341e-05,3.241056512568869e-05,3.24110814845919e-05,3.237112713335352e-05,1.0,9.71927737436341e-05,3.241056512568869e-05,3.24110814845919e-05,3.237112713335352e-05,outside
159,0.00019026407358240004,6.342463249609576e-05,6.342458731497433e-05,6.341485377132993e-05,1.0,0.00019026407358240004,6.342463249609576e-05,6.342458731497433e-05,6.341485377132993e-05,outside
160,0.0001961917326944,5.9526231959004487e-05,6.822386878497369e-05,6.844163195042182e-05,1.0,0.0001961917326944,5.9526231959004487e-05,6.822386878497369e-05,6.844163195042182e-05,outside
161,0.0002043209075628,6.985960989441402e-05,6.986665905872609e-05,6.459463860965989e-05,1.0,0.0002043209075628,6.985960989441402e-05,6.986665905872609e-05,6.459463860965989e-05,outside
162,0.0001975920641688,6.88334055273233e-05,6.90627043876466e-05,5.9695954253830106e-05,1.0,0.0001975920641688,6.88334055273233e-05,6.90627043876466e-05,5.9695954253830106e-05,outside
163,0.0002122579042077,7.12837104644482e-05,6.968372965303313e-05,7.129046409021865e-05,1.0,0.0002122579042077,7.12837104644482e-05,6.968372965303313e-05,7.129046409021865e-05,outside
164,0.0002016336767807,6.730005599722791e-05,6.703356478624416e-05,6.730005599722793e-05,1.0,0.0002016336767807,6.730005599722791e-05,6.703356478624416e-05,6.730005599722793e-05,outside
165,0.0002016836270546,6.748612884228505e-05,6.748573881372443e-05,6.671175939859053e-05,1.0,0.0002016836270546,6.748612884228505e-05,6.748573881372443e-05,6.671175939859053e-05,outside
166,0.0002017231257909,6.72730008767497e-05,6.727308598536563e-05,6.717703892878467e-05,1.0,0.0002017231257909,6.72730008767497e-05,6.727308598536563e-05,6.717703892878467e-05,outside
167,0.00020194842278080003,6.733203303195141e-05,6.733206680478196e-05,6.728432294406663e-05,1.0,0.00020194842278080003,6.733203303195141e-05,6.733206680478196e-05,6.728432294406663e-05,outside
168,0.0002016619061299,6.718884370623486e-05,6.723651431535084e-05,6.723654810831427e-05,1.0,0.0002016619061299,6.718884370623486e-05,6.723651431535084e-05,6.723654810831427e-05,outside
169,0.0002074747933231,6.921697461473584e-05,6.921473913830952e-05,6.904307957005463e-05,1.0,0.0002074747933231,6.921697461473584e-05,6.921473913830952e-05,6.904307957005463e-05,outside
170,0.0002063418251918,6.779702039767644e-05,6.92742101559412e-05,6.927059463818237e-05,1.0,0.0002063418251918,6.779702039767644e-05,6.92742101559412e-05,6.927059463818237e-05,outside
171,0.0002019828328671,6.747892817791476e-05,6.747861451700254e-05,6.702529017218271e-05,1.0,0.0002019828328671,6.747892817791476e-05,6.747861451700254e-05,6.702529017218271e-05,outside
172,0.00020193097285410003,6.813368087199375e-05,6.566361111011249e-05,6.813368087199376e-05,1.0,0.00020193097285410003,6.813368087199375e-05,6.566361111011249e-05,6.813368087199376e-05,outside
173,0.0002019038703786,8.286642131126944e-05,8.296478706231176e-05,3.60726620050188e-05,1.0,0.0002019038703786,8.286642131126944e-05,8.296478706231176e-05,3.60726620050188e-05,outside
174,0.00020195373969820004,6.680105232551534e-05,6.757625479156459e-05,6.75764325811201e-05,1.0,0.00020195373969820004,6.680105232551534e-05,6.757625479156459e-05,6.75764325811201e-05,outside
175,0.0002018207063261,6.697158512199951e-05,6.742471738292098e-05,6.742440382117952e-05,1.0,0.0002018207063261,6.697158512199951e-05,6.742471738292098e-05,6.742440382117952e-05,outside
176,0.00020165644362050002,6.747677150746814e-05,6.747694929410451e-05,6.670272281892734e-05,1.0,0.00020165644362050002,6.747677150746814e-05,6.747694929410451e-05,6.670272281892734e-05,outside
177,0.0002018872556539,6.723173128879995e-05,6.732771965125344e-05,6.732780471384661e-05,1.0,0.0002018872556539,6.723173128879995e-05,6.732771965125344e-05,6.732780471384661e-05,outside
178,0.0002068627316607,6.944969325450439e-05,6.94460732044138e-05,6.796696520178181e-05,1.0,0.0002068627316607,6.944969325450439e-05,6.94460732044138e-05,6.796696520178181e-05,outside
179,9.72297795503564e-05,3.242337994231735e-05,3.242333264900992e-05,3.2383066959029126e-05,1.0,9.72297795503564e-05,3.242337994231735e-05,3.242333264900992e-05,3.2383066959029126e-05,outside
