triangle_id,Vcorrection,V_patch_A,V_patch_B,V_patch_C,scaling_factor,Vcorrection_scal,V_patch_A_scal,V_patch_B_scal,V_patch_C_scal,A_curved_transformed,A_curved,A_flat,A_patch_A,A_patch_B,A_patch_C,A_id,B_id,C_id,type,side
0,0.0057409689281861,0.0018914623359485552,0.00195804425628899,0.0018914623359485546,1.0,0.0057409689281861,0.0018914623359485552,0.00195804425628899,0.0018914623359485546,0.0,,0.1065140587453037,,,,2,51,0,3,outward
1,0.005939917720922901,0.001956017171646957,0.002027883377628987,0.0019560171716469558,1.0,0.005939917720922901,0.001956017171646957,0.002027883377628987,0.0019560171716469558,0.0,,0.1085537075958448,,,,0,53,2,1,outward
2,0.0058529105213382,0.0019300652379010696,0.0019985364555647834,0.0019243088278723475,1.0,0.0058529105213382,0.0019300652379010696,0.0019985364555647834,0.0019243088278723475,0.0,,0.1074454950725483,,,,0,52,20,3,outward
3,0.0118440853129661,0.003844161911802257,0.004191515721944879,0.003808407679218964,1.0,0.0118440853129661,0.003844161911802257,0.004191515721944879,0.003808407679218964,0.0,,0.1169345809601658,,,,20,53,0,3,outward
4,0.0047059583484512,0.0016181544368035399,0.0016192842401151998,0.0014685196715324604,1.0,0.0047059583484512,0.0016181544368035399,0.0016192842401151998,0.0014685196715324604,0.0,,0.09837840176289,,,,51,52,0,3,outward
5,0.0009321010291774,0.00030762934787295355,0.00030957314154750424,0.00031489853975694225,1.0,0.0009321010291774,0.00030762934787295355,0.00030957314154750424,0.00031489853975694225,0.0,0.0260163053189405,0.093523999165114,0.0086721017729801,0.0086721017729801,0.0086721017729801,5,65,1,3,outward
6,0.000983580292793,0.0003322101353726744,0.00032680282967358266,0.0003245673277467431,1.0,0.000983580292793,0.0003322101353726744,0.00032680282967358266,0.0003245673277467431,0.0,0.0265319999387034,0.0956840215502014,0.0088439999795678,0.0088439999795678,0.0088439999795678,1,66,5,3,outward
7,0.0017204498840039002,0.00057655471297738,0.0005673404580491399,0.0005765547129773801,1.0,0.0017204498840039002,0.00057655471297738,0.0005673404580491399,0.0005765547129773801,0.0,0.0327058948764171,0.1061745458854386,0.0109019649588057,0.0109019649588057,0.0109019649588057,1,65,6,1,outward
8,0.0016621451478945,0.0005569088677150213,0.0005483274124644573,0.0005569088677150216,1.0,0.0016621451478945,0.0005569088677150213,0.0005483274124644573,0.0005569088677150216,0.0,0.0315795944838075,0.1023705315017226,0.0105265314946025,0.0105265314946025,0.0105265314946025,19,66,1,1,outward
9,0.0030847717112178,0.001063771418647986,0.0010349342942872616,0.0009860659982825525,1.0,0.0030847717112178,0.001063771418647986,0.0010349342942872616,0.0009860659982825525,0.0,0.1120383958913383,0.1119173582573965,0.0373461319637794,0.0373461319637794,0.0373461319637794,3,24,2,3,outward
10,0.0030847717111852,0.0009860659982721875,0.0010349342942760592,0.0010637714186369535,1.0,0.0030847717111852,0.0009860659982721875,0.0010349342942760592,0.0010637714186369535,0.0,0.1120383958911324,0.1119173582570732,0.0373461319637108,0.0373461319637108,0.0373461319637108,2,25,3,3,outward
11,0.0033543257753868,0.0011256352001117822,0.0011247388307662595,0.0011039517445087584,1.0,0.0033543257753868,0.0011256352001117822,0.0011247388307662595,0.0011039517445087584,0.0,0.0896163020601766,0.100818372420314,0.0298721006867255,0.0298721006867255,0.0298721006867255,24,51,2,3,outward
12,0.0033327596564382,0.0010966611909389338,0.001117815568341715,0.0011182828971575515,1.0,0.0033327596564382,0.0010966611909389338,0.001117815568341715,0.0011182828971575515,0.0,0.0865425078172674,0.1002686223080468,0.0288475026057558,0.0288475026057558,0.0288475026057558,2,53,25,2,outward
13,0.002175770139833,0.0007406626955170464,0.0007264265517384476,0.0007086808925775059,1.0,0.002175770139833,0.0007406626955170464,0.0007264265517384476,0.0007086808925775059,0.0,0.0611301406267607,0.1125785447104844,0.0203767135422535,0.0203767135422535,0.0203767135422535,4,30,3,3,outward
14,0.0021757701402755,0.000708680892720772,0.0007264265518890032,0.0007406626956657248,1.0,0.0021757701402755,0.000708680892720772,0.0007264265518890032,0.0007406626956657248,0.0,0.0611301406306677,0.1125785447210519,0.0203767135435559,0.0203767135435559,0.0203767135435559,3,35,4,3,outward
15,0.0024396738335509,0.0008084056407111962,0.0008357966960278424,0.0007954714968118614,1.0,0.0024396738335509,0.0008084056407111962,0.0008357966960278424,0.0007954714968118614,0.0,0.0624126366045007,0.1076451237060604,0.0208042122015002,0.0208042122015002,0.0208042122015002,3,30,24,3,outward
16,0.0024396738341975,0.0007954714970207915,0.0008357966962532615,0.0008084056409234469,1.0,0.0024396738341975,0.0007954714970207915,0.0008357966962532615,0.0008084056409234469,0.0,0.0624126366186723,0.1076451237241765,0.0208042122062241,0.0208042122062241,0.0208042122062241,25,35,3,3,outward
17,0.0017516236749401,0.000574835099181297,0.0005844568994507983,0.0005923316763080048,1.0,0.0017516236749401,0.000574835099181297,0.0005844568994507983,0.0005923316763080048,0.0,0.0410363137494005,0.113611599092694,0.0136787712498001,0.0136787712498001,0.0136787712498001,4,28,5,3,outward
18,0.0017516236750303002,0.000592331676338349,0.0005844568994811447,0.0005748350992108062,1.0,0.0017516236750303002,0.000592331676338349,0.0005844568994811447,0.0005748350992108062,0.0,0.0410363137496607,0.1136115990936265,0.0136787712498869,0.0136787712498869,0.0136787712498869,5,29,4,3,outward
19,0.0019803372601677,0.0006586095276664202,0.0006495078484939423,0.0006722198840073373,1.0,0.0019803372601677,0.0006586095276664202,0.0006495078484939423,0.0006722198840073373,0.0,0.0445914739371843,0.1138838677249454,0.0148638246457281,0.0148638246457281,0.0148638246457281,4,35,28,3,outward
20,0.0019803372604418,0.0006722198841021124,0.0006495078485814281,0.0006586095277582595,1.0,0.0019803372604418,0.0006722198841021124,0.0006495078485814281,0.0006586095277582595,0.0,0.0445914739455345,0.1138838677354822,0.0148638246485115,0.0148638246485115,0.0148638246485115,29,30,4,3,outward
21,0.0008805062041763001,0.00029074280970656723,0.0002959285746439921,0.0002938348198257407,1.0,0.0008805062041763001,0.00029074280970656723,0.0002959285746439921,0.0002938348198257407,0.0,0.0191382536808515,0.0738516939457007,0.0063794178936171,0.0063794178936171,0.0063794178936171,28,65,5,3,outward
22,0.0009421586375824001,0.000314339465743742,0.0003167929992170479,0.00031102617262161015,1.0,0.0009421586375824001,0.000314339465743742,0.0003167929992170479,0.00031102617262161015,0.0,0.0204398282239075,0.0776520478623111,0.0068132760746358,0.0068132760746358,0.0068132760746358,5,66,29,3,outward
23,0.0019037068813299,0.0006381282247605286,0.0006274504318088426,0.0006381282247605286,1.0,0.0019037068813299,0.0006381282247605286,0.0006274504318088426,0.0006381282247605286,0.0,0.0371410487544792,0.1197413849625684,0.0123803495848264,0.0123803495848264,0.0123803495848264,6,57,7,1,outward
24,0.0009260370057437,0.0003122796953032829,0.0003071924516182463,0.0003065648588221708,1.0,0.0009260370057437,0.0003122796953032829,0.0003071924516182463,0.0003065648588221708,0.0,0.0205335250910426,0.0880634362485141,0.0068445083636808,0.0068445083636808,0.0068445083636808,6,65,57,3,outward
25,0.0024726370973531,0.0008302031610715327,0.0008122307752100347,0.0008302031610715328,1.0,0.0024726370973531,0.0008302031610715327,0.0008122307752100347,0.0008302031610715328,0.0,0.0451489947350684,0.1497436562242151,0.0150496649116894,0.0150496649116894,0.0150496649116894,7,27,8,1,outward
26,0.0016787194690576,0.0005680002969633286,0.0005567027489221105,0.0005540164231721609,1.0,0.0016787194690576,0.0005680002969633286,0.0005567027489221105,0.0005540164231721609,0.0,0.0283695972508156,0.1214025477034119,0.0094565324169385,0.0094565324169385,0.0094565324169385,7,57,27,3,outward
27,0.0034208578688756,0.00115132083039933,0.0011182162080769402,0.00115132083039933,1.0,0.0034208578688756,0.00115132083039933,0.0011182162080769402,0.00115132083039933,0.0,0.0565727139410343,0.1916884080636692,0.0188575713136781,0.0188575713136781,0.0188575713136781,8,49,9,1,outward
28,0.0026760948280404,0.0008865771634862264,0.000880960034379539,0.0009085576301746346,1.0,0.0026760948280404,0.0008865771634862264,0.000880960034379539,0.0009085576301746346,0.0,0.0402288603835473,0.1595209314033061,0.0134096201278491,0.0134096201278491,0.0134096201278491,27,49,8,3,outward
29,0.0023618676926603,0.0007929426650137446,0.0007759823626328104,0.0007929426650137448,1.0,0.0023618676926603,0.0007929426650137446,0.0007759823626328104,0.0007929426650137448,0.0,0.0434819983696827,0.1438596755666374,0.0144939994565609,0.0144939994565609,0.0144939994565609,9,22,10,1,outward
30,0.0022350299198418,0.0007584359558018742,0.0007356573447948002,0.0007409366192451254,1.0,0.0022350299198418,0.0007584359558018742,0.0007356573447948002,0.0007409366192451254,0.0,0.0385911626883627,0.1499322960123348,0.0128637208961209,0.0128637208961209,0.0128637208961209,9,49,22,3,outward
31,0.0033404212243607,0.0011232069516036187,0.0010940073211534627,0.0011232069516036185,1.0,0.0033404212243607,0.0011232069516036187,0.0010940073211534627,0.0011232069516036185,0.0,0.0518540176561661,0.1813096388838821,0.0172846725520553,0.0172846725520553,0.0172846725520553,10,42,11,1,outward
32,0.0035854508638181,0.0011877616587298897,0.0011808188016360088,0.0012168704034522012,1.0,0.0035854508638181,0.0011877616587298897,0.0011808188016360088,0.0012168704034522012,0.0,0.0401016342661716,0.1701900652343013,0.0133672114220572,0.0133672114220572,0.0133672114220572,22,42,10,3,outward
33,0.0018653778189485003,0.0006253468489603466,0.0006146841210278069,0.0006253468489603465,1.0,0.0018653778189485003,0.0006253468489603466,0.0006146841210278069,0.0006253468489603465,0.0,0.0359837215611046,0.1164732911336972,0.0119945738537015,0.0119945738537015,0.0119945738537015,11,60,12,1,outward
34,0.001483599041837,0.00048809596409861536,0.0004929825891974507,0.0005025204885409338,1.0,0.001483599041837,0.00048809596409861536,0.0004929825891974507,0.0005025204885409338,0.0,0.0327966641519011,0.124825168741299,0.010932221383967,0.010932221383967,0.010932221383967,42,60,11,3,outward
35,0.0020961032262067,0.0007033508945492434,0.000689401437108213,0.0007033508945492434,1.0,0.0020961032262067,0.0007033508945492434,0.000689401437108213,0.0007033508945492434,0.0,0.0399435398192067,0.1303097627043941,0.0133145132730689,0.0133145132730689,0.0133145132730689,12,23,13,1,outward
36,0.0011519923174471,0.000388798702725418,0.0003819773169858172,0.0003812162977358648,1.0,0.0011519923174471,0.000388798702725418,0.0003819773169858172,0.0003812162977358648,0.0,0.0236981526678169,0.1008239569090217,0.0078993842226056,0.0078993842226056,0.0078993842226056,12,60,23,3,outward
37,0.0018606028187574,0.0006237371131974077,0.0006131285923625849,0.0006237371131974075,1.0,0.0018606028187574,0.0006237371131974077,0.0006131285923625849,0.0006237371131974075,0.0,0.035901751981415,0.1161835979320235,0.0119672506604716,0.0119672506604716,0.0119672506604716,13,59,14,1,outward
38,0.0012292998514943,0.0004068017659107936,0.0004076284033829159,0.0004148696822005906,1.0,0.0012292998514943,0.0004068017659107936,0.0004076284033829159,0.0004148696822005906,0.0,0.0240210917833768,0.1030505698098696,0.0080070305944589,0.0080070305944589,0.0080070305944589,23,59,13,3,outward
39,0.0030596974392602004,0.0010282568311635533,0.001003183776933093,0.0010282568311635535,1.0,0.0030596974392602004,0.0010282568311635533,0.001003183776933093,0.0010282568311635535,0.0,0.049692534660823,0.1715038562533233,0.0165641782202743,0.0165641782202743,0.0165641782202743,14,48,15,1,outward
40,0.0015521230282145,0.000525418966626162,0.000515531140899455,0.0005111729206888829,1.0,0.0015521230282145,0.000525418966626162,0.000515531140899455,0.0005111729206888829,0.0,0.0317788893742043,0.1244400526534046,0.0105929631247347,0.0105929631247347,0.0105929631247347,14,59,48,3,outward
41,0.0023007040664893,0.0007722761311880149,0.0007561518041132702,0.0007722761311880148,1.0,0.0023007040664893,0.0007722761311880149,0.0007561518041132702,0.0007722761311880148,0.0,0.0425040014636174,0.1404665115108075,0.0141680004878724,0.0141680004878724,0.0141680004878724,15,21,16,1,outward
42,0.0030093987427663,0.001020472656182545,0.0009920580272240994,0.0009968680593596554,1.0,0.0030093987427663,0.001020472656182545,0.0009920580272240994,0.0009968680593596554,0.0,0.0371120305951943,0.1570435197829379,0.0123706768650647,0.0123706768650647,0.0123706768650647,15,48,21,3,outward
43,0.0034196035319575,0.001150905546264982,0.0011177924394275354,0.0011509055462649827,1.0,0.0034196035319575,0.001150905546264982,0.0011177924394275354,0.0011509055462649827,0.0,0.0566229664792226,0.1917585534135221,0.0188743221597408,0.0188743221597408,0.0188743221597408,16,50,17,1,outward
44,0.0023960134715405,0.0007946078560386566,0.0007885623712730024,0.0008128432442288409,1.0,0.0023960134715405,0.0007946078560386566,0.0007885623712730024,0.0008128432442288409,0.0,0.0390427722247021,0.1536463643519614,0.013014257408234,0.013014257408234,0.013014257408234,21,50,16,3,outward
45,0.0023570918306208,0.0007911671140713286,0.0007747576024781429,0.0007911671140713285,1.0,0.0023570918306208,0.0007911671140713286,0.0007747576024781429,0.0007911671140713285,0.0,0.0434760721420746,0.1437317180673308,0.0144920240473582,0.0144920240473582,0.0144920240473582,17,26,18,1,outward
46,0.0028938955078713,0.0009820876114340885,0.0009524375423893655,0.0009593703540478462,1.0,0.0028938955078713,0.0009820876114340885,0.0009524375423893655,0.0009593703540478462,0.0,0.0404809204992435,0.1640184306358463,0.0134936401664145,0.0134936401664145,0.0134936401664145,17,50,26,3,outward
47,0.0018486101368968,0.0006195634867673889,0.0006094831633620219,0.000619563486767389,1.0,0.0018486101368968,0.0006195634867673889,0.0006094831633620219,0.000619563486767389,0.0,0.0363169273173304,0.1166274798407596,0.0121056424391101,0.0121056424391101,0.0121056424391101,18,58,19,1,outward
48,0.0016581535006865,0.000547492463594676,0.0005498942415188281,0.0005607667955729958,1.0,0.0016581535006865,0.000547492463594676,0.0005498942415188281,0.0005607667955729958,0.0,0.0275698871409326,0.1195988546367547,0.0091899623803108,0.0091899623803108,0.0091899623803108,26,58,18,3,outward
49,0.0007251686029999,0.0002401034202395654,0.00024061930284250896,0.00024444587991782565,1.0,0.0007251686029999,0.0002401034202395654,0.00024061930284250896,0.00024444587991782565,0.0,0.0187322594281135,0.07941536511434,0.0062440864760378,0.0062440864760378,0.0062440864760378,58,66,19,3,outward
50,0.0038509442530056002,0.0012257230543878661,0.0013149090814832392,0.0013103121171344947,1.0,0.0038509442530056002,0.0012257230543878661,0.0013149090814832392,0.0013103121171344947,0.0,0.1360423763063792,0.1210200905997614,0.045347458768793,0.045347458768793,0.045347458768793,20,45,43,3,outward
51,0.0028402363753952,0.0009455425787976713,0.00095697900121327,0.0009377147953842586,1.0,0.0028402363753952,0.0009455425787976713,0.00095697900121327,0.0009377147953842586,0.0,0.0994880036108963,0.1019049427226469,0.0331626678702987,0.0331626678702987,0.0331626678702987,43,54,20,3,outward
52,0.0046997801620529,0.0015517987159787568,0.0015777781346296433,0.0015702033114445002,1.0,0.0046997801620529,0.0015517987159787568,0.0015777781346296433,0.0015702033114445002,0.0,0.1221928446400665,0.125528120383999,0.0407309482133554,0.0407309482133554,0.0407309482133554,20,52,45,3,outward
53,0.0059402110445368,0.001923176315767207,0.0020192374232318594,0.001997797305537734,1.0,0.0059402110445368,0.001923176315767207,0.0020192374232318594,0.001997797305537734,0.0,0.1483350899775395,0.130624389296991,0.0494450299925131,0.0494450299925131,0.0494450299925131,20,54,53,3,outward
54,0.0024907739703914,0.0008391651249689009,0.0008342140548519623,0.0008173947905705368,1.0,0.0024907739703914,0.0008391651249689009,0.0008342140548519623,0.0008173947905705368,0.0,0.0505777181742386,0.1272697255524157,0.0168592393914128,0.0168592393914128,0.0168592393914128,21,48,47,3,outward
55,0.0029883657770112,0.0009825573458269218,0.000998071354402587,0.001007737076781691,1.0,0.0029883657770112,0.0009825573458269218,0.000998071354402587,0.001007737076781691,0.0,0.0370933324364906,0.1325711767395684,0.0123644441454968,0.0123644441454968,0.0123644441454968,47,50,21,3,outward
56,0.0027434990159696,0.0009007162379278029,0.0009180929953495977,0.0009246897826921996,1.0,0.0027434990159696,0.0009007162379278029,0.0009180929953495977,0.0009246897826921996,0.0,0.0532631217134655,0.1289987037302774,0.0177543739044885,0.0177543739044885,0.0177543739044885,40,42,22,3,outward
57,0.0028365037065133,0.000956213785660573,0.0009476807877454924,0.0009326091331072344,1.0,0.0028365037065133,0.000956213785660573,0.0009476807877454924,0.0009326091331072344,0.0,0.035233606772383,0.1287932891991169,0.0117445355907943,0.0117445355907943,0.0117445355907943,22,49,40,3,outward
58,0.0011385900553849,0.0003816879889232627,0.00037418382873822056,0.0003827182377234169,1.0,0.0011385900553849,0.0003816879889232627,0.00037418382873822056,0.0003827182377234169,0.0,0.0336986214631757,0.0935992101325935,0.0112328738210585,0.0112328738210585,0.0112328738210585,23,64,59,3,outward
59,0.0011080987441785,0.0003724646793494278,0.00036414656988823494,0.00037148749494083716,1.0,0.0011080987441785,0.0003724646793494278,0.00036414656988823494,0.00037148749494083716,0.0,0.0328908724150857,0.0931122400994876,0.0109636241383619,0.0109636241383619,0.0109636241383619,60,61,23,3,outward
60,0.0016589372674563,0.0005492438356907612,0.0005493555110764237,0.0005603379206891152,1.0,0.0016589372674563,0.0005492438356907612,0.0005493555110764237,0.0005603379206891152,0.0,0.0275373333739372,0.1031812332032646,0.0091791111246457,0.0091791111246457,0.0091791111246457,61,64,23,3,outward
61,0.0022671446055437,0.0007679502143352008,0.0007645908994448876,0.0007346034917636113,1.0,0.0022671446055437,0.0007679502143352008,0.0007645908994448876,0.0007346034917636113,0.0,0.0762360978547455,0.1091276366535013,0.0254120326182485,0.0254120326182485,0.0254120326182485,30,31,24,3,outward
62,0.0030269528036787003,0.0010434378303368385,0.0009919773420015287,0.000991537631340333,1.0,0.0030269528036787003,0.0010434378303368385,0.0009919773420015287,0.000991537631340333,0.0,0.0657475161107564,0.116526743425269,0.0219158387035854,0.0219158387035854,0.0219158387035854,31,32,24,3,outward
63,0.0023806934524536,0.0008091867658690017,0.0007629213792363443,0.0008085853073482537,1.0,0.0023806934524536,0.0008091867658690017,0.0007629213792363443,0.0008085853073482537,0.0,0.1151380514338734,0.0865438011283432,0.0383793504779578,0.0383793504779578,0.0383793504779578,32,51,24,3,outward
64,0.0022671446056854,0.0007346034918086852,0.0007645908994893491,0.0007679502143873655,1.0,0.0022671446056854,0.0007346034918086852,0.0007645908994893491,0.0007679502143873655,0.0,0.0762360978576358,0.109127636660747,0.0254120326192119,0.0254120326192119,0.0254120326192119,25,36,35,3,outward
65,0.0028195351201324,0.0009220572679894723,0.0009291579479813886,0.0009683199041615391,1.0,0.0028195351201324,0.0009220572679894723,0.0009291579479813886,0.0009683199041615391,0.0,0.0577444079393362,0.1113406267155208,0.0192481359797787,0.0192481359797787,0.0192481359797787,25,37,36,3,outward
66,0.0027775341949122,0.0009381399448281387,0.0008893215981414954,0.000950072651942566,1.0,0.0027775341949122,0.0009381399448281387,0.0008893215981414954,0.000950072651942566,0.0,0.1218495734988402,0.0961500132478908,0.0406165244996134,0.0406165244996134,0.0406165244996134,25,53,37,3,outward
67,0.0016898788686514,0.0005641745127949649,0.0005559531464886158,0.0005697512093678194,1.0,0.0016898788686514,0.0005641745127949649,0.0005559531464886158,0.0005697512093678194,0.0,0.040640019311318,0.0980953822158899,0.0135466731037726,0.0135466731037726,0.0135466731037726,50,62,26,3,outward
68,0.0016638875653979,0.0005462602412693494,0.0005601706059230448,0.0005574567182055057,1.0,0.0016638875653979,0.0005462602412693494,0.0005601706059230448,0.0005574567182055057,0.0,0.0419993095895725,0.1140538656394281,0.0139997698631908,0.0139997698631908,0.0139997698631908,56,58,26,3,outward
69,0.0010961654189799,0.0003714542800666546,0.0003621206421423727,0.00036259049677087263,1.0,0.0010961654189799,0.0003714542800666546,0.0003621206421423727,0.00036259049677087263,0.0,0.0290131584531256,0.0901300658790521,0.0096710528177085,0.0096710528177085,0.0096710528177085,26,62,56,3,outward
70,0.0013501524040918,0.00045472132500114264,0.00044461600073873584,0.0004508150783519215,1.0,0.0013501524040918,0.00045472132500114264,0.00044461600073873584,0.0004508150783519215,0.0,0.0359943841410497,0.0855857119314654,0.0119981280470165,0.0119981280470165,0.0119981280470165,27,63,49,3,outward
71,0.0016363208670055,0.0005481308386765884,0.000551127638580163,0.0005370623897487486,1.0,0.0016363208670055,0.0005481308386765884,0.000551127638580163,0.0005370623897487486,0.0,0.0422446129805195,0.1134323059467739,0.0140815376601731,0.0140815376601731,0.0140815376601731,27,57,55,3,outward
72,0.0009873619275895,0.0003263964790060225,0.00032664536069186204,0.0003343200878916154,1.0,0.0009873619275895,0.0003263964790060225,0.00032664536069186204,0.0003343200878916154,0.0,0.0268087934836268,0.0841969869181923,0.0089362644945422,0.0089362644945422,0.0089362644945422,55,63,27,3,outward
73,0.0013399299846507,0.00043843937601226055,0.00044793081071680595,0.00045355979792163363,1.0,0.0013399299846507,0.00043843937601226055,0.00044793081071680595,0.00045355979792163363,0.0,0.0439816234783186,0.0985252201901065,0.0146605411594395,0.0146605411594395,0.0146605411594395,35,55,28,3,outward
74,0.0011997775632346,0.00039481260644019903,0.00040616872357193706,0.00039879623322246384,1.0,0.0011997775632346,0.00039481260644019903,0.00040616872357193706,0.00039879623322246384,0.0,0.0292699665077915,0.0977875219685125,0.0097566555025971,0.0097566555025971,0.0097566555025971,55,57,28,3,outward
75,0.0008183586076295,0.00027400900890169543,0.0002746833827464692,0.0002696662159813354,1.0,0.0008183586076295,0.00027400900890169543,0.0002746833827464692,0.0002696662159813354,0.0,0.0264356214753611,0.0765701693047556,0.0088118738251203,0.0088118738251203,0.0088118738251203,57,65,28,3,outward
76,0.0010974261179879,0.0003712994956131048,0.0003671582849341106,0.0003589683374406844,1.0,0.0010974261179879,0.0003712994956131048,0.0003671582849341106,0.0003589683374406844,0.0,0.0403198347906762,0.0920343667611212,0.0134399449302254,0.0134399449302254,0.0134399449302254,29,56,30,3,outward
77,0.0009667763355628001,0.00032118538440182074,0.00032726559996948753,0.0003183253511914918,1.0,0.0009667763355628001,0.00032118538440182074,0.00032726559996948753,0.0003183253511914918,0.0,0.0273853957562731,0.0899759754832488,0.009128465252091,0.009128465252091,0.009128465252091,29,58,56,3,outward
78,0.0006946735359624,0.00022883202018317514,0.00023322085967176966,0.00023262065610745526,1.0,0.0006946735359624,0.00022883202018317514,0.00023322085967176966,0.00023262065610745526,0.0,0.0248670842295365,0.0739440111815734,0.0082890280765121,0.0082890280765121,0.0082890280765121,29,66,58,3,outward
79,0.0017276346673718002,0.0005709482211980541,0.0005877614431154078,0.0005689250030583383,1.0,0.0017276346673718002,0.0005709482211980541,0.0005877614431154078,0.0005689250030583383,0.0,0.0356003975014021,0.0971527097773676,0.011866799167134,0.011866799167134,0.011866799167134,30,56,31,3,outward
80,0.0020872887112857,0.0007020151200934842,0.0007098844663583387,0.0006753891248338774,1.0,0.0020872887112857,0.0007020151200934842,0.0007098844663583387,0.0006753891248338774,0.0,0.0704294536491943,0.1108010195688012,0.0234764845497314,0.0234764845497314,0.0234764845497314,31,33,32,3,outward
81,0.0012897786507674,0.00042492842024877716,0.00043664656100677186,0.0004282036695118509,1.0,0.0012897786507674,0.00042492842024877716,0.00043664656100677186,0.0004282036695118509,0.0,0.0329805923583141,0.0814355190392082,0.0109935307861047,0.0109935307861047,0.0109935307861047,31,62,33,3,outward
82,0.0009596837090756,0.0003229386037481042,0.0003224222771255525,0.00031432282820194335,1.0,0.0009596837090756,0.0003229386037481042,0.0003224222771255525,0.00031432282820194335,0.0,0.0372579050615738,0.077881808486448,0.0124193016871912,0.0124193016871912,0.0124193016871912,56,62,31,3,outward
83,0.0032752883128938,0.0011211602408524287,0.0010900557127547085,0.001064072359286663,1.0,0.0032752883128938,0.0011211602408524287,0.0010900557127547085,0.001064072359286663,0.0,0.076509324051718,0.1275630642572357,0.0255031080172393,0.0255031080172393,0.0255031080172393,33,34,32,3,outward
84,0.0035270078904431,0.0012237593289072806,0.0011281605746434583,0.0011750879868923612,1.0,0.0035270078904431,0.0012237593289072806,0.0011281605746434583,0.0011750879868923612,0.0,0.1173556145960476,0.1230454443176662,0.0391185381986825,0.0391185381986825,0.0391185381986825,34,52,32,3,outward
85,0.0021327187007494,0.0007350400886653151,0.0006989778715549486,0.0006987007405291363,1.0,0.0021327187007494,0.0007350400886653151,0.0006989778715549486,0.0006987007405291363,0.0,0.088610554229957,0.080439965652675,0.0295368514099856,0.0295368514099856,0.0295368514099856,32,52,51,3,outward
86,0.0025527730646217,0.0008516229616751383,0.0008666117815414993,0.0008345383214050624,1.0,0.0025527730646217,0.0008516229616751383,0.0008666117815414993,0.0008345383214050624,0.0,0.0551586406501878,0.1170216596729284,0.0183862135500626,0.0183862135500626,0.0183862135500626,33,47,34,3,outward
87,0.0034397058710596,0.0011280536763571662,0.0011680153546444819,0.001143636840057952,1.0,0.0034397058710596,0.0011280536763571662,0.0011680153546444819,0.001143636840057952,0.0,0.0615300917814061,0.1354584769764076,0.020510030593802,0.020510030593802,0.020510030593802,33,50,47,3,outward
88,0.0012069410104878,0.0003957481976027449,0.00040213862650604845,0.0004090541863790067,1.0,0.0012069410104878,0.0003957481976027449,0.00040213862650604845,0.0004090541863790067,0.0,0.0368896855096453,0.0961506071274328,0.0122965618365484,0.0122965618365484,0.0122965618365484,33,62,50,3,outward
89,0.0026584507548807,0.0008801118204715848,0.000911692554834502,0.0008666463795746134,1.0,0.0026584507548807,0.0008801118204715848,0.000911692554834502,0.0008666463795746134,0.0,0.062137817802571,0.1180184987749248,0.0207126059341903,0.0207126059341903,0.0207126059341903,34,46,45,3,outward
90,0.0036388701305733,0.0012020893843384028,0.0012087592443204953,0.001228021501914402,1.0,0.0036388701305733,0.0012020893843384028,0.0012087592443204953,0.001228021501914402,0.0,0.1138583653032493,0.1292343533396999,0.0379527884344164,0.0379527884344164,0.0379527884344164,45,52,34,3,outward
91,0.0024435289016698,0.0007973390623544852,0.0008276074128090064,0.0008185824265063085,1.0,0.0024435289016698,0.0007973390623544852,0.0008276074128090064,0.0008185824265063085,0.0,0.0614271441048414,0.116269111138215,0.0204757147016138,0.0204757147016138,0.0204757147016138,34,47,46,3,outward
92,0.0016436491884524,0.0005415040786008117,0.0005586992703363155,0.000543445839515273,1.0,0.0016436491884524,0.0005415040786008117,0.0005586992703363155,0.000543445839515273,0.0,0.0338861403657446,0.0932295528072094,0.0112953801219148,0.0112953801219148,0.0112953801219148,36,55,35,3,outward
93,0.0020359495667776,0.0006615790379092244,0.0006909084641048388,0.0006834620647635369,1.0,0.0020359495667776,0.0006615790379092244,0.0006909084641048388,0.0006834620647635369,0.0,0.0682170773868457,0.1021723941827833,0.0227390257956152,0.0227390257956152,0.0227390257956152,37,38,36,3,outward
94,0.0017310738338684002,0.0005744582733084286,0.0005863995003953924,0.0005702160601645791,1.0,0.0017310738338684002,0.0005744582733084286,0.0005863995003953924,0.0005702160601645791,0.0,0.0359911261127126,0.0935710252431138,0.0119970420375708,0.0119970420375708,0.0119970420375708,38,63,36,3,outward
95,0.00093643204267,0.00030670694991917393,0.0003150110731125196,0.00031471401963830645,1.0,0.00093643204267,0.00030670694991917393,0.0003150110731125196,0.00031471401963830645,0.0,0.0379425776563679,0.078386208121847,0.0126475258854559,0.0126475258854559,0.0126475258854559,36,63,55,3,outward
96,0.0027076158975666,0.0008845481387228559,0.0008982261295531303,0.0009248416292906139,1.0,0.0027076158975666,0.0008845481387228559,0.0008982261295531303,0.0009248416292906139,0.0,0.0613816790499511,0.1123115465553114,0.020460559683317,0.020460559683317,0.020460559683317,37,39,38,3,outward
97,0.0024048227099825,0.0008024060737416426,0.0007811676351763883,0.000821249001064469,1.0,0.0024048227099825,0.0008024060737416426,0.0007811676351763883,0.000821249001064469,0.0,0.0757103465179847,0.0921600882721072,0.0252367821726615,0.0252367821726615,0.0252367821726615,37,54,39,3,outward
98,0.0032023612321904005,0.0010328285932801819,0.0010633712702940274,0.0011061613686161908,1.0,0.0032023612321904005,0.0010328285932801819,0.0010633712702940274,0.0011061613686161908,0.0,0.088863288304491,0.1043972874529751,0.029621096101497,0.029621096101497,0.029621096101497,53,54,37,3,outward
99,0.0021057785507306,0.0006876314704912743,0.0007151547404474559,0.0007029923397918699,1.0,0.0021057785507306,0.0006876314704912743,0.0007151547404474559,0.0007029923397918699,0.0,0.0521871474591607,0.110634434370655,0.0173957158197202,0.0173957158197202,0.0173957158197202,39,40,38,3,outward
100,0.0031074892527779,0.0010328148095493832,0.0010557683888571898,0.0010189060543713269,1.0,0.0031074892527779,0.0010328148095493832,0.0010557683888571898,0.0010189060543713269,0.0,0.0612837362586624,0.1276704341896028,0.0204279120862208,0.0204279120862208,0.0204279120862208,40,49,38,3,outward
101,0.0012049566871508,0.0004081287174619471,0.0004017729874765024,0.0003950549822123506,1.0,0.0012049566871508,0.0004081287174619471,0.0004017729874765024,0.0003950549822123506,0.0,0.0348370887008106,0.0955353277872906,0.0116123629002702,0.0116123629002702,0.0116123629002702,49,63,38,3,outward
102,0.0025109122919441,0.0008190905613917774,0.0008399747698690917,0.000851846960683231,1.0,0.0025109122919441,0.0008190905613917774,0.0008399747698690917,0.000851846960683231,0.0,0.0642591576181869,0.1176795042895206,0.0214197192060623,0.0214197192060623,0.0214197192060623,39,41,40,3,outward
103,0.0028243589670196,0.0009353669847819704,0.0009207952232536053,0.0009681967589840244,1.0,0.0028243589670196,0.0009353669847819704,0.0009207952232536053,0.0009681967589840244,0.0,0.0595234817268495,0.1184005284009979,0.0198411605756165,0.0198411605756165,0.0198411605756165,39,43,41,3,outward
104,0.0023543415395053,0.0008036252949505102,0.0007640372495096936,0.0007866789950450962,1.0,0.0023543415395053,0.0008036252949505102,0.0007640372495096936,0.0007866789950450962,0.0,0.0804877686553857,0.090315086122234,0.0268292562184619,0.0268292562184619,0.0268292562184619,39,54,43,3,outward
105,0.0025544334421609,0.0008381810251454577,0.0008684729206458054,0.0008477794963696369,1.0,0.0025544334421609,0.0008381810251454577,0.0008684729206458054,0.0008477794963696369,0.0,0.0440628043421266,0.1297904557230631,0.0146876014473755,0.0146876014473755,0.0146876014473755,41,42,40,3,outward
106,0.0019880222944469,0.0006511875419100432,0.0006639237841381899,0.0006729109683986668,1.0,0.0019880222944469,0.0006511875419100432,0.0006639237841381899,0.0006729109683986668,0.0,0.0511450095052586,0.1137991182693018,0.0170483365017528,0.0170483365017528,0.0170483365017528,41,61,42,3,outward
107,0.0025310175628575,0.0008207616234531344,0.0008533570899173164,0.0008568988494870494,1.0,0.0025310175628575,0.0008207616234531344,0.0008533570899173164,0.0008568988494870494,0.0,0.0766200349918051,0.117904633834079,0.025540011663935,0.025540011663935,0.025540011663935,43,44,41,3,outward
108,0.0017314011447844,0.000571902218226723,0.0005860134227206168,0.0005734855038370603,1.0,0.0017314011447844,0.000571902218226723,0.0005860134227206168,0.0005734855038370603,0.0,0.03035574039032,0.09476791039455,0.0101185801301066,0.0101185801301066,0.0101185801301066,44,61,41,3,outward
109,0.0017531950491137,0.0005841506778418556,0.0005778304061330063,0.000591213965138838,1.0,0.0017531950491137,0.0005841506778418556,0.0005778304061330063,0.000591213965138838,0.0,0.0283607548803891,0.1043251408043552,0.0094535849601297,0.0094535849601297,0.0094535849601297,42,61,60,3,outward
110,0.003223642954904,0.0010581475020334926,0.001060059359280586,0.0011054360935899214,1.0,0.003223642954904,0.0010581475020334926,0.001060059359280586,0.0011054360935899214,0.0,0.0614479626641504,0.1233370034622779,0.0204826542213834,0.0204826542213834,0.0204826542213834,43,45,44,3,outward
111,0.0029000956740094,0.000940923874957326,0.0009835497439251177,0.0009756220551269564,1.0,0.0029000956740094,0.000940923874957326,0.0009835497439251177,0.0009756220551269564,0.0,0.0793676287728249,0.1254414259278997,0.0264558762576083,0.0264558762576083,0.0264558762576083,45,46,44,3,outward
112,0.001861139858117,0.0006176077498048004,0.0006292918779107015,0.0006142402304014978,1.0,0.001861139858117,0.0006176077498048004,0.0006292918779107015,0.0006142402304014978,0.0,0.0295048915432849,0.095984051503128,0.0098349638477616,0.0098349638477616,0.0098349638477616,46,64,44,3,outward
113,0.0015147663684527003,0.0004965588922095692,0.000509179040296517,0.000509028435946614,1.0,0.0015147663684527003,0.0004965588922095692,0.000509179040296517,0.000509028435946614,0.0,0.0456361784000343,0.0910953562002907,0.0152120594666781,0.0152120594666781,0.0152120594666781,44,64,61,3,outward
114,0.0024709202546288,0.0008190492325877651,0.0008400632176113769,0.000811807804429658,1.0,0.0024709202546288,0.0008190492325877651,0.0008400632176113769,0.000811807804429658,0.0,0.0426008257961443,0.1284611172734221,0.0142002752653814,0.0142002752653814,0.0142002752653814,47,48,46,3,outward
115,0.0025324531374553,0.0008573970406899448,0.0008445507436911632,0.0008305053530741919,1.0,0.0025324531374553,0.0008573970406899448,0.0008445507436911632,0.0008305053530741919,0.0,0.05578641956859,0.1206835994523922,0.01859547318953,0.01859547318953,0.01859547318953,48,64,46,3,outward
116,0.0021733972912453,0.0007323861074797683,0.0007160642937005551,0.0007249468900649767,1.0,0.0021733972912453,0.0007323861074797683,0.0007160642937005551,0.0007249468900649767,0.0,0.027324411649899,0.1113776847479128,0.009108137216633,0.009108137216633,0.009108137216633,59,64,48,3,outward
